100D	1.9	X-RAY DIFFRACTION
101D	2.25	X-RAY DIFFRACTION
102D	2.2	X-RAY DIFFRACTION
103D	\N	SOLUTION NMR
104D	\N	SOLUTION NMR
105D	\N	SOLUTION NMR
106D	\N	SOLUTION NMR
107D	\N	SOLUTION NMR
108D	\N	SOLUTION NMR
109D	2.0	X-RAY DIFFRACTION
10MH	2.55	X-RAY DIFFRACTION
110D	1.9	X-RAY DIFFRACTION
111D	2.25	X-RAY DIFFRACTION
112D	2.5	X-RAY DIFFRACTION
113D	2.5	X-RAY DIFFRACTION
114D	2.5	X-RAY DIFFRACTION
115D	1.7	X-RAY DIFFRACTION
116D	2.5	X-RAY DIFFRACTION
117D	2.55	X-RAY DIFFRACTION
118D	1.64	X-RAY DIFFRACTION
119D	2.25	X-RAY DIFFRACTION
121D	2.2	X-RAY DIFFRACTION
122D	1.7	X-RAY DIFFRACTION
123D	1.7	X-RAY DIFFRACTION
124D	\N	SOLUTION NMR
126D	2.0	X-RAY DIFFRACTION
127D	2.0	X-RAY DIFFRACTION
128D	2.5	X-RAY DIFFRACTION
129D	2.25	X-RAY DIFFRACTION
130D	2.5	X-RAY DIFFRACTION
131D	1.0	X-RAY DIFFRACTION
132D	\N	SOLUTION NMR
133D	1.8	X-RAY DIFFRACTION
134D	\N	SOLUTION NMR
135D	\N	SOLUTION NMR
136D	\N	SOLUTION NMR
137D	1.7	X-RAY DIFFRACTION
138D	1.8	X-RAY DIFFRACTION
139D	\N	SOLUTION NMR
140D	\N	SOLUTION NMR
141D	\N	SOLUTION NMR
142D	\N	SOLUTION NMR
143D	\N	SOLUTION NMR
144D	2.25	X-RAY DIFFRACTION
145D	1.25	X-RAY DIFFRACTION
146D	\N	SOLUTION NMR
148D	\N	SOLUTION NMR
149D	\N	SOLUTION NMR
150D	2.25	X-RAY DIFFRACTION
151D	1.4	X-RAY DIFFRACTION
152D	1.4	X-RAY DIFFRACTION
153D	2.9	X-RAY DIFFRACTION
154D	2.5	X-RAY DIFFRACTION
156D	\N	SOLUTION NMR
157D	1.8	X-RAY DIFFRACTION
158D	1.9	X-RAY DIFFRACTION
159D	1.8	X-RAY DIFFRACTION
160D	1.65	X-RAY DIFFRACTION
161D	1.9	X-RAY DIFFRACTION
165D	1.55	X-RAY DIFFRACTION
166D	2.2	X-RAY DIFFRACTION
167D	2.3	X-RAY DIFFRACTION
168D	2.0	X-RAY DIFFRACTION
169D	\N	SOLUTION NMR
170D	\N	SOLUTION NMR
171D	\N	SOLUTION NMR
172D	3.0	X-RAY DIFFRACTION
173D	3.0	X-RAY DIFFRACTION
175D	\N	SOLUTION NMR
176D	\N	SOLUTION NMR
177D	\N	SOLUTION NMR
178D	2.5	X-RAY DIFFRACTION
179D	\N	SOLUTION NMR
17RA	\N	SOLUTION NMR
180D	2.5	X-RAY DIFFRACTION
181D	1.6	X-RAY DIFFRACTION
182D	1.8	X-RAY DIFFRACTION
183D	1.6	X-RAY DIFFRACTION
184D	1.8	X-RAY DIFFRACTION
185D	\N	SOLUTION NMR
186D	\N	SOLUTION NMR
187D	2.25	X-RAY DIFFRACTION
188D	2.2	X-RAY DIFFRACTION
189D	2.1	X-RAY DIFFRACTION
190D	1.8	X-RAY DIFFRACTION
191D	1.4	X-RAY DIFFRACTION
192D	1.92	X-RAY DIFFRACTION
193D	\N	SOLUTION NMR
194D	2.3	X-RAY DIFFRACTION
195D	2.3	X-RAY DIFFRACTION
196D	1.7	X-RAY DIFFRACTION
197D	2.19	X-RAY DIFFRACTION
198D	1.97	X-RAY DIFFRACTION
199D	\N	SOLUTION NMR
1A02	2.7	X-RAY DIFFRACTION
1A0A	2.8	X-RAY DIFFRACTION
1A1F	2.1	X-RAY DIFFRACTION
1A1G	1.9	X-RAY DIFFRACTION
1A1H	1.6	X-RAY DIFFRACTION
1A1I	1.6	X-RAY DIFFRACTION
1A1J	2.0	X-RAY DIFFRACTION
1A1K	1.9	X-RAY DIFFRACTION
1A1L	2.3	X-RAY DIFFRACTION
1A1T	\N	SOLUTION NMR
1A1V	2.2	X-RAY DIFFRACTION
1A2E	1.63	X-RAY DIFFRACTION
1A31	2.1	X-RAY DIFFRACTION
1A34	1.81	X-RAY DIFFRACTION
1A35	2.5	X-RAY DIFFRACTION
1A36	2.8	X-RAY DIFFRACTION
1A3M	\N	SOLUTION NMR
1A3Q	2.1	X-RAY DIFFRACTION
1A4D	\N	SOLUTION NMR
1A4T	\N	SOLUTION NMR
1A51	\N	SOLUTION NMR
1A60	\N	SOLUTION NMR
1A66	\N	SOLUTION NMR
1A6B	\N	SOLUTION NMR
1A6H	\N	SOLUTION NMR
1A6Y	2.3	X-RAY DIFFRACTION
1A73	1.8	X-RAY DIFFRACTION
1A74	2.2	X-RAY DIFFRACTION
1A83	\N	SOLUTION NMR
1A84	\N	SOLUTION NMR
1A8N	\N	SOLUTION NMR
1A8W	\N	SOLUTION NMR
1A9G	\N	SOLUTION NMR
1A9H	\N	SOLUTION NMR
1A9I	\N	SOLUTION NMR
1A9J	\N	SOLUTION NMR
1A9L	\N	SOLUTION NMR
1A9N	2.38	X-RAY DIFFRACTION
1AAY	1.6	X-RAY DIFFRACTION
1AC3	\N	SOLUTION NMR
1AC7	\N	SOLUTION NMR
1AC9	\N	SOLUTION NMR
1AF1	\N	SOLUTION NMR
1AFF	\N	SOLUTION NMR
1AFX	\N	SOLUTION NMR
1AFZ	\N	SOLUTION NMR
1AG3	\N	SOLUTION NMR
1AG5	\N	SOLUTION NMR
1AGH	\N	SOLUTION NMR
1AGK	\N	SOLUTION NMR
1AGL	2.2	X-RAY DIFFRACTION
1AGO	\N	SOLUTION NMR
1AGU	\N	SOLUTION NMR
1AGZ	\N	SOLUTION NMR
1AHD	\N	SOLUTION NMR
1AIO	2.6	X-RAY DIFFRACTION
1AIS	2.1	X-RAY DIFFRACTION
1AJF	\N	SOLUTION NMR
1AJL	\N	SOLUTION NMR
1AJT	\N	SOLUTION NMR
1AJU	\N	SOLUTION NMR
1AKH	2.5	X-RAY DIFFRACTION
1AKX	\N	SOLUTION NMR
1AL5	\N	SOLUTION NMR
1AL9	\N	SOLUTION NMR
1AM0	\N	SOLUTION NMR
1AM9	2.3	X-RAY DIFFRACTION
1AMD	\N	SOLUTION NMR
1AN2	2.9	X-RAY DIFFRACTION
1AN4	2.9	X-RAY DIFFRACTION
1ANA	2.0	X-RAY DIFFRACTION
1ANR	\N	SOLUTION NMR
1AO1	\N	SOLUTION NMR
1AO9	\N	SOLUTION NMR
1AOI	2.8	X-RAY DIFFRACTION
1AP1	\N	SOLUTION NMR
1APL	2.7	X-RAY DIFFRACTION
1AQ3	2.8	X-RAY DIFFRACTION
1AQ4	3.0	X-RAY DIFFRACTION
1AQO	\N	SOLUTION NMR
1ARJ	\N	SOLUTION NMR
1ASY	2.9	X-RAY DIFFRACTION
1ASZ	3.0	X-RAY DIFFRACTION
1AT4	\N	SOLUTION NMR
1ATO	\N	SOLUTION NMR
1ATV	\N	SOLUTION NMR
1ATW	\N	SOLUTION NMR
1AU5	\N	SOLUTION NMR
1AU6	\N	SOLUTION NMR
1AU7	2.3	X-RAY DIFFRACTION
1AUD	\N	SOLUTION NMR
1AUL	\N	SOLUTION NMR
1AV6	2.8	X-RAY DIFFRACTION
1AW4	\N	SOLUTION NMR
1AWC	2.15	X-RAY DIFFRACTION
1AX6	\N	SOLUTION NMR
1AX7	\N	SOLUTION NMR
1AXL	\N	SOLUTION NMR
1AXO	\N	SOLUTION NMR
1AXP	\N	SOLUTION NMR
1AXU	\N	SOLUTION NMR
1AXV	\N	SOLUTION NMR
1AZ0	2.0	X-RAY DIFFRACTION
1AZP	1.6	X-RAY DIFFRACTION
1AZQ	1.94	X-RAY DIFFRACTION
1B01	2.56	X-RAY DIFFRACTION
1B0S	\N	SOLUTION NMR
1B23	2.6	X-RAY DIFFRACTION
1B2M	2.0	X-RAY DIFFRACTION
1B36	\N	SOLUTION NMR
1B3P	\N	SOLUTION NMR
1B3T	2.2	X-RAY DIFFRACTION
1B4Y	\N	SOLUTION NMR
1B5K	\N	SOLUTION NMR
1B60	\N	SOLUTION NMR
1B69	\N	SOLUTION NMR
1B6X	\N	SOLUTION NMR
1B6Y	\N	SOLUTION NMR
1B72	2.35	X-RAY DIFFRACTION
1B7F	2.6	X-RAY DIFFRACTION
1B8I	2.4	X-RAY DIFFRACTION
1B94	1.9	X-RAY DIFFRACTION
1B95	2.05	X-RAY DIFFRACTION
1B96	2.3	X-RAY DIFFRACTION
1B97	1.9	X-RAY DIFFRACTION
1BAE	\N	SOLUTION NMR
1BAU	\N	SOLUTION NMR
1BBX	\N	SOLUTION NMR
1BC7	2.01	X-RAY DIFFRACTION
1BC8	1.93	X-RAY DIFFRACTION
1BCB	\N	SOLUTION NMR
1BCE	\N	SOLUTION NMR
1BD1	1.6	X-RAY DIFFRACTION
1BDH	2.7	X-RAY DIFFRACTION
1BDI	3.0	X-RAY DIFFRACTION
1BDN	2.6	X-RAY DIFFRACTION
1BDT	2.5	X-RAY DIFFRACTION
1BDV	2.8	X-RAY DIFFRACTION
1BDX	6.0	X-RAY DIFFRACTION
1BDZ	\N	SOLUTION NMR
1BE5	\N	SOLUTION NMR
1BF4	1.6	X-RAY DIFFRACTION
1BF5	2.9	X-RAY DIFFRACTION
1BG1	2.25	X-RAY DIFFRACTION
1BGB	2.0	X-RAY DIFFRACTION
1BGZ	\N	SOLUTION NMR
1BHM	2.2	X-RAY DIFFRACTION
1BHR	\N	SOLUTION NMR
1BIV	\N	SOLUTION NMR
1BJ2	\N	SOLUTION NMR
1BJ6	\N	SOLUTION NMR
1BJD	\N	SOLUTION NMR
1BJH	\N	SOLUTION NMR
1BL0	2.3	X-RAY DIFFRACTION
1BMV	3.0	X-RAY DIFFRACTION
1BN0	\N	SOLUTION NMR
1BN9	\N	SOLUTION NMR
1BNA	1.9	X-RAY DIFFRACTION
1BNK	2.7	X-RAY DIFFRACTION
1BNZ	2.0	X-RAY DIFFRACTION
1BP7	3.0	X-RAY DIFFRACTION
1BP8	\N	SOLUTION NMR
1BPS	\N	SOLUTION NMR
1BPX	2.4	X-RAY DIFFRACTION
1BPY	2.2	X-RAY DIFFRACTION
1BPZ	2.6	X-RAY DIFFRACTION
1BQJ	2.2	X-RAY DIFFRACTION
1BR3	3.0	X-RAY DIFFRACTION
1BRN	1.76	X-RAY DIFFRACTION
1BSS	2.15	X-RAY DIFFRACTION
1BSU	2.0	X-RAY DIFFRACTION
1BUA	2.15	X-RAY DIFFRACTION
1BUB	\N	SOLUTION NMR
1BUF	\N	SOLUTION NMR
1BUT	\N	SOLUTION NMR
1BVJ	\N	SOLUTION NMR
1BVO	2.7	X-RAY DIFFRACTION
1BW7	\N	SOLUTION NMR
1BWG	\N	SOLUTION NMR
1BWT	\N	SOLUTION NMR
1BX5	\N	SOLUTION NMR
1BY4	2.1	X-RAY DIFFRACTION
1BYJ	\N	SOLUTION NMR
1BYX	\N	SOLUTION NMR
1BZ2	\N	SOLUTION NMR
1BZ3	\N	SOLUTION NMR
1BZT	\N	SOLUTION NMR
1BZU	\N	SOLUTION NMR
1C04	5.0	X-RAY DIFFRACTION
1C0A	2.4	X-RAY DIFFRACTION
1C0O	\N	SOLUTION NMR
1C0W	3.2	X-RAY DIFFRACTION
1C0Y	\N	SOLUTION NMR
1C11	\N	SOLUTION NMR
1C2Q	\N	SOLUTION NMR
1C2W	7.5	ELECTRON MICROSCOPY
1C2X	7.5	ELECTRON MICROSCOPY
1C32	\N	SOLUTION NMR
1C34	\N	SOLUTION NMR
1C35	\N	SOLUTION NMR
1C38	\N	SOLUTION NMR
1C4L	\N	SOLUTION NMR
1C7U	\N	SOLUTION NMR
1C7Y	3.1	X-RAY DIFFRACTION
1C8C	1.45	X-RAY DIFFRACTION
1C95	\N	SOLUTION NMR
1C9B	2.65	X-RAY DIFFRACTION
1C9S	1.9	X-RAY DIFFRACTION
1C9Z	2.4	X-RAY DIFFRACTION
1CA5	2.2	X-RAY DIFFRACTION
1CA6	2.2	X-RAY DIFFRACTION
1CBV	2.66	X-RAY DIFFRACTION
1CDW	1.9	X-RAY DIFFRACTION
1CEZ	2.4	X-RAY DIFFRACTION
1CF7	2.6	X-RAY DIFFRACTION
1CFL	\N	SOLUTION NMR
1CGC	2.2	X-RAY DIFFRACTION
1CGM	3.4	FIBER DIFFRACTION
1CGP	3.0	X-RAY DIFFRACTION
1CIT	2.7	X-RAY DIFFRACTION
1CJG	\N	SOLUTION NMR
1CKQ	1.85	X-RAY DIFFRACTION
1CKT	2.5	X-RAY DIFFRACTION
1CL8	1.8	X-RAY DIFFRACTION
1CLQ	2.7	X-RAY DIFFRACTION
1CMA	2.8	X-RAY DIFFRACTION
1CN0	2.2	X-RAY DIFFRACTION
1CO0	\N	SOLUTION NMR
1COC	\N	SOLUTION NMR
1CP8	\N	SOLUTION NMR
1CQ5	\N	SOLUTION NMR
1CQL	\N	SOLUTION NMR
1CQO	\N	SOLUTION NMR
1CQT	3.2	X-RAY DIFFRACTION
1CR3	\N	SOLUTION NMR
1CRX	2.4	X-RAY DIFFRACTION
1CS2	\N	SOLUTION NMR
1CS7	3.2	X-RAY DIFFRACTION
1CSL	1.6	X-RAY DIFFRACTION
1CVJ	2.6	X-RAY DIFFRACTION
1CVX	2.27	X-RAY DIFFRACTION
1CVY	2.15	X-RAY DIFFRACTION
1CW0	2.3	X-RAY DIFFRACTION
1CW9	1.55	X-RAY DIFFRACTION
1CWP	3.2	X-RAY DIFFRACTION
1CX3	\N	SOLUTION NMR
1CX5	\N	SOLUTION NMR
1CYQ	1.93	X-RAY DIFFRACTION
1CYZ	\N	SOLUTION NMR
1CZ0	2.1	X-RAY DIFFRACTION
1D02	1.7	X-RAY DIFFRACTION
1D0E	3.0	X-RAY DIFFRACTION
1D0T	\N	SOLUTION NMR
1D0U	\N	SOLUTION NMR
1D10	1.5	X-RAY DIFFRACTION
1D11	1.18	X-RAY DIFFRACTION
1D12	1.7	X-RAY DIFFRACTION
1D13	2.0	X-RAY DIFFRACTION
1D14	1.5	X-RAY DIFFRACTION
1D15	1.5	X-RAY DIFFRACTION
1D16	2.1	X-RAY DIFFRACTION
1D17	2.0	X-RAY DIFFRACTION
1D18	\N	SOLUTION NMR
1D19	\N	SOLUTION NMR
1D1U	2.3	X-RAY DIFFRACTION
1D20	\N	SOLUTION NMR
1D21	1.7	X-RAY DIFFRACTION
1D22	1.8	X-RAY DIFFRACTION
1D23	1.5	X-RAY DIFFRACTION
1D24	1.9	X-RAY DIFFRACTION
1D26	2.12	X-RAY DIFFRACTION
1D27	2.0	X-RAY DIFFRACTION
1D28	2.7	X-RAY DIFFRACTION
1D29	2.5	X-RAY DIFFRACTION
1D2I	1.7	X-RAY DIFFRACTION
1D30	2.4	X-RAY DIFFRACTION
1D31	2.6	X-RAY DIFFRACTION
1D32	1.7	X-RAY DIFFRACTION
1D33	1.5	X-RAY DIFFRACTION
1D35	1.3	X-RAY DIFFRACTION
1D36	1.5	X-RAY DIFFRACTION
1D37	1.8	X-RAY DIFFRACTION
1D38	1.7	X-RAY DIFFRACTION
1D39	1.2	X-RAY DIFFRACTION
1D3R	1.8	X-RAY DIFFRACTION
1D3U	2.4	X-RAY DIFFRACTION
1D3X	\N	SOLUTION NMR
1D40	1.3	X-RAY DIFFRACTION
1D41	1.3	X-RAY DIFFRACTION
1D42	\N	SOLUTION NMR
1D43	2.0	X-RAY DIFFRACTION
1D44	2.0	X-RAY DIFFRACTION
1D45	1.9	X-RAY DIFFRACTION
1D46	2.0	X-RAY DIFFRACTION
1D48	1.0	X-RAY DIFFRACTION
1D49	1.5	X-RAY DIFFRACTION
1D4R	2.0	X-RAY DIFFRACTION
1D53	1.5	X-RAY DIFFRACTION
1D54	1.4	X-RAY DIFFRACTION
1D56	1.7	X-RAY DIFFRACTION
1D57	2.0	X-RAY DIFFRACTION
1D58	1.7	X-RAY DIFFRACTION
1D59	2.3	X-RAY DIFFRACTION
1D5Y	2.7	X-RAY DIFFRACTION
1D60	2.2	X-RAY DIFFRACTION
1D61	1.3	X-RAY DIFFRACTION
1D62	2.0	X-RAY DIFFRACTION
1D63	2.0	X-RAY DIFFRACTION
1D64	2.1	X-RAY DIFFRACTION
1D65	2.2	X-RAY DIFFRACTION
1D66	2.7	X-RAY DIFFRACTION
1D67	1.6	X-RAY DIFFRACTION
1D68	\N	SOLUTION NMR
1D69	\N	SOLUTION NMR
1D6D	\N	SOLUTION NMR
1D6K	\N	SOLUTION NMR
1D70	\N	SOLUTION NMR
1D75	2.8	X-RAY DIFFRACTION
1D76	1.3	X-RAY DIFFRACTION
1D77	2.4	X-RAY DIFFRACTION
1D78	1.4	X-RAY DIFFRACTION
1D79	1.45	X-RAY DIFFRACTION
1D7Z	2.21	X-RAY DIFFRACTION
1D80	2.2	X-RAY DIFFRACTION
1D81	2.5	X-RAY DIFFRACTION
1D82	2.5	X-RAY DIFFRACTION
1D83	\N	SOLUTION NMR
1D85	2.5	X-RAY DIFFRACTION
1D86	2.2	X-RAY DIFFRACTION
1D87	2.25	X-RAY DIFFRACTION
1D88	2.0	X-RAY DIFFRACTION
1D89	2.3	X-RAY DIFFRACTION
1D8G	0.74	X-RAY DIFFRACTION
1D8X	1.2	X-RAY DIFFRACTION
1D8Y	2.08	X-RAY DIFFRACTION
1D90	1.7	X-RAY DIFFRACTION
1D91	2.1	X-RAY DIFFRACTION
1D92	2.25	X-RAY DIFFRACTION
1D93	2.15	X-RAY DIFFRACTION
1D96	2.0	X-RAY DIFFRACTION
1D97	2.17	X-RAY DIFFRACTION
1D98	2.5	X-RAY DIFFRACTION
1D99	2.5	X-RAY DIFFRACTION
1D9D	2.18	X-RAY DIFFRACTION
1D9F	3.0	X-RAY DIFFRACTION
1D9H	1.6	X-RAY DIFFRACTION
1D9R	1.5	X-RAY DIFFRACTION
1DA0	1.5	X-RAY DIFFRACTION
1DA1	2.25	X-RAY DIFFRACTION
1DA2	1.7	X-RAY DIFFRACTION
1DA3	2.0	X-RAY DIFFRACTION
1DA4	\N	SOLUTION NMR
1DA5	\N	SOLUTION NMR
1DA9	1.7	X-RAY DIFFRACTION
1DAU	\N	SOLUTION NMR
1DB6	\N	SOLUTION NMR
1DC0	1.3	X-RAY DIFFRACTION
1DC1	1.7	X-RAY DIFFRACTION
1DCG	1.0	X-RAY DIFFRACTION
1DCR	1.6	X-RAY DIFFRACTION
1DCT	2.8	X-RAY DIFFRACTION
1DCV	2.5	X-RAY DIFFRACTION
1DCW	2.1	X-RAY DIFFRACTION
1DDL	2.7	X-RAY DIFFRACTION
1DDN	3.0	X-RAY DIFFRACTION
1DDP	\N	SOLUTION NMR
1DDY	3.0	X-RAY DIFFRACTION
1DE8	2.95	X-RAY DIFFRACTION
1DE9	3.0	X-RAY DIFFRACTION
1DEW	2.65	X-RAY DIFFRACTION
1DFM	1.5	X-RAY DIFFRACTION
1DFU	1.8	X-RAY DIFFRACTION
1DGC	3.0	X-RAY DIFFRACTION
1DGO	\N	SOLUTION NMR
1DH3	3.0	X-RAY DIFFRACTION
1DHH	\N	SOLUTION NMR
1DI2	1.9	X-RAY DIFFRACTION
1DIZ	2.5	X-RAY DIFFRACTION
1DJ6	1.0	X-RAY DIFFRACTION
1DJD	\N	SOLUTION NMR
1DK1	2.8	X-RAY DIFFRACTION
1DK6	\N	SOLUTION NMR
1DK9	\N	SOLUTION NMR
1DL4	\N	SOLUTION NMR
1DL8	1.55	X-RAY DIFFRACTION
1DMU	2.2	X-RAY DIFFRACTION
1DN4	1.6	X-RAY DIFFRACTION
1DN5	1.4	X-RAY DIFFRACTION
1DN6	3.0	X-RAY DIFFRACTION
1DN8	1.5	X-RAY DIFFRACTION
1DN9	2.2	X-RAY DIFFRACTION
1DNE	2.4	X-RAY DIFFRACTION
1DNF	1.5	X-RAY DIFFRACTION
1DNH	2.25	X-RAY DIFFRACTION
1DNK	2.3	X-RAY DIFFRACTION
1DNM	2.5	X-RAY DIFFRACTION
1DNO	1.4	X-RAY DIFFRACTION
1DNS	2.0	X-RAY DIFFRACTION
1DNT	1.7	X-RAY DIFFRACTION
1DNX	1.7	X-RAY DIFFRACTION
1DNZ	1.6	X-RAY DIFFRACTION
1DOU	1.82	X-RAY DIFFRACTION
1DP7	1.5	X-RAY DIFFRACTION
1DPL	0.83	X-RAY DIFFRACTION
1DPN	0.95	X-RAY DIFFRACTION
1DQF	2.2	X-RAY DIFFRACTION
1DQH	1.7	X-RAY DIFFRACTION
1DRG	2.55	X-RAY DIFFRACTION
1DRN	\N	SOLUTION NMR
1DRR	\N	SOLUTION NMR
1DRZ	2.3	X-RAY DIFFRACTION
1DSA	\N	SOLUTION NMR
1DSC	\N	SOLUTION NMR
1DSD	\N	SOLUTION NMR
1DSI	\N	SOLUTION NMR
1DSM	\N	SOLUTION NMR
1DSZ	1.7	X-RAY DIFFRACTION
1DU0	2.0	X-RAY DIFFRACTION
1DUF	\N	SOLUTION NMR
1DUH	2.7	X-RAY DIFFRACTION
1DUL	1.8	X-RAY DIFFRACTION
1DUQ	2.1	X-RAY DIFFRACTION
1DUX	2.1	X-RAY DIFFRACTION
1DV4	4.5	X-RAY DIFFRACTION
1DVL	2.4	X-RAY DIFFRACTION
1DXA	\N	SOLUTION NMR
1DXN	\N	SOLUTION NMR
1DZ5	\N	SOLUTION NMR
1E3M	2.2	X-RAY DIFFRACTION
1E3O	1.9	X-RAY DIFFRACTION
1E4P	\N	SOLUTION NMR
1E7K	2.9	X-RAY DIFFRACTION
1E8O	3.2	X-RAY DIFFRACTION
1E8S	4.0	X-RAY DIFFRACTION
1E95	\N	SOLUTION NMR
1EA4	2.95	X-RAY DIFFRACTION
1EBM	2.1	X-RAY DIFFRACTION
1EBQ	\N	SOLUTION NMR
1EBR	\N	SOLUTION NMR
1EBS	\N	SOLUTION NMR
1EC4	\N	SOLUTION NMR
1EC6	2.4	X-RAY DIFFRACTION
1ECR	2.7	X-RAY DIFFRACTION
1ECU	\N	SOLUTION NMR
1EDR	1.6	X-RAY DIFFRACTION
1EEG	\N	SOLUTION NMR
1EEK	\N	SOLUTION NMR
1EEL	2.4	X-RAY DIFFRACTION
1EFA	2.6	X-RAY DIFFRACTION
1EFO	2.3	X-RAY DIFFRACTION
1EFS	\N	SOLUTION NMR
1EFW	3.0	X-RAY DIFFRACTION
1EG0	11.5	ELECTRON MICROSCOPY
1EG6	2.0	X-RAY DIFFRACTION
1EGK	3.1	X-RAY DIFFRACTION
1EGW	1.5	X-RAY DIFFRACTION
1EHL	2.4	X-RAY DIFFRACTION
1EHT	\N	SOLUTION NMR
1EHV	1.8	X-RAY DIFFRACTION
1EHZ	1.93	X-RAY DIFFRACTION
1EI2	\N	SOLUTION NMR
1EI4	1.43	X-RAY DIFFRACTION
1EIY	3.3	X-RAY DIFFRACTION
1EJ9	2.6	X-RAY DIFFRACTION
1EJZ	\N	SOLUTION NMR
1EKA	\N	SOLUTION NMR
1EKD	\N	SOLUTION NMR
1EKH	\N	SOLUTION NMR
1EKI	\N	SOLUTION NMR
1EKW	\N	SOLUTION NMR
1EKZ	\N	SOLUTION NMR
1EL2	\N	SOLUTION NMR
1ELH	\N	SOLUTION NMR
1ELN	\N	SOLUTION NMR
1EM0	0.9	X-RAY DIFFRACTION
1EMH	1.8	X-RAY DIFFRACTION
1EMI	7.5	X-RAY DIFFRACTION
1EMJ	2.0	X-RAY DIFFRACTION
1EMQ	\N	SOLUTION NMR
1EN1	\N	SOLUTION NMR
1EN3	0.985	X-RAY DIFFRACTION
1EN8	0.985	X-RAY DIFFRACTION
1EN9	0.985	X-RAY DIFFRACTION
1ENE	0.985	X-RAY DIFFRACTION
1ENN	0.89	X-RAY DIFFRACTION
1EO3	2.0	X-RAY DIFFRACTION
1EO4	1.9	X-RAY DIFFRACTION
1EON	1.6	X-RAY DIFFRACTION
1EOO	2.16	X-RAY DIFFRACTION
1EOP	2.6	X-RAY DIFFRACTION
1EQQ	3.2	X-RAY DIFFRACTION
1EQZ	2.5	X-RAY DIFFRACTION
1ERI	2.5	X-RAY DIFFRACTION
1ESG	1.9	X-RAY DIFFRACTION
1ESH	\N	SOLUTION NMR
1ESS	\N	SOLUTION NMR
1ESY	\N	SOLUTION NMR
1ET4	2.3	X-RAY DIFFRACTION
1ETF	\N	SOLUTION NMR
1ETG	\N	SOLUTION NMR
1EU2	\N	SOLUTION NMR
1EU6	\N	SOLUTION NMR
1EUQ	3.1	X-RAY DIFFRACTION
1EUY	2.6	X-RAY DIFFRACTION
1EVM	\N	SOLUTION NMR
1EVN	\N	SOLUTION NMR
1EVO	\N	SOLUTION NMR
1EVP	1.8	X-RAY DIFFRACTION
1EVV	2.0	X-RAY DIFFRACTION
1EVW	3.1	X-RAY DIFFRACTION
1EW1	\N	SOLUTION NMR
1EWN	2.1	X-RAY DIFFRACTION
1EWQ	2.2	X-RAY DIFFRACTION
1EXD	2.7	X-RAY DIFFRACTION
1EXI	3.12	X-RAY DIFFRACTION
1EXJ	3.0	X-RAY DIFFRACTION
1EXL	\N	SOLUTION NMR
1EXY	\N	SOLUTION NMR
1EYG	2.8	X-RAY DIFFRACTION
1EYU	1.78	X-RAY DIFFRACTION
1EZN	\N	SOLUTION NMR
1F0O	2.5	X-RAY DIFFRACTION
1F0V	1.7	X-RAY DIFFRACTION
1F1T	2.8	X-RAY DIFFRACTION
1F27	1.3	X-RAY DIFFRACTION
1F2I	2.35	X-RAY DIFFRACTION
1F3S	\N	SOLUTION NMR
1F44	2.05	X-RAY DIFFRACTION
1F4K	2.5	X-RAY DIFFRACTION
1F4R	2.4	X-RAY DIFFRACTION
1F4S	\N	SOLUTION NMR
1F5E	\N	SOLUTION NMR
1F5G	\N	SOLUTION NMR
1F5H	\N	SOLUTION NMR
1F5T	3.0	X-RAY DIFFRACTION
1F5U	\N	SOLUTION NMR
1F66	2.6	X-RAY DIFFRACTION
1F69	2.6	X-RAY DIFFRACTION
1F6C	2.7	X-RAY DIFFRACTION
1F6E	2.0	X-RAY DIFFRACTION
1F6I	2.2	X-RAY DIFFRACTION
1F6J	2.25	X-RAY DIFFRACTION
1F6O	2.4	X-RAY DIFFRACTION
1F6U	\N	SOLUTION NMR
1F6X	\N	SOLUTION NMR
1F6Z	\N	SOLUTION NMR
1F78	\N	SOLUTION NMR
1F79	\N	SOLUTION NMR
1F7F	\N	SOLUTION NMR
1F7G	\N	SOLUTION NMR
1F7H	\N	SOLUTION NMR
1F7I	\N	SOLUTION NMR
1F7U	2.2	X-RAY DIFFRACTION
1F7V	2.9	X-RAY DIFFRACTION
1F7Y	2.8	X-RAY DIFFRACTION
1F84	\N	SOLUTION NMR
1F85	\N	SOLUTION NMR
1F8V	3.0	X-RAY DIFFRACTION
1F9L	\N	SOLUTION NMR
1FC8	\N	SOLUTION NMR
1FCW	17.0	ELECTRON MICROSCOPY
1FD5	1.1	X-RAY DIFFRACTION
1FDG	1.6	X-RAY DIFFRACTION
1FEQ	\N	SOLUTION NMR
1FEU	2.3	X-RAY DIFFRACTION
1FFK	2.4	X-RAY DIFFRACTION
1FFY	2.2	X-RAY DIFFRACTION
1FFZ	3.2	X-RAY DIFFRACTION
1FG0	3.0	X-RAY DIFFRACTION
1FHK	\N	SOLUTION NMR
1FHY	2.2	X-RAY DIFFRACTION
1FHZ	2.2	X-RAY DIFFRACTION
1FIR	3.3	X-RAY DIFFRACTION
1FIU	1.6	X-RAY DIFFRACTION
1FIX	2.3	X-RAY DIFFRACTION
1FJ5	\N	SOLUTION NMR
1FJA	\N	SOLUTION NMR
1FJB	\N	SOLUTION NMR
1FJE	\N	SOLUTION NMR
1FJG	3.0	X-RAY DIFFRACTION
1FJL	2.0	X-RAY DIFFRACTION
1FJX	2.26	X-RAY DIFFRACTION
1FKA	3.3	X-RAY DIFFRACTION
1FKY	\N	SOLUTION NMR
1FKZ	\N	SOLUTION NMR
1FL8	\N	SOLUTION NMR
1FLO	2.65	X-RAY DIFFRACTION
1FMN	\N	SOLUTION NMR
1FMQ	2.0	X-RAY DIFFRACTION
1FMS	1.9	X-RAY DIFFRACTION
1FN1	1.6	X-RAY DIFFRACTION
1FN2	1.6	X-RAY DIFFRACTION
1FN7	2.6	X-RAY DIFFRACTION
1FNX	\N	SOLUTION NMR
1FOK	2.8	X-RAY DIFFRACTION
1FOQ	20.0	ELECTRON MICROSCOPY
1FOS	3.05	X-RAY DIFFRACTION
1FQ2	1.2	X-RAY DIFFRACTION
1FQP	\N	SOLUTION NMR
1FQZ	\N	SOLUTION NMR
1FTD	2.0	X-RAY DIFFRACTION
1FUF	1.7	X-RAY DIFFRACTION
1FV7	\N	SOLUTION NMR
1FV8	\N	SOLUTION NMR
1FW6	2.7	X-RAY DIFFRACTION
1FXL	1.8	X-RAY DIFFRACTION
1FYI	\N	SOLUTION NMR
1FYK	2.5	X-RAY DIFFRACTION
1FYL	2.1	X-RAY DIFFRACTION
1FYM	2.2	X-RAY DIFFRACTION
1FYO	\N	SOLUTION NMR
1FYP	\N	SOLUTION NMR
1FYY	\N	SOLUTION NMR
1FZL	\N	SOLUTION NMR
1FZS	\N	SOLUTION NMR
1FZX	\N	SOLUTION NMR
1G00	2.3	X-RAY DIFFRACTION
1G14	\N	SOLUTION NMR
1G1N	\N	SOLUTION NMR
1G1X	2.6	X-RAY DIFFRACTION
1G22	\N	SOLUTION NMR
1G2D	2.2	X-RAY DIFFRACTION
1G2E	2.3	X-RAY DIFFRACTION
1G2F	2.0	X-RAY DIFFRACTION
1G2J	1.97	X-RAY DIFFRACTION
1G38	2.0	X-RAY DIFFRACTION
1G3A	\N	SOLUTION NMR
1G3V	3.1	X-RAY DIFFRACTION
1G3X	2.7	X-RAY DIFFRACTION
1G4D	\N	SOLUTION NMR
1G4Q	1.15	X-RAY DIFFRACTION
1G59	2.4	X-RAY DIFFRACTION
1G5D	\N	SOLUTION NMR
1G5E	\N	SOLUTION NMR
1G5K	\N	SOLUTION NMR
1G5L	\N	SOLUTION NMR
1G6D	2.9	X-RAY DIFFRACTION
1G70	\N	SOLUTION NMR
1G75	1.57	X-RAY DIFFRACTION
1G7Z	\N	SOLUTION NMR
1G80	\N	SOLUTION NMR
1G8N	1.55	X-RAY DIFFRACTION
1G8U	1.85	X-RAY DIFFRACTION
1G8V	1.8	X-RAY DIFFRACTION
1G9Y	2.05	X-RAY DIFFRACTION
1G9Z	1.8	X-RAY DIFFRACTION
1GA5	2.4	X-RAY DIFFRACTION
1GAT	\N	SOLUTION NMR
1GAU	\N	SOLUTION NMR
1GAX	2.9	X-RAY DIFFRACTION
1GCC	\N	SOLUTION NMR
1GD2	2.0	X-RAY DIFFRACTION
1GDT	3.0	X-RAY DIFFRACTION
1GID	2.5	X-RAY DIFFRACTION
1GIP	\N	SOLUTION NMR
1GIZ	\N	SOLUTION NMR
1GJ0	\N	SOLUTION NMR
1GJ1	\N	SOLUTION NMR
1GJ2	\N	SOLUTION NMR
1GJI	2.85	X-RAY DIFFRACTION
1GLU	2.9	X-RAY DIFFRACTION
1GM5	3.24	X-RAY DIFFRACTION
1GN7	\N	SOLUTION NMR
1GQU	2.5	X-RAY DIFFRACTION
1GRZ	5.0	X-RAY DIFFRACTION
1GSG	2.8	X-RAY DIFFRACTION
1GT0	2.6	X-RAY DIFFRACTION
1GTC	\N	SOLUTION NMR
1GTF	1.75	X-RAY DIFFRACTION
1GTN	2.5	X-RAY DIFFRACTION
1GTR	2.5	X-RAY DIFFRACTION
1GTS	2.8	X-RAY DIFFRACTION
1GTW	1.85	X-RAY DIFFRACTION
1GU4	1.8	X-RAY DIFFRACTION
1GU5	2.1	X-RAY DIFFRACTION
1GUC	\N	SOLUTION NMR
1GV6	\N	SOLUTION NMR
1GXP	2.5	X-RAY DIFFRACTION
1H0M	3.0	X-RAY DIFFRACTION
1H0Q	\N	SOLUTION NMR
1H1K	10.0	X-RAY DIFFRACTION
1H2C	1.6	X-RAY DIFFRACTION
1H2D	2.6	X-RAY DIFFRACTION
1H38	2.9	X-RAY DIFFRACTION
1H3E	2.9	X-RAY DIFFRACTION
1H4Q	3.0	X-RAY DIFFRACTION
1H4S	2.85	X-RAY DIFFRACTION
1H6F	1.7	X-RAY DIFFRACTION
1H88	2.8	X-RAY DIFFRACTION
1H89	2.45	X-RAY DIFFRACTION
1H8A	2.23	X-RAY DIFFRACTION
1H9D	2.6	X-RAY DIFFRACTION
1H9T	3.25	X-RAY DIFFRACTION
1HAO	2.8	X-RAY DIFFRACTION
1HAP	2.8	X-RAY DIFFRACTION
1HBX	3.15	X-RAY DIFFRACTION
1HC8	2.8	X-RAY DIFFRACTION
1HCQ	2.4	X-RAY DIFFRACTION
1HCR	2.3	X-RAY DIFFRACTION
1HDD	2.8	X-RAY DIFFRACTION
1HF0	2.7	X-RAY DIFFRACTION
1HG9	\N	SOLUTION NMR
1HHT	2.9	X-RAY DIFFRACTION
1HHW	\N	SOLUTION NMR
1HHX	\N	SOLUTION NMR
1HI0	3.0	X-RAY DIFFRACTION
1HJB	3.0	X-RAY DIFFRACTION
1HJC	2.65	X-RAY DIFFRACTION
1HJI	\N	SOLUTION NMR
1HLO	2.8	X-RAY DIFFRACTION
1HLV	2.5	X-RAY DIFFRACTION
1HLX	\N	SOLUTION NMR
1HLZ	2.8	X-RAY DIFFRACTION
1HM1	\N	SOLUTION NMR
1HMH	2.6	X-RAY DIFFRACTION
1HNW	3.4	X-RAY DIFFRACTION
1HNX	3.4	X-RAY DIFFRACTION
1HNZ	3.3	X-RAY DIFFRACTION
1HO6	\N	SOLUTION NMR
1HOQ	\N	SOLUTION NMR
1HQ1	1.52	X-RAY DIFFRACTION
1HQ7	2.1	X-RAY DIFFRACTION
1HR0	3.2	X-RAY DIFFRACTION
1HR2	2.25	X-RAY DIFFRACTION
1HRY	\N	SOLUTION NMR
1HRZ	\N	SOLUTION NMR
1HS1	\N	SOLUTION NMR
1HS2	\N	SOLUTION NMR
1HS3	\N	SOLUTION NMR
1HS4	\N	SOLUTION NMR
1HS8	\N	SOLUTION NMR
1HT4	\N	SOLUTION NMR
1HT7	\N	SOLUTION NMR
1HU0	2.35	X-RAY DIFFRACTION
1HUO	2.6	X-RAY DIFFRACTION
1HUT	2.9	X-RAY DIFFRACTION
1HUZ	2.6	X-RAY DIFFRACTION
1HVN	\N	SOLUTION NMR
1HVO	\N	SOLUTION NMR
1HVU	4.75	X-RAY DIFFRACTION
1HW2	3.25	X-RAY DIFFRACTION
1HWQ	\N	SOLUTION NMR
1HWT	2.5	X-RAY DIFFRACTION
1HWV	\N	SOLUTION NMR
1HX4	\N	SOLUTION NMR
1HYS	3.0	X-RAY DIFFRACTION
1HZ0	\N	SOLUTION NMR
1HZ2	\N	SOLUTION NMR
1HZS	1.82	X-RAY DIFFRACTION
1I0F	1.6	X-RAY DIFFRACTION
1I0G	1.45	X-RAY DIFFRACTION
1I0J	1.06	X-RAY DIFFRACTION
1I0K	1.05	X-RAY DIFFRACTION
1I0M	1.05	X-RAY DIFFRACTION
1I0N	1.3	X-RAY DIFFRACTION
1I0O	2.0	X-RAY DIFFRACTION
1I0P	1.3	X-RAY DIFFRACTION
1I0Q	1.3	X-RAY DIFFRACTION
1I0T	0.6	X-RAY DIFFRACTION
1I1P	1.63	X-RAY DIFFRACTION
1I2X	2.4	X-RAY DIFFRACTION
1I2Y	1.66	X-RAY DIFFRACTION
1I34	\N	SOLUTION NMR
1I3J	2.2	X-RAY DIFFRACTION
1I3T	1.6	X-RAY DIFFRACTION
1I3W	1.7	X-RAY DIFFRACTION
1I3X	\N	SOLUTION NMR
1I3Y	\N	SOLUTION NMR
1I46	\N	SOLUTION NMR
1I47	2.1	X-RAY DIFFRACTION
1I4B	\N	SOLUTION NMR
1I4C	\N	SOLUTION NMR
1I5L	2.75	X-RAY DIFFRACTION
1I5V	\N	SOLUTION NMR
1I5W	1.4	X-RAY DIFFRACTION
1I6H	3.3	X-RAY DIFFRACTION
1I6J	2.0	X-RAY DIFFRACTION
1I6U	2.6	X-RAY DIFFRACTION
1I7D	2.05	X-RAY DIFFRACTION
1I7J	1.19	X-RAY DIFFRACTION
1I7V	\N	SOLUTION NMR
1I8M	2.1	X-RAY DIFFRACTION
1I94	3.2	X-RAY DIFFRACTION
1I95	4.5	X-RAY DIFFRACTION
1I96	4.2	X-RAY DIFFRACTION
1I97	4.5	X-RAY DIFFRACTION
1I9F	\N	SOLUTION NMR
1I9K	\N	SOLUTION NMR
1I9V	2.6	X-RAY DIFFRACTION
1I9X	2.18	X-RAY DIFFRACTION
1IAW	2.4	X-RAY DIFFRACTION
1IBK	3.31	X-RAY DIFFRACTION
1IBL	3.11	X-RAY DIFFRACTION
1IBM	3.31	X-RAY DIFFRACTION
1IC8	2.6	X-RAY DIFFRACTION
1ICG	1.53	X-RAY DIFFRACTION
1ICK	0.95	X-RAY DIFFRACTION
1ID3	3.1	X-RAY DIFFRACTION
1ID9	1.6	X-RAY DIFFRACTION
1IDV	\N	SOLUTION NMR
1IDW	1.8	X-RAY DIFFRACTION
1IDX	\N	SOLUTION NMR
1IE1	\N	SOLUTION NMR
1IE2	\N	SOLUTION NMR
1IEK	\N	SOLUTION NMR
1IEY	\N	SOLUTION NMR
1IF1	3.0	X-RAY DIFFRACTION
1IG4	\N	SOLUTION NMR
1IG7	2.2	X-RAY DIFFRACTION
1IG9	2.6	X-RAY DIFFRACTION
1IGN	2.25	X-RAY DIFFRACTION
1IH1	2.0	X-RAY DIFFRACTION
1IH2	2.8	X-RAY DIFFRACTION
1IH3	2.4	X-RAY DIFFRACTION
1IH4	1.9	X-RAY DIFFRACTION
1IH6	1.45	X-RAY DIFFRACTION
1IHA	1.6	X-RAY DIFFRACTION
1IHF	2.5	X-RAY DIFFRACTION
1IHH	2.4	X-RAY DIFFRACTION
1II1	\N	SOLUTION NMR
1IJS	3.25	X-RAY DIFFRACTION
1IJW	2.4	X-RAY DIFFRACTION
1IK1	\N	SOLUTION NMR
1IK5	1.8	X-RAY DIFFRACTION
1IKD	\N	SOLUTION NMR
1IKK	1.6	X-RAY DIFFRACTION
1IL2	2.6	X-RAY DIFFRACTION
1ILC	2.2	X-RAY DIFFRACTION
1IMH	2.86	X-RAY DIFFRACTION
1IMR	1.6	X-RAY DIFFRACTION
1IMS	1.5	X-RAY DIFFRACTION
1IO4	3.0	X-RAY DIFFRACTION
1IPP	2.2	X-RAY DIFFRACTION
1IR5	\N	SOLUTION NMR
1IU3	3.0	X-RAY DIFFRACTION
1IV6	\N	SOLUTION NMR
1IVS	2.9	X-RAY DIFFRACTION
1IXJ	2.5	X-RAY DIFFRACTION
1IXY	2.5	X-RAY DIFFRACTION
1J1U	1.95	X-RAY DIFFRACTION
1J1V	2.1	X-RAY DIFFRACTION
1J2B	3.3	X-RAY DIFFRACTION
1J3E	2.5	X-RAY DIFFRACTION
1J46	\N	SOLUTION NMR
1J47	\N	SOLUTION NMR
1J4W	\N	SOLUTION NMR
1J4Y	\N	SOLUTION NMR
1J59	2.5	X-RAY DIFFRACTION
1J5A	3.5	X-RAY DIFFRACTION
1J5E	3.05	X-RAY DIFFRACTION
1J5K	\N	SOLUTION NMR
1J5N	\N	SOLUTION NMR
1J5O	3.5	X-RAY DIFFRACTION
1J6S	1.4	X-RAY DIFFRACTION
1J75	1.85	X-RAY DIFFRACTION
1J7T	2.5	X-RAY DIFFRACTION
1J8G	0.61	X-RAY DIFFRACTION
1J8L	1.6	X-RAY DIFFRACTION
1J9H	1.4	X-RAY DIFFRACTION
1J9N	\N	SOLUTION NMR
1JB7	1.86	X-RAY DIFFRACTION
1JB8	2.38	X-RAY DIFFRACTION
1JBR	2.15	X-RAY DIFFRACTION
1JBS	1.97	X-RAY DIFFRACTION
1JBT	2.7	X-RAY DIFFRACTION
1JDG	\N	SOLUTION NMR
1JE8	2.12	X-RAY DIFFRACTION
1JES	1.5	X-RAY DIFFRACTION
1JEY	2.5	X-RAY DIFFRACTION
1JFI	2.62	X-RAY DIFFRACTION
1JFS	2.9	X-RAY DIFFRACTION
1JFT	2.5	X-RAY DIFFRACTION
1JGG	2.0	X-RAY DIFFRACTION
1JGO	5.6	X-RAY DIFFRACTION
1JGP	7.0	X-RAY DIFFRACTION
1JGQ	5.0	X-RAY DIFFRACTION
1JGR	1.2	X-RAY DIFFRACTION
1JH9	2.55	X-RAY DIFFRACTION
1JHI	\N	SOLUTION NMR
1JID	1.8	X-RAY DIFFRACTION
1JJ2	2.4	X-RAY DIFFRACTION
1JJ4	2.4	X-RAY DIFFRACTION
1JJ6	2.3	X-RAY DIFFRACTION
1JJ8	2.75	X-RAY DIFFRACTION
1JJP	\N	SOLUTION NMR
1JK1	1.9	X-RAY DIFFRACTION
1JK2	1.65	X-RAY DIFFRACTION
1JKO	2.24	X-RAY DIFFRACTION
1JKP	2.8	X-RAY DIFFRACTION
1JKQ	2.86	X-RAY DIFFRACTION
1JKR	2.28	X-RAY DIFFRACTION
1JMC	2.4	X-RAY DIFFRACTION
1JNM	2.2	X-RAY DIFFRACTION
1JO1	\N	SOLUTION NMR
1JO2	1.5	X-RAY DIFFRACTION
1JO7	\N	SOLUTION NMR
1JOX	\N	SOLUTION NMR
1JP0	\N	SOLUTION NMR
1JPQ	1.6	X-RAY DIFFRACTION
1JRN	2.0	X-RAY DIFFRACTION
1JRV	\N	SOLUTION NMR
1JRW	\N	SOLUTION NMR
1JS5	\N	SOLUTION NMR
1JS7	\N	SOLUTION NMR
1JT0	2.9	X-RAY DIFFRACTION
1JTJ	\N	SOLUTION NMR
1JTL	1.85	X-RAY DIFFRACTION
1JTW	\N	SOLUTION NMR
1JU0	\N	SOLUTION NMR
1JU1	\N	SOLUTION NMR
1JU7	\N	SOLUTION NMR
1JUA	\N	SOLUTION NMR
1JUC	2.35	X-RAY DIFFRACTION
1JUR	\N	SOLUTION NMR
1JUU	\N	SOLUTION NMR
1JUX	1.6	X-RAY DIFFRACTION
1JVC	\N	SOLUTION NMR
1JVE	\N	SOLUTION NMR
1JWC	\N	SOLUTION NMR
1JWL	4.0	X-RAY DIFFRACTION
1JX4	1.7	X-RAY DIFFRACTION
1JXL	2.1	X-RAY DIFFRACTION
1JZC	\N	SOLUTION NMR
1JZV	1.7	X-RAY DIFFRACTION
1JZX	3.1	X-RAY DIFFRACTION
1JZY	3.5	X-RAY DIFFRACTION
1JZZ	3.8	X-RAY DIFFRACTION
1K01	3.5	X-RAY DIFFRACTION
1K1G	\N	SOLUTION NMR
1K1H	\N	SOLUTION NMR
1K1R	\N	SOLUTION NMR
1K29	\N	SOLUTION NMR
1K2G	\N	SOLUTION NMR
1K2J	\N	SOLUTION NMR
1K2K	\N	SOLUTION NMR
1K2L	2.4	X-RAY DIFFRACTION
1K2Z	2.38	X-RAY DIFFRACTION
1K3W	1.42	X-RAY DIFFRACTION
1K3X	1.25	X-RAY DIFFRACTION
1K4A	\N	SOLUTION NMR
1K4B	\N	SOLUTION NMR
1K4S	3.2	X-RAY DIFFRACTION
1K4T	2.1	X-RAY DIFFRACTION
1K4X	\N	SOLUTION NMR
1K5E	\N	SOLUTION NMR
1K5F	\N	SOLUTION NMR
1K5I	\N	SOLUTION NMR
1K61	2.1	X-RAY DIFFRACTION
1K6G	\N	SOLUTION NMR
1K6H	\N	SOLUTION NMR
1K6O	3.19	X-RAY DIFFRACTION
1K73	3.01	X-RAY DIFFRACTION
1K78	2.25	X-RAY DIFFRACTION
1K79	2.4	X-RAY DIFFRACTION
1K7A	2.8	X-RAY DIFFRACTION
1K82	2.1	X-RAY DIFFRACTION
1K8A	3.0	X-RAY DIFFRACTION
1K8G	2.6	X-RAY DIFFRACTION
1K8J	\N	SOLUTION NMR
1K8L	\N	SOLUTION NMR
1K8N	\N	SOLUTION NMR
1K8P	2.4	X-RAY DIFFRACTION
1K8S	\N	SOLUTION NMR
1K8W	1.85	X-RAY DIFFRACTION
1K9G	1.4	X-RAY DIFFRACTION
1K9H	\N	SOLUTION NMR
1K9L	\N	SOLUTION NMR
1K9M	3.0	X-RAY DIFFRACTION
1K9W	3.1	X-RAY DIFFRACTION
1KAJ	\N	SOLUTION NMR
1KB1	\N	SOLUTION NMR
1KB2	2.7	X-RAY DIFFRACTION
1KB4	2.8	X-RAY DIFFRACTION
1KB6	2.7	X-RAY DIFFRACTION
1KBD	\N	SOLUTION NMR
1KBM	\N	SOLUTION NMR
1KBU	2.2	X-RAY DIFFRACTION
1KC6	2.6	X-RAY DIFFRACTION
1KC8	3.01	X-RAY DIFFRACTION
1KCI	1.8	X-RAY DIFFRACTION
1KD1	3.0	X-RAY DIFFRACTION
1KD3	1.8	X-RAY DIFFRACTION
1KD4	1.85	X-RAY DIFFRACTION
1KD5	1.58	X-RAY DIFFRACTION
1KDH	3.0	X-RAY DIFFRACTION
1KEG	2.4	X-RAY DIFFRACTION
1KF1	2.1	X-RAY DIFFRACTION
1KFO	1.6	X-RAY DIFFRACTION
1KFS	2.1	X-RAY DIFFRACTION
1KFV	2.55	X-RAY DIFFRACTION
1KGK	1.0	X-RAY DIFFRACTION
1KH6	2.9	X-RAY DIFFRACTION
1KIS	\N	SOLUTION NMR
1KIX	2.7	X-RAY DIFFRACTION
1KKA	\N	SOLUTION NMR
1KKS	\N	SOLUTION NMR
1KKV	\N	SOLUTION NMR
1KKW	\N	SOLUTION NMR
1KLN	3.2	X-RAY DIFFRACTION
1KNZ	2.45	X-RAY DIFFRACTION
1KOC	\N	SOLUTION NMR
1KOD	\N	SOLUTION NMR
1KOG	3.5	X-RAY DIFFRACTION
1KOS	\N	SOLUTION NMR
1KP7	\N	SOLUTION NMR
1KPD	\N	SOLUTION NMR
1KPY	\N	SOLUTION NMR
1KPZ	\N	SOLUTION NMR
1KQ2	2.71	X-RAY DIFFRACTION
1KQQ	\N	SOLUTION NMR
1KQS	3.1	X-RAY DIFFRACTION
1KR8	\N	SOLUTION NMR
1KRP	2.2	X-RAY DIFFRACTION
1KSB	\N	SOLUTION NMR
1KSE	\N	SOLUTION NMR
1KSP	2.3	X-RAY DIFFRACTION
1KSX	3.2	X-RAY DIFFRACTION
1KSY	3.05	X-RAY DIFFRACTION
1KU7	2.4	X-RAY DIFFRACTION
1KUQ	2.84	X-RAY DIFFRACTION
1KVH	\N	SOLUTION NMR
1KX3	2.0	X-RAY DIFFRACTION
1KX4	2.6	X-RAY DIFFRACTION
1KX5	1.94	X-RAY DIFFRACTION
1KXK	3.0	X-RAY DIFFRACTION
1KXS	\N	SOLUTION NMR
1L0R	\N	SOLUTION NMR
1L1C	\N	SOLUTION NMR
1L1H	1.75	X-RAY DIFFRACTION
1L1M	\N	SOLUTION NMR
1L1T	1.8	X-RAY DIFFRACTION
1L1V	\N	SOLUTION NMR
1L1W	\N	SOLUTION NMR
1L1Z	1.7	X-RAY DIFFRACTION
1L2B	2.4	X-RAY DIFFRACTION
1L2C	2.2	X-RAY DIFFRACTION
1L2D	2.0	X-RAY DIFFRACTION
1L2X	1.25	X-RAY DIFFRACTION
1L3D	2.85	X-RAY DIFFRACTION
1L3L	1.66	X-RAY DIFFRACTION
1L3M	\N	SOLUTION NMR
1L3S	1.7	X-RAY DIFFRACTION
1L3T	1.7	X-RAY DIFFRACTION
1L3U	1.8	X-RAY DIFFRACTION
1L3V	1.71	X-RAY DIFFRACTION
1L3Z	2.01	X-RAY DIFFRACTION
1L4J	1.85	X-RAY DIFFRACTION
1L5U	1.95	X-RAY DIFFRACTION
1L6B	1.5	X-RAY DIFFRACTION
1L8V	2.8	X-RAY DIFFRACTION
1L9A	2.9	X-RAY DIFFRACTION
1L9Z	6.5	X-RAY DIFFRACTION
1LA8	\N	SOLUTION NMR
1LAE	\N	SOLUTION NMR
1LAI	\N	SOLUTION NMR
1LAJ	3.4	X-RAY DIFFRACTION
1LAQ	\N	SOLUTION NMR
1LAS	\N	SOLUTION NMR
1LAT	1.9	X-RAY DIFFRACTION
1LAU	1.8	X-RAY DIFFRACTION
1LB2	3.1	X-RAY DIFFRACTION
1LBG	4.8	X-RAY DIFFRACTION
1LC4	2.54	X-RAY DIFFRACTION
1LC6	\N	SOLUTION NMR
1LCC	\N	SOLUTION NMR
1LCD	\N	SOLUTION NMR
1LDZ	\N	SOLUTION NMR
1LE5	2.75	X-RAY DIFFRACTION
1LE8	2.3	X-RAY DIFFRACTION
1LE9	3.0	X-RAY DIFFRACTION
1LEI	2.7	X-RAY DIFFRACTION
1LEJ	\N	SOLUTION NMR
1LEX	2.25	X-RAY DIFFRACTION
1LEY	2.25	X-RAY DIFFRACTION
1LFU	\N	SOLUTION NMR
1LJX	1.64	X-RAY DIFFRACTION
1LLI	2.1	X-RAY DIFFRACTION
1LLM	1.5	X-RAY DIFFRACTION
1LMB	1.8	X-RAY DIFFRACTION
1LMV	\N	SOLUTION NMR
1LNG	2.3	X-RAY DIFFRACTION
1LNT	1.7	X-RAY DIFFRACTION
1LO1	\N	SOLUTION NMR
1LP7	2.4	X-RAY DIFFRACTION
1LPQ	3.14	X-RAY DIFFRACTION
1LPW	\N	SOLUTION NMR
1LQ1	2.3	X-RAY DIFFRACTION
1LRR	2.65	X-RAY DIFFRACTION
1LS2	16.8	ELECTRON MICROSCOPY
1LU3	16.8	ELECTRON MICROSCOPY
1LU5	2.4	X-RAY DIFFRACTION
1LUH	\N	SOLUTION NMR
1LUU	\N	SOLUTION NMR
1LUX	\N	SOLUTION NMR
1LV5	1.95	X-RAY DIFFRACTION
1LVJ	\N	SOLUTION NMR
1LVS	\N	SOLUTION NMR
1LWA	\N	SOLUTION NMR
1LWS	3.5	X-RAY DIFFRACTION
1LWT	3.2	X-RAY DIFFRACTION
1LWV	2.3	X-RAY DIFFRACTION
1LWW	2.1	X-RAY DIFFRACTION
1LWY	2.01	X-RAY DIFFRACTION
1M06	3.5	X-RAY DIFFRACTION
1M07	1.8	X-RAY DIFFRACTION
1M0E	2.5	X-RAY DIFFRACTION
1M18	2.45	X-RAY DIFFRACTION
1M19	2.3	X-RAY DIFFRACTION
1M1A	2.65	X-RAY DIFFRACTION
1M1K	3.2	X-RAY DIFFRACTION
1M3H	2.05	X-RAY DIFFRACTION
1M3Q	1.9	X-RAY DIFFRACTION
1M5K	2.4	X-RAY DIFFRACTION
1M5L	\N	SOLUTION NMR
1M5O	2.2	X-RAY DIFFRACTION
1M5P	2.6	X-RAY DIFFRACTION
1M5R	1.8	X-RAY DIFFRACTION
1M5V	2.4	X-RAY DIFFRACTION
1M5X	2.25	X-RAY DIFFRACTION
1M69	1.1	X-RAY DIFFRACTION
1M6A	\N	SOLUTION NMR
1M6F	1.78	X-RAY DIFFRACTION
1M6G	1.652	X-RAY DIFFRACTION
1M6R	1.54	X-RAY DIFFRACTION
1M6X	2.8	X-RAY DIFFRACTION
1M77	1.25	X-RAY DIFFRACTION
1M82	\N	SOLUTION NMR
1M8V	2.6	X-RAY DIFFRACTION
1M8W	2.2	X-RAY DIFFRACTION
1M8X	2.2	X-RAY DIFFRACTION
1M8Y	2.6	X-RAY DIFFRACTION
1M90	2.8	X-RAY DIFFRACTION
1MA7	2.3	X-RAY DIFFRACTION
1MA8	1.3	X-RAY DIFFRACTION
1MDG	1.5	X-RAY DIFFRACTION
1MDM	2.8	X-RAY DIFFRACTION
1MDY	2.8	X-RAY DIFFRACTION
1ME0	\N	SOLUTION NMR
1ME1	\N	SOLUTION NMR
1MEY	2.2	X-RAY DIFFRACTION
1MF5	1.1	X-RAY DIFFRACTION
1MFJ	\N	SOLUTION NMR
1MFK	\N	SOLUTION NMR
1MFQ	3.1	X-RAY DIFFRACTION
1MFY	\N	SOLUTION NMR
1MHD	2.8	X-RAY DIFFRACTION
1MHK	2.5	X-RAY DIFFRACTION
1MHT	2.6	X-RAY DIFFRACTION
1MIS	\N	SOLUTION NMR
1MJ1	13.0	ELECTRON MICROSCOPY
1MJ2	2.4	X-RAY DIFFRACTION
1MJE	3.5	X-RAY DIFFRACTION
1MJI	2.5	X-RAY DIFFRACTION
1MJM	2.2	X-RAY DIFFRACTION
1MJO	2.1	X-RAY DIFFRACTION
1MJP	3.4	X-RAY DIFFRACTION
1MJQ	2.4	X-RAY DIFFRACTION
1MK6	\N	SOLUTION NMR
1MKL	\N	SOLUTION NMR
1ML5	14.0	ELECTRON MICROSCOPY
1MLX	1.25	X-RAY DIFFRACTION
1MM8	2.8	X-RAY DIFFRACTION
1MME	3.1	X-RAY DIFFRACTION
1MMS	2.57	X-RAY DIFFRACTION
1MNB	\N	SOLUTION NMR
1MNM	2.25	X-RAY DIFFRACTION
1MNN	1.4	X-RAY DIFFRACTION
1MNV	2.6	X-RAY DIFFRACTION
1MNX	\N	SOLUTION NMR
1MOW	2.4	X-RAY DIFFRACTION
1MP7	\N	SOLUTION NMR
1MQ2	3.1	X-RAY DIFFRACTION
1MQ3	2.8	X-RAY DIFFRACTION
1MSE	\N	SOLUTION NMR
1MSF	\N	SOLUTION NMR
1MSW	2.1	X-RAY DIFFRACTION
1MSY	1.41	X-RAY DIFFRACTION
1MT4	\N	SOLUTION NMR
1MTG	\N	SOLUTION NMR
1MTL	2.8	X-RAY DIFFRACTION
1MUH	2.3	X-RAY DIFFRACTION
1MUS	1.9	X-RAY DIFFRACTION
1MUV	\N	SOLUTION NMR
1MV1	\N	SOLUTION NMR
1MV2	\N	SOLUTION NMR
1MV6	\N	SOLUTION NMR
1MVM	3.5	X-RAY DIFFRACTION
1MVR	12.8	ELECTRON MICROSCOPY
1MW8	1.9	X-RAY DIFFRACTION
1MWG	\N	SOLUTION NMR
1MWI	2.35	X-RAY DIFFRACTION
1MWJ	2.85	X-RAY DIFFRACTION
1MWL	2.4	X-RAY DIFFRACTION
1MXJ	\N	SOLUTION NMR
1MXK	\N	SOLUTION NMR
1MY9	\N	SOLUTION NMR
1MYQ	\N	SOLUTION NMR
1MZP	2.65	X-RAY DIFFRACTION
1N0K	\N	SOLUTION NMR
1N0O	\N	SOLUTION NMR
1N14	\N	SOLUTION NMR
1N17	\N	SOLUTION NMR
1N1H	2.8	X-RAY DIFFRACTION
1N1K	\N	SOLUTION NMR
1N1N	\N	SOLUTION NMR
1N1O	1.2	X-RAY DIFFRACTION
1N2W	\N	SOLUTION NMR
1N32	3.0	X-RAY DIFFRACTION
1N33	3.35	X-RAY DIFFRACTION
1N34	3.8	X-RAY DIFFRACTION
1N35	2.5	X-RAY DIFFRACTION
1N36	3.65	X-RAY DIFFRACTION
1N37	\N	SOLUTION NMR
1N38	2.8	X-RAY DIFFRACTION
1N39	2.2	X-RAY DIFFRACTION
1N3A	2.2	X-RAY DIFFRACTION
1N3C	2.7	X-RAY DIFFRACTION
1N3E	2.5	X-RAY DIFFRACTION
1N3F	2.0	X-RAY DIFFRACTION
1N48	2.2	X-RAY DIFFRACTION
1N4B	\N	SOLUTION NMR
1N4E	2.5	X-RAY DIFFRACTION
1N4L	2.0	X-RAY DIFFRACTION
1N53	\N	SOLUTION NMR
1N56	2.4	X-RAY DIFFRACTION
1N5C	1.79	X-RAY DIFFRACTION
1N5Y	3.1	X-RAY DIFFRACTION
1N66	\N	SOLUTION NMR
1N6J	2.2	X-RAY DIFFRACTION
1N6Q	3.0	X-RAY DIFFRACTION
1N77	2.4	X-RAY DIFFRACTION
1N78	2.1	X-RAY DIFFRACTION
1N7A	1.2	X-RAY DIFFRACTION
1N7B	1.4	X-RAY DIFFRACTION
1N8C	\N	SOLUTION NMR
1N8R	3.0	X-RAY DIFFRACTION
1N8X	\N	SOLUTION NMR
1N96	\N	SOLUTION NMR
1NA2	\N	SOLUTION NMR
1NAB	2.15	X-RAY DIFFRACTION
1NAJ	\N	SOLUTION NMR
1NAO	\N	SOLUTION NMR
1NB7	2.9	X-RAY DIFFRACTION
1NBK	\N	SOLUTION NMR
1NBR	\N	SOLUTION NMR
1NBS	3.15	X-RAY DIFFRACTION
1NC0	\N	SOLUTION NMR
1NDN	3.0	X-RAY DIFFRACTION
1NEM	\N	SOLUTION NMR
1NEV	\N	SOLUTION NMR
1NFK	2.3	X-RAY DIFFRACTION
1NG9	2.6	X-RAY DIFFRACTION
1NGM	2.95	X-RAY DIFFRACTION
1NGO	\N	SOLUTION NMR
1NGT	2.04	X-RAY DIFFRACTION
1NGU	\N	SOLUTION NMR
1NH2	1.9	X-RAY DIFFRACTION
1NH3	3.1	X-RAY DIFFRACTION
1NJI	3.0	X-RAY DIFFRACTION
1NJM	3.6	X-RAY DIFFRACTION
1NJN	3.7	X-RAY DIFFRACTION
1NJO	3.7	X-RAY DIFFRACTION
1NJP	3.5	X-RAY DIFFRACTION
1NJW	1.9	X-RAY DIFFRACTION
1NJX	1.65	X-RAY DIFFRACTION
1NJY	2.0	X-RAY DIFFRACTION
1NJZ	2.0	X-RAY DIFFRACTION
1NK0	1.7	X-RAY DIFFRACTION
1NK2	\N	SOLUTION NMR
1NK3	\N	SOLUTION NMR
1NK4	1.6	X-RAY DIFFRACTION
1NK5	2.1	X-RAY DIFFRACTION
1NK6	2.1	X-RAY DIFFRACTION
1NK7	1.9	X-RAY DIFFRACTION
1NK8	1.9	X-RAY DIFFRACTION
1NK9	1.9	X-RAY DIFFRACTION
1NKB	2.0	X-RAY DIFFRACTION
1NKC	1.8	X-RAY DIFFRACTION
1NKE	1.8	X-RAY DIFFRACTION
1NKP	1.8	X-RAY DIFFRACTION
1NKW	3.1	X-RAY DIFFRACTION
1NLC	1.85	X-RAY DIFFRACTION
1NLW	2.0	X-RAY DIFFRACTION
1NNE	3.11	X-RAY DIFFRACTION
1NNJ	1.9	X-RAY DIFFRACTION
1NOP	2.3	X-RAY DIFFRACTION
1NOQ	\N	SOLUTION NMR
1NOY	2.2	X-RAY DIFFRACTION
1NP5	\N	SOLUTION NMR
1NP9	\N	SOLUTION NMR
1NQS	1.97	X-RAY DIFFRACTION
1NR8	1.66	X-RAY DIFFRACTION
1NT8	2.0	X-RAY DIFFRACTION
1NTA	2.9	X-RAY DIFFRACTION
1NTB	2.9	X-RAY DIFFRACTION
1NTQ	\N	SOLUTION NMR
1NTS	\N	SOLUTION NMR
1NTT	\N	SOLUTION NMR
1NUJ	1.8	X-RAY DIFFRACTION
1NUV	1.81	X-RAY DIFFRACTION
1NVN	1.8	X-RAY DIFFRACTION
1NVP	2.1	X-RAY DIFFRACTION
1NVY	1.5	X-RAY DIFFRACTION
1NWQ	2.8	X-RAY DIFFRACTION
1NWX	3.5	X-RAY DIFFRACTION
1NWY	3.3	X-RAY DIFFRACTION
1NXR	\N	SOLUTION NMR
1NYB	\N	SOLUTION NMR
1NYD	\N	SOLUTION NMR
1NYI	2.85	X-RAY DIFFRACTION
1NZ1	\N	SOLUTION NMR
1NZB	3.1	X-RAY DIFFRACTION
1NZG	1.6	X-RAY DIFFRACTION
1NZM	\N	SOLUTION NMR
1O0B	2.7	X-RAY DIFFRACTION
1O0C	2.7	X-RAY DIFFRACTION
1O0K	1.17	X-RAY DIFFRACTION
1O15	\N	SOLUTION NMR
1O3Q	3.0	X-RAY DIFFRACTION
1O3R	3.0	X-RAY DIFFRACTION
1O3S	3.0	X-RAY DIFFRACTION
1O3T	2.8	X-RAY DIFFRACTION
1O3Z	2.65	X-RAY DIFFRACTION
1O4X	\N	SOLUTION NMR
1O55	1.04	X-RAY DIFFRACTION
1O56	0.9	X-RAY DIFFRACTION
1O9M	2.4	X-RAY DIFFRACTION
1OB2	3.35	X-RAY DIFFRACTION
1OB5	3.1	X-RAY DIFFRACTION
1OCI	\N	SOLUTION NMR
1OCT	3.0	X-RAY DIFFRACTION
1ODG	2.8	X-RAY DIFFRACTION
1ODH	2.85	X-RAY DIFFRACTION
1OE4	2.0	X-RAY DIFFRACTION
1OE5	2.3	X-RAY DIFFRACTION
1OE6	2.65	X-RAY DIFFRACTION
1OFX	2.0	X-RAY DIFFRACTION
1OH5	2.9	X-RAY DIFFRACTION
1OH6	2.4	X-RAY DIFFRACTION
1OH7	2.5	X-RAY DIFFRACTION
1OH8	2.9	X-RAY DIFFRACTION
1OJ8	1.7	X-RAY DIFFRACTION
1OKA	\N	SOLUTION NMR
1OKF	\N	SOLUTION NMR
1OLD	\N	SOLUTION NMR
1OLN	\N	SOLUTION NMR
1OMH	1.95	X-RAY DIFFRACTION
1OMK	1.3	X-RAY DIFFRACTION
1ON5	\N	SOLUTION NMR
1OND	3.4	X-RAY DIFFRACTION
1ONM	\N	SOLUTION NMR
1OO7	\N	SOLUTION NMR
1OOA	2.45	X-RAY DIFFRACTION
1OPQ	\N	SOLUTION NMR
1OQ0	\N	SOLUTION NMR
1OQ2	\N	SOLUTION NMR
1ORN	1.7	X-RAY DIFFRACTION
1ORP	2.2	X-RAY DIFFRACTION
1OSB	2.65	X-RAY DIFFRACTION
1OSL	\N	SOLUTION NMR
1OSR	\N	SOLUTION NMR
1OSU	1.4	X-RAY DIFFRACTION
1OSW	\N	SOLUTION NMR
1OTC	2.8	X-RAY DIFFRACTION
1OUP	2.3	X-RAY DIFFRACTION
1OUQ	3.2	X-RAY DIFFRACTION
1OUZ	2.41	X-RAY DIFFRACTION
1OVF	\N	SOLUTION NMR
1OW9	\N	SOLUTION NMR
1OWF	1.95	X-RAY DIFFRACTION
1OWG	2.1	X-RAY DIFFRACTION
1OWR	3.0	X-RAY DIFFRACTION
1OZ8	\N	SOLUTION NMR
1OZJ	2.4	X-RAY DIFFRACTION
1P0U	\N	SOLUTION NMR
1P1Y	2.1	X-RAY DIFFRACTION
1P20	1.34	X-RAY DIFFRACTION
1P24	3.02	X-RAY DIFFRACTION
1P25	2.9	X-RAY DIFFRACTION
1P26	2.92	X-RAY DIFFRACTION
1P34	2.7	X-RAY DIFFRACTION
1P3A	3.0	X-RAY DIFFRACTION
1P3B	3.0	X-RAY DIFFRACTION
1P3F	2.9	X-RAY DIFFRACTION
1P3G	2.7	X-RAY DIFFRACTION
1P3I	2.3	X-RAY DIFFRACTION
1P3K	2.9	X-RAY DIFFRACTION
1P3L	2.4	X-RAY DIFFRACTION
1P3M	2.9	X-RAY DIFFRACTION
1P3O	2.75	X-RAY DIFFRACTION
1P3P	2.7	X-RAY DIFFRACTION
1P3X	\N	SOLUTION NMR
1P47	2.2	X-RAY DIFFRACTION
1P4E	2.7	X-RAY DIFFRACTION
1P4Y	1.7	X-RAY DIFFRACTION
1P4Z	2.0	X-RAY DIFFRACTION
1P51	2.5	X-RAY DIFFRACTION
1P54	1.9	X-RAY DIFFRACTION
1P59	2.5	X-RAY DIFFRACTION
1P5M	\N	SOLUTION NMR
1P5N	\N	SOLUTION NMR
1P5O	\N	SOLUTION NMR
1P5P	\N	SOLUTION NMR
1P5W	3.3	X-RAY DIFFRACTION
1P6V	3.2	X-RAY DIFFRACTION
1P71	1.9	X-RAY DIFFRACTION
1P78	2.25	X-RAY DIFFRACTION
1P79	1.1	X-RAY DIFFRACTION
1P7D	2.95	X-RAY DIFFRACTION
1P7H	2.6	X-RAY DIFFRACTION
1P8K	2.6	X-RAY DIFFRACTION
1P96	\N	SOLUTION NMR
1P9X	3.4	X-RAY DIFFRACTION
1PA6	2.45	X-RAY DIFFRACTION
1PAR	2.6	X-RAY DIFFRACTION
1PBL	\N	SOLUTION NMR
1PBM	\N	SOLUTION NMR
1PBR	\N	SOLUTION NMR
1PDN	2.5	X-RAY DIFFRACTION
1PDT	\N	SOLUTION NMR
1PER	2.5	X-RAY DIFFRACTION
1PFE	1.1	X-RAY DIFFRACTION
1PFI	3.0	FIBER DIFFRACTION
1PG9	\N	SOLUTION NMR
1PGC	\N	SOLUTION NMR
1PGL	2.8	X-RAY DIFFRACTION
1PGZ	2.6	X-RAY DIFFRACTION
1PH1	2.51	X-RAY DIFFRACTION
1PH2	3.1	X-RAY DIFFRACTION
1PH3	2.3	X-RAY DIFFRACTION
1PH4	2.3	X-RAY DIFFRACTION
1PH5	2.3	X-RAY DIFFRACTION
1PH6	2.1	X-RAY DIFFRACTION
1PH7	2.9	X-RAY DIFFRACTION
1PH8	2.36	X-RAY DIFFRACTION
1PH9	2.5	X-RAY DIFFRACTION
1PHJ	2.5	X-RAY DIFFRACTION
1PIB	\N	SOLUTION NMR
1PIK	\N	SOLUTION NMR
1PJG	1.15	X-RAY DIFFRACTION
1PJI	1.9	X-RAY DIFFRACTION
1PJJ	1.9	X-RAY DIFFRACTION
1PJO	1.1	X-RAY DIFFRACTION
1PJY	\N	SOLUTION NMR
1PLY	3.2	FIBER DIFFRACTION
1PM5	1.95	X-RAY DIFFRACTION
1PN7	10.8	ELECTRON MICROSCOPY
1PN8	10.8	ELECTRON MICROSCOPY
1PNN	2.5	X-RAY DIFFRACTION
1PNR	2.7	X-RAY DIFFRACTION
1PO6	2.1	X-RAY DIFFRACTION
1PP7	2.45	X-RAY DIFFRACTION
1PP8	3.05	X-RAY DIFFRACTION
1PQQ	\N	SOLUTION NMR
1PQT	\N	SOLUTION NMR
1PRP	2.1	X-RAY DIFFRACTION
1PT3	2.5	X-RAY DIFFRACTION
1PUE	2.1	X-RAY DIFFRACTION
1PUF	1.9	X-RAY DIFFRACTION
1PUP	1.7	X-RAY DIFFRACTION
1PUY	1.5	X-RAY DIFFRACTION
1PV4	3.0	X-RAY DIFFRACTION
1PVI	2.6	X-RAY DIFFRACTION
1PVO	3.0	X-RAY DIFFRACTION
1PVP	2.35	X-RAY DIFFRACTION
1PVQ	2.75	X-RAY DIFFRACTION
1PVR	2.65	X-RAY DIFFRACTION
1PWF	1.16	X-RAY DIFFRACTION
1PYI	3.2	X-RAY DIFFRACTION
1PYJ	\N	SOLUTION NMR
1PZU	3.1	X-RAY DIFFRACTION
1Q0T	3.1	X-RAY DIFFRACTION
1Q29	3.0	X-RAY DIFFRACTION
1Q2R	2.9	X-RAY DIFFRACTION
1Q2S	3.2	X-RAY DIFFRACTION
1Q2T	\N	SOLUTION NMR
1Q3F	1.9	X-RAY DIFFRACTION
1Q3U	2.9	X-RAY DIFFRACTION
1Q3V	2.91	X-RAY DIFFRACTION
1Q75	\N	SOLUTION NMR
1Q7Y	3.2	X-RAY DIFFRACTION
1Q81	2.95	X-RAY DIFFRACTION
1Q82	2.98	X-RAY DIFFRACTION
1Q86	3.0	X-RAY DIFFRACTION
1Q8N	\N	SOLUTION NMR
1Q93	2.25	X-RAY DIFFRACTION
1Q96	1.75	X-RAY DIFFRACTION
1Q9A	1.04	X-RAY DIFFRACTION
1Q9X	2.69	X-RAY DIFFRACTION
1Q9Y	2.8	X-RAY DIFFRACTION
1QA6	2.8	X-RAY DIFFRACTION
1QAI	2.3	X-RAY DIFFRACTION
1QAJ	2.3	X-RAY DIFFRACTION
1QBJ	2.1	X-RAY DIFFRACTION
1QBP	2.1	X-RAY DIFFRACTION
1QBY	\N	SOLUTION NMR
1QC0	1.55	X-RAY DIFFRACTION
1QC1	2.5	X-RAY DIFFRACTION
1QC8	\N	SOLUTION NMR
1QCH	\N	SOLUTION NMR
1QCU	1.2	X-RAY DIFFRACTION
1QD3	\N	SOLUTION NMR
1QD7	5.5	X-RAY DIFFRACTION
1QDA	1.6	X-RAY DIFFRACTION
1QDF	\N	SOLUTION NMR
1QDH	\N	SOLUTION NMR
1QDI	\N	SOLUTION NMR
1QDK	\N	SOLUTION NMR
1QE7	\N	SOLUTION NMR
1QES	\N	SOLUTION NMR
1QET	\N	SOLUTION NMR
1QF6	2.9	X-RAY DIFFRACTION
1QFQ	\N	SOLUTION NMR
1QKG	\N	SOLUTION NMR
1QL5	\N	SOLUTION NMR
1QLN	2.4	X-RAY DIFFRACTION
1QMS	\N	SOLUTION NMR
1QN3	1.95	X-RAY DIFFRACTION
1QN4	1.86	X-RAY DIFFRACTION
1QN5	1.93	X-RAY DIFFRACTION
1QN6	2.1	X-RAY DIFFRACTION
1QN7	2.3	X-RAY DIFFRACTION
1QN8	2.1	X-RAY DIFFRACTION
1QN9	1.9	X-RAY DIFFRACTION
1QNA	1.8	X-RAY DIFFRACTION
1QNB	2.23	X-RAY DIFFRACTION
1QNC	2.3	X-RAY DIFFRACTION
1QNE	1.9	X-RAY DIFFRACTION
1QP0	2.9	X-RAY DIFFRACTION
1QP4	3.0	X-RAY DIFFRACTION
1QP5	2.6	X-RAY DIFFRACTION
1QP7	2.9	X-RAY DIFFRACTION
1QP9	2.8	X-RAY DIFFRACTION
1QPH	2.5	X-RAY DIFFRACTION
1QPI	2.5	X-RAY DIFFRACTION
1QPS	2.5	X-RAY DIFFRACTION
1QPY	2.2	X-RAY DIFFRACTION
1QPZ	2.5	X-RAY DIFFRACTION
1QQA	3.0	X-RAY DIFFRACTION
1QQB	2.7	X-RAY DIFFRACTION
1QRH	2.5	X-RAY DIFFRACTION
1QRI	2.6	X-RAY DIFFRACTION
1QRS	2.6	X-RAY DIFFRACTION
1QRT	2.7	X-RAY DIFFRACTION
1QRU	3.0	X-RAY DIFFRACTION
1QRV	2.2	X-RAY DIFFRACTION
1QSK	\N	SOLUTION NMR
1QSL	2.2	X-RAY DIFFRACTION
1QSS	2.3	X-RAY DIFFRACTION
1QSX	\N	SOLUTION NMR
1QSY	2.3	X-RAY DIFFRACTION
1QTM	2.3	X-RAY DIFFRACTION
1QTQ	2.25	X-RAY DIFFRACTION
1QU2	2.2	X-RAY DIFFRACTION
1QU3	2.9	X-RAY DIFFRACTION
1QUM	1.55	X-RAY DIFFRACTION
1QV4	2.5	X-RAY DIFFRACTION
1QV8	2.5	X-RAY DIFFRACTION
1QVF	3.1	X-RAY DIFFRACTION
1QVG	2.9	X-RAY DIFFRACTION
1QWA	\N	SOLUTION NMR
1QWB	\N	SOLUTION NMR
1QX0	2.26	X-RAY DIFFRACTION
1QXB	\N	SOLUTION NMR
1QYK	1.4	X-RAY DIFFRACTION
1QYL	1.0	X-RAY DIFFRACTION
1QZA	10.0	ELECTRON MICROSCOPY
1QZB	9.0	ELECTRON MICROSCOPY
1QZC	9.0	ELECTRON MICROSCOPY
1QZG	1.9	X-RAY DIFFRACTION
1QZH	2.4	X-RAY DIFFRACTION
1QZL	2.85	X-RAY DIFFRACTION
1QZW	4.1	X-RAY DIFFRACTION
1R0A	2.8	X-RAY DIFFRACTION
1R0N	2.6	X-RAY DIFFRACTION
1R0O	2.24	X-RAY DIFFRACTION
1R2L	\N	SOLUTION NMR
1R2O	2.38	X-RAY DIFFRACTION
1R2P	\N	SOLUTION NMR
1R2W	9.0	ELECTRON MICROSCOPY
1R2X	9.0	ELECTRON MICROSCOPY
1R2Y	2.34	X-RAY DIFFRACTION
1R2Z	1.63	X-RAY DIFFRACTION
1R3E	2.1	X-RAY DIFFRACTION
1R3G	1.16	X-RAY DIFFRACTION
1R3O	1.9	X-RAY DIFFRACTION
1R3X	\N	SOLUTION NMR
1R3Z	1.7	X-RAY DIFFRACTION
1R41	1.9	X-RAY DIFFRACTION
1R49	3.13	X-RAY DIFFRACTION
1R4D	\N	SOLUTION NMR
1R4E	\N	SOLUTION NMR
1R4H	\N	SOLUTION NMR
1R4I	3.1	X-RAY DIFFRACTION
1R4O	2.5	X-RAY DIFFRACTION
1R4R	3.0	X-RAY DIFFRACTION
1R68	1.2	X-RAY DIFFRACTION
1R71	2.2	X-RAY DIFFRACTION
1R7M	2.25	X-RAY DIFFRACTION
1R7W	\N	SOLUTION NMR
1R7Z	\N	SOLUTION NMR
1R8D	2.7	X-RAY DIFFRACTION
1R8E	2.4	X-RAY DIFFRACTION
1R9F	1.85	X-RAY DIFFRACTION
1R9S	4.25	X-RAY DIFFRACTION
1R9T	3.5	X-RAY DIFFRACTION
1RAM	2.7	X-RAY DIFFRACTION
1RAU	\N	SOLUTION NMR
1RAW	\N	SOLUTION NMR
1RB8	3.5	X-RAY DIFFRACTION
1RBJ	2.7	X-RAY DIFFRACTION
1RC7	2.15	X-RAY DIFFRACTION
1RC8	2.75	X-RAY DIFFRACTION
1RCN	2.32	X-RAY DIFFRACTION
1RCS	\N	SOLUTION NMR
1RDE	\N	SOLUTION NMR
1REP	2.6	X-RAY DIFFRACTION
1RFF	1.7	X-RAY DIFFRACTION
1RFI	2.2	X-RAY DIFFRACTION
1RFR	\N	SOLUTION NMR
1RG1	2.1	X-RAY DIFFRACTION
1RG2	2.1	X-RAY DIFFRACTION
1RGO	\N	SOLUTION NMR
1RGT	2.0	X-RAY DIFFRACTION
1RGU	2.22	X-RAY DIFFRACTION
1RH0	2.3	X-RAY DIFFRACTION
1RH6	1.7	X-RAY DIFFRACTION
1RHT	\N	SOLUTION NMR
1RIO	2.3	X-RAY DIFFRACTION
1RKJ	\N	SOLUTION NMR
1RLG	2.7	X-RAY DIFFRACTION
1RM1	2.5	X-RAY DIFFRACTION
1RME	\N	SOLUTION NMR
1RMN	\N	FLUORESCENCE TRANSFER
1RMV	2.9	FIBER DIFFRACTION
1RMX	\N	SOLUTION NMR
1RN9	\N	SOLUTION NMR
1RNA	2.25	X-RAY DIFFRACTION
1RNB	1.9	X-RAY DIFFRACTION
1RNG	\N	SOLUTION NMR
1RNK	\N	SOLUTION NMR
1ROQ	\N	SOLUTION NMR
1RPE	2.5	X-RAY DIFFRACTION
1RPU	2.5	X-RAY DIFFRACTION
1RPZ	2.9	X-RAY DIFFRACTION
1RQY	1.55	X-RAY DIFFRACTION
1RR8	2.6	X-RAY DIFFRACTION
1RRC	2.46	X-RAY DIFFRACTION
1RRD	\N	SOLUTION NMR
1RRJ	2.3	X-RAY DIFFRACTION
1RRQ	2.22	X-RAY DIFFRACTION
1RRR	\N	SOLUTION NMR
1RRS	2.4	X-RAY DIFFRACTION
1RRU	2.35	X-RAY DIFFRACTION
1RSB	2.17	X-RAY DIFFRACTION
1RTA	2.5	X-RAY DIFFRACTION
1RTD	3.2	X-RAY DIFFRACTION
1RUN	2.7	X-RAY DIFFRACTION
1RUO	2.7	X-RAY DIFFRACTION
1RV5	2.1	X-RAY DIFFRACTION
1RVA	2.0	X-RAY DIFFRACTION
1RVB	2.1	X-RAY DIFFRACTION
1RVC	2.1	X-RAY DIFFRACTION
1RVH	\N	SOLUTION NMR
1RVI	\N	SOLUTION NMR
1RXA	2.9	X-RAY DIFFRACTION
1RXB	1.8	X-RAY DIFFRACTION
1RXV	2.5	X-RAY DIFFRACTION
1RXW	2.0	X-RAY DIFFRACTION
1RY1	12.0	ELECTRON MICROSCOPY
1RYR	2.28	X-RAY DIFFRACTION
1RYS	2.03	X-RAY DIFFRACTION
1RZ9	3.1	X-RAY DIFFRACTION
1RZR	2.8	X-RAY DIFFRACTION
1RZT	2.1	X-RAY DIFFRACTION
1S03	2.7	X-RAY DIFFRACTION
1S0M	2.7	X-RAY DIFFRACTION
1S0N	2.8	X-RAY DIFFRACTION
1S0O	2.1	X-RAY DIFFRACTION
1S0T	\N	SOLUTION NMR
1S0V	3.2	X-RAY DIFFRACTION
1S10	2.1	X-RAY DIFFRACTION
1S1K	1.9	X-RAY DIFFRACTION
1S1L	2.2	X-RAY DIFFRACTION
1S23	1.6	X-RAY DIFFRACTION
1S2F	\N	SOLUTION NMR
1S2R	1.53	X-RAY DIFFRACTION
1S32	2.05	X-RAY DIFFRACTION
1S34	\N	SOLUTION NMR
1S37	\N	SOLUTION NMR
1S40	\N	SOLUTION NMR
1S45	2.2	X-RAY DIFFRACTION
1S47	2.5	X-RAY DIFFRACTION
1S6M	2.28	X-RAY DIFFRACTION
1S72	2.4	X-RAY DIFFRACTION
1S74	\N	SOLUTION NMR
1S75	\N	SOLUTION NMR
1S76	2.88	X-RAY DIFFRACTION
1S77	2.69	X-RAY DIFFRACTION
1S88	\N	SOLUTION NMR
1S97	2.4	X-RAY DIFFRACTION
1S9B	2.81	X-RAY DIFFRACTION
1S9F	2.0	X-RAY DIFFRACTION
1S9K	3.1	X-RAY DIFFRACTION
1S9L	\N	SOLUTION NMR
1S9N	\N	SOLUTION NMR
1S9O	\N	SOLUTION NMR
1S9S	\N	SOLUTION NMR
1SA3	1.95	X-RAY DIFFRACTION
1SA9	2.86	X-RAY DIFFRACTION
1SAA	\N	SOLUTION NMR
1SAQ	2.7	X-RAY DIFFRACTION
1SAX	2.8	X-RAY DIFFRACTION
1SC7	3.0	X-RAY DIFFRACTION
1SCL	\N	SOLUTION NMR
1SDR	2.6	X-RAY DIFFRACTION
1SDS	1.8	X-RAY DIFFRACTION
1SER	2.9	X-RAY DIFFRACTION
1SEU	3.0	X-RAY DIFFRACTION
1SFO	3.61	X-RAY DIFFRACTION
1SFU	2.0	X-RAY DIFFRACTION
1SGS	1.6	X-RAY DIFFRACTION
1SI2	2.6	X-RAY DIFFRACTION
1SI3	2.6	X-RAY DIFFRACTION
1SJ3	2.2	X-RAY DIFFRACTION
1SJ4	2.7	X-RAY DIFFRACTION
1SJF	2.75	X-RAY DIFFRACTION
1SJK	\N	SOLUTION NMR
1SJL	\N	SOLUTION NMR
1SK5	0.89	X-RAY DIFFRACTION
1SKM	2.2	X-RAY DIFFRACTION
1SKN	2.5	X-RAY DIFFRACTION
1SKP	\N	SOLUTION NMR
1SKR	2.4	X-RAY DIFFRACTION
1SKS	2.3	X-RAY DIFFRACTION
1SKW	2.3	X-RAY DIFFRACTION
1SL0	3.2	X-RAY DIFFRACTION
1SL1	2.2	X-RAY DIFFRACTION
1SL2	2.3	X-RAY DIFFRACTION
1SLO	\N	SOLUTION NMR
1SLP	\N	SOLUTION NMR
1SLS	\N	SOLUTION NMR
1SM1	3.42	X-RAY DIFFRACTION
1SM5	2.0	X-RAY DIFFRACTION
1SNH	\N	SOLUTION NMR
1SNJ	\N	SOLUTION NMR
1SP6	\N	SOLUTION NMR
1SRS	3.2	X-RAY DIFFRACTION
1SS7	\N	SOLUTION NMR
1SSJ	\N	SOLUTION NMR
1SSP	1.9	X-RAY DIFFRACTION
1SSV	\N	SOLUTION NMR
1STX	2.1	X-RAY DIFFRACTION
1SUZ	1.8	X-RAY DIFFRACTION
1SVC	2.6	X-RAY DIFFRACTION
1SX5	1.5	X-RAY DIFFRACTION
1SX8	2.15	X-RAY DIFFRACTION
1SXP	2.5	X-RAY DIFFRACTION
1SXQ	1.8	X-RAY DIFFRACTION
1SY4	\N	SOLUTION NMR
1SY8	\N	SOLUTION NMR
1SYZ	\N	SOLUTION NMR
1SZ1	6.21	X-RAY DIFFRACTION
1SZY	\N	SOLUTION NMR
1T03	3.1	X-RAY DIFFRACTION
1T05	3.0	X-RAY DIFFRACTION
1T0D	2.2	X-RAY DIFFRACTION
1T0E	1.7	X-RAY DIFFRACTION
1T0K	3.24	X-RAY DIFFRACTION
1T1M	12.0	ELECTRON MICROSCOPY
1T1O	12.0	ELECTRON MICROSCOPY
1T28	\N	SOLUTION NMR
1T2K	3.0	X-RAY DIFFRACTION
1T2R	\N	SOLUTION NMR
1T2S	\N	SOLUTION NMR
1T2T	2.5	X-RAY DIFFRACTION
1T38	3.2	X-RAY DIFFRACTION
1T39	3.3	X-RAY DIFFRACTION
1T3N	2.3	X-RAY DIFFRACTION
1T4I	2.5	X-RAY DIFFRACTION
1T4L	\N	SOLUTION NMR
1T4X	\N	SOLUTION NMR
1T7P	2.2	X-RAY DIFFRACTION
1T8E	2.54	X-RAY DIFFRACTION
1T8I	3.0	X-RAY DIFFRACTION
1T9I	1.6	X-RAY DIFFRACTION
1T9J	2.0	X-RAY DIFFRACTION
1TAN	\N	SOLUTION NMR
1TAU	3.0	X-RAY DIFFRACTION
1TBK	\N	SOLUTION NMR
1TC3	2.45	X-RAY DIFFRACTION
1TDZ	1.8	X-RAY DIFFRACTION
1TEZ	1.8	X-RAY DIFFRACTION
1TF3	\N	SOLUTION NMR
1TF6	3.1	X-RAY DIFFRACTION
1TFN	\N	SOLUTION NMR
1TFW	2.2	X-RAY DIFFRACTION
1TFY	3.2	X-RAY DIFFRACTION
1TGH	2.9	X-RAY DIFFRACTION
1TJZ	\N	SOLUTION NMR
1TK0	2.3	X-RAY DIFFRACTION
1TK5	2.2	X-RAY DIFFRACTION
1TK8	2.5	X-RAY DIFFRACTION
1TKD	2.49	X-RAY DIFFRACTION
1TL8	3.1	X-RAY DIFFRACTION
1TLR	\N	SOLUTION NMR
1TN1	3.0	X-RAY DIFFRACTION
1TN2	3.0	X-RAY DIFFRACTION
1TN9	\N	SOLUTION NMR
1TNE	\N	SOLUTION NMR
1TOB	\N	SOLUTION NMR
1TQE	2.7	X-RAY DIFFRACTION
1TQR	\N	SOLUTION NMR
1TRA	3.0	X-RAY DIFFRACTION
1TRJ	11.7	ELECTRON MICROSCOPY
1TRO	1.9	X-RAY DIFFRACTION
1TRR	2.4	X-RAY DIFFRACTION
1TSR	2.2	X-RAY DIFFRACTION
1TTD	\N	SOLUTION NMR
1TTT	2.7	X-RAY DIFFRACTION
1TTU	2.85	X-RAY DIFFRACTION
1TUP	2.2	X-RAY DIFFRACTION
1TUQ	\N	SOLUTION NMR
1TUT	\N	SOLUTION NMR
1TV9	2.0	X-RAY DIFFRACTION
1TVA	2.6	X-RAY DIFFRACTION
1TW8	2.8	X-RAY DIFFRACTION
1TX3	2.5	X-RAY DIFFRACTION
1TXS	\N	SOLUTION NMR
1U01	\N	SOLUTION NMR
1U0B	2.3	X-RAY DIFFRACTION
1U0C	2.5	X-RAY DIFFRACTION
1U0D	2.9	X-RAY DIFFRACTION
1U1K	2.0	X-RAY DIFFRACTION
1U1L	2.0	X-RAY DIFFRACTION
1U1M	2.0	X-RAY DIFFRACTION
1U1N	2.1	X-RAY DIFFRACTION
1U1O	2.0	X-RAY DIFFRACTION
1U1P	1.9	X-RAY DIFFRACTION
1U1Q	1.8	X-RAY DIFFRACTION
1U1R	1.8	X-RAY DIFFRACTION
1U1Y	2.85	X-RAY DIFFRACTION
1U2A	\N	SOLUTION NMR
1U35	3.0	X-RAY DIFFRACTION
1U3E	2.92	X-RAY DIFFRACTION
1U3K	\N	SOLUTION NMR
1U45	2.01	X-RAY DIFFRACTION
1U47	2.0	X-RAY DIFFRACTION
1U48	2.1	X-RAY DIFFRACTION
1U49	2.15	X-RAY DIFFRACTION
1U4B	1.6	X-RAY DIFFRACTION
1U63	3.4	X-RAY DIFFRACTION
1U64	\N	SOLUTION NMR
1U6B	3.1	X-RAY DIFFRACTION
1U6C	\N	SOLUTION NMR
1U6N	\N	SOLUTION NMR
1U6O	\N	SOLUTION NMR
1U6P	\N	SOLUTION NMR
1U78	2.69	X-RAY DIFFRACTION
1U8B	2.1	X-RAY DIFFRACTION
1U8R	2.75	X-RAY DIFFRACTION
1U9S	2.9	X-RAY DIFFRACTION
1UA0	2.1	X-RAY DIFFRACTION
1UA1	2.0	X-RAY DIFFRACTION
1UAA	3.0	X-RAY DIFFRACTION
1UAB	\N	SOLUTION NMR
1UB8	1.6	X-RAY DIFFRACTION
1UBD	2.5	X-RAY DIFFRACTION
1UE2	1.4	X-RAY DIFFRACTION
1UE3	2.15	X-RAY DIFFRACTION
1UE4	1.65	X-RAY DIFFRACTION
1UHX	2.0	X-RAY DIFFRACTION
1UHY	1.7	X-RAY DIFFRACTION
1ULL	\N	SOLUTION NMR
1UN6	3.1	X-RAY DIFFRACTION
1UNJ	2.5	X-RAY DIFFRACTION
1UNM	2.0	X-RAY DIFFRACTION
1UON	7.6	ELECTRON MICROSCOPY
1UQA	\N	SOLUTION NMR
1UQB	\N	SOLUTION NMR
1UQC	\N	SOLUTION NMR
1UQD	\N	SOLUTION NMR
1UQE	\N	SOLUTION NMR
1UQF	\N	SOLUTION NMR
1UQG	\N	SOLUTION NMR
1URN	1.92	X-RAY DIFFRACTION
1UTD	2.1	X-RAY DIFFRACTION
1UTS	\N	SOLUTION NMR
1UUD	\N	SOLUTION NMR
1UUI	\N	SOLUTION NMR
1UUT	2.0	X-RAY DIFFRACTION
1UUU	\N	SOLUTION NMR
1UVI	2.15	X-RAY DIFFRACTION
1UVJ	1.9	X-RAY DIFFRACTION
1UVL	2.0	X-RAY DIFFRACTION
1UVM	2.0	X-RAY DIFFRACTION
1UVN	3.0	X-RAY DIFFRACTION
1V14	2.9	X-RAY DIFFRACTION
1V15	2.4	X-RAY DIFFRACTION
1V3N	1.8	X-RAY DIFFRACTION
1V3O	1.7	X-RAY DIFFRACTION
1V3P	2.3	X-RAY DIFFRACTION
1V9G	1.8	NEUTRON DIFFRACTION
1VAQ	2.0	X-RAY DIFFRACTION
1VAS	2.75	X-RAY DIFFRACTION
1VBX	2.7	X-RAY DIFFRACTION
1VBY	2.9	X-RAY DIFFRACTION
1VBZ	2.8	X-RAY DIFFRACTION
1VC0	2.5	X-RAY DIFFRACTION
1VC5	3.4	X-RAY DIFFRACTION
1VC6	2.8	X-RAY DIFFRACTION
1VE8	1.65	X-RAY DIFFRACTION
1VFC	\N	SOLUTION NMR
1VFG	2.8	X-RAY DIFFRACTION
1VJ4	1.8	X-RAY DIFFRACTION
1VKX	2.9	X-RAY DIFFRACTION
1VOL	2.7	X-RAY DIFFRACTION
1VOP	\N	SOLUTION NMR
1VPW	2.7	X-RAY DIFFRACTION
1VQ4	2.7	X-RAY DIFFRACTION
1VQ5	2.6	X-RAY DIFFRACTION
1VQ6	2.7	X-RAY DIFFRACTION
1VQ7	2.5	X-RAY DIFFRACTION
1VQ8	2.2	X-RAY DIFFRACTION
1VQ9	2.4	X-RAY DIFFRACTION
1VQK	2.3	X-RAY DIFFRACTION
1VQL	2.3	X-RAY DIFFRACTION
1VQM	2.3	X-RAY DIFFRACTION
1VQN	2.4	X-RAY DIFFRACTION
1VQO	2.2	X-RAY DIFFRACTION
1VQP	2.25	X-RAY DIFFRACTION
1VRL	2.5	X-RAY DIFFRACTION
1VRO	1.1	X-RAY DIFFRACTION
1VRR	2.7	X-RAY DIFFRACTION
1VS2	2.0	X-RAY DIFFRACTION
1VT5	2.25	X-RAY DIFFRACTION
1VT6	2.25	X-RAY DIFFRACTION
1VT7	2.5	X-RAY DIFFRACTION
1VT8	1.9	X-RAY DIFFRACTION
1VT9	2.5	X-RAY DIFFRACTION
1VTA	2.5	X-RAY DIFFRACTION
1VTB	2.0	X-RAY DIFFRACTION
1VTC	2.25	X-RAY DIFFRACTION
1VTD	2.8	X-RAY DIFFRACTION
1VTE	3.0	X-RAY DIFFRACTION
1VTF	2.0	X-RAY DIFFRACTION
1VTG	1.67	X-RAY DIFFRACTION
1VTH	1.6	X-RAY DIFFRACTION
1VTI	1.7	X-RAY DIFFRACTION
1VTJ	2.4	X-RAY DIFFRACTION
1VTL	2.25	X-RAY DIFFRACTION
1VTM	3.5	FIBER DIFFRACTION
1VTN	2.5	X-RAY DIFFRACTION
1VTO	1.9	X-RAY DIFFRACTION
1VTQ	3.0	X-RAY DIFFRACTION
1VTR	1.04	X-RAY DIFFRACTION
1VTT	1.0	X-RAY DIFFRACTION
1VTU	2.2	X-RAY DIFFRACTION
1VTV	1.3	X-RAY DIFFRACTION
1VTW	1.2	X-RAY DIFFRACTION
1VTY	1.3	X-RAY DIFFRACTION
1VVJ	3.44000111574	X-RAY DIFFRACTION
1VY4	2.6	X-RAY DIFFRACTION
1VY5	2.55	X-RAY DIFFRACTION
1VY6	2.9	X-RAY DIFFRACTION
1VY7	2.8	X-RAY DIFFRACTION
1VZK	1.77	X-RAY DIFFRACTION
1W0T	2.0	X-RAY DIFFRACTION
1W0U	1.8	X-RAY DIFFRACTION
1W2B	3.5	X-RAY DIFFRACTION
1W36	3.1	X-RAY DIFFRACTION
1W7A	2.27	X-RAY DIFFRACTION
1W86	\N	SOLUTION NMR
1WAN	\N	SOLUTION NMR
1WB9	2.1	X-RAY DIFFRACTION
1WBB	2.5	X-RAY DIFFRACTION
1WBD	2.4	X-RAY DIFFRACTION
1WD0	1.9	X-RAY DIFFRACTION
1WD1	2.2	X-RAY DIFFRACTION
1WET	2.6	X-RAY DIFFRACTION
1WKS	\N	SOLUTION NMR
1WMQ	1.6	X-RAY DIFFRACTION
1WNE	3.0	X-RAY DIFFRACTION
1WOE	1.5	X-RAY DIFFRACTION
1WPU	1.48	X-RAY DIFFRACTION
1WQY	2.0	X-RAY DIFFRACTION
1WQZ	3.0	NEUTRON DIFFRACTION
1WRQ	2.2	X-RAY DIFFRACTION
1WSU	2.3	X-RAY DIFFRACTION
1WTB	\N	SOLUTION NMR
1WTE	1.9	X-RAY DIFFRACTION
1WTO	1.5	X-RAY DIFFRACTION
1WTP	1.9	X-RAY DIFFRACTION
1WTQ	1.7	X-RAY DIFFRACTION
1WTR	1.8	X-RAY DIFFRACTION
1WTS	\N	SOLUTION NMR
1WTT	\N	SOLUTION NMR
1WTV	1.6	X-RAY DIFFRACTION
1WTW	2.2	X-RAY DIFFRACTION
1WTX	2.2	X-RAY DIFFRACTION
1WV5	2.3	X-RAY DIFFRACTION
1WV6	2.55	X-RAY DIFFRACTION
1WVD	2.93	X-RAY DIFFRACTION
1WVL	2.6	X-RAY DIFFRACTION
1WWD	\N	SOLUTION NMR
1WWE	\N	SOLUTION NMR
1WWF	\N	SOLUTION NMR
1WWG	\N	SOLUTION NMR
1WZ2	3.21	X-RAY DIFFRACTION
1X0F	\N	SOLUTION NMR
1X18	13.5	ELECTRON MICROSCOPY
1X1L	13.5	ELECTRON MICROSCOPY
1X26	\N	SOLUTION NMR
1X2O	\N	SOLUTION NMR
1X2S	\N	SOLUTION NMR
1X2U	\N	SOLUTION NMR
1X2V	\N	SOLUTION NMR
1X2X	\N	SOLUTION NMR
1X2Y	\N	SOLUTION NMR
1X2Z	\N	SOLUTION NMR
1X30	\N	SOLUTION NMR
1X6W	\N	SOLUTION NMR
1X8W	3.8	X-RAY DIFFRACTION
1X95	\N	SOLUTION NMR
1X9C	2.19	X-RAY DIFFRACTION
1X9K	3.17	X-RAY DIFFRACTION
1X9M	2.1	X-RAY DIFFRACTION
1X9N	3.0	X-RAY DIFFRACTION
1X9S	2.7	X-RAY DIFFRACTION
1X9W	2.3	X-RAY DIFFRACTION
1XA2	1.71	X-RAY DIFFRACTION
1XAM	1.86	X-RAY DIFFRACTION
1XAV	\N	SOLUTION NMR
1XBP	3.5	X-RAY DIFFRACTION
1XBR	2.5	X-RAY DIFFRACTION
1XC8	1.95	X-RAY DIFFRACTION
1XC9	1.9	X-RAY DIFFRACTION
1XCE	\N	SOLUTION NMR
1XCI	\N	SOLUTION NMR
1XCS	1.4	X-RAY DIFFRACTION
1XCU	2.0	X-RAY DIFFRACTION
1XCY	\N	SOLUTION NMR
1XCZ	\N	SOLUTION NMR
1XF2	2.3	X-RAY DIFFRACTION
1XHP	\N	SOLUTION NMR
1XHU	2.95	X-RAY DIFFRACTION
1XHV	2.5	X-RAY DIFFRACTION
1XHZ	2.7	X-RAY DIFFRACTION
1XI1	2.2	X-RAY DIFFRACTION
1XJ9	2.6	X-RAY DIFFRACTION
1XJR	2.7	X-RAY DIFFRACTION
1XJV	1.73	X-RAY DIFFRACTION
1XJX	1.7	X-RAY DIFFRACTION
1XJY	2.0	X-RAY DIFFRACTION
1XMO	3.25	X-RAY DIFFRACTION
1XMQ	3.0	X-RAY DIFFRACTION
1XNQ	3.05	X-RAY DIFFRACTION
1XNR	3.1	X-RAY DIFFRACTION
1XNS	2.8	X-RAY DIFFRACTION
1XO0	2.0	X-RAY DIFFRACTION
1XOK	3.0	X-RAY DIFFRACTION
1XP7	2.5	X-RAY DIFFRACTION
1XPE	1.94	X-RAY DIFFRACTION
1XPF	2.3	X-RAY DIFFRACTION
1XPO	3.15	X-RAY DIFFRACTION
1XPR	3.15	X-RAY DIFFRACTION
1XPU	3.05	X-RAY DIFFRACTION
1XPX	2.8	X-RAY DIFFRACTION
1XRW	\N	SOLUTION NMR
1XS9	\N	SOLUTION NMR
1XSD	2.7	X-RAY DIFFRACTION
1XSG	\N	SOLUTION NMR
1XSH	\N	SOLUTION NMR
1XSL	2.3	X-RAY DIFFRACTION
1XSN	1.95	X-RAY DIFFRACTION
1XSP	2.2	X-RAY DIFFRACTION
1XST	\N	SOLUTION NMR
1XSU	\N	SOLUTION NMR
1XUE	\N	SOLUTION NMR
1XUW	1.25	X-RAY DIFFRACTION
1XUX	1.3	X-RAY DIFFRACTION
1XV0	\N	SOLUTION NMR
1XV6	\N	SOLUTION NMR
1XVK	1.26	X-RAY DIFFRACTION
1XVN	1.5	X-RAY DIFFRACTION
1XVR	1.4	X-RAY DIFFRACTION
1XWP	\N	SOLUTION NMR
1XWU	\N	SOLUTION NMR
1XYI	1.45	X-RAY DIFFRACTION
1Y0Q	3.6	X-RAY DIFFRACTION
1Y1W	4.0	X-RAY DIFFRACTION
1Y1Y	4.0	X-RAY DIFFRACTION
1Y26	2.1	X-RAY DIFFRACTION
1Y27	2.4	X-RAY DIFFRACTION
1Y39	2.8	X-RAY DIFFRACTION
1Y3O	2.7	X-RAY DIFFRACTION
1Y3S	2.25	X-RAY DIFFRACTION
1Y69	3.33	X-RAY DIFFRACTION
1Y6F	2.4	X-RAY DIFFRACTION
1Y6G	2.8	X-RAY DIFFRACTION
1Y6S	2.9	X-RAY DIFFRACTION
1Y6T	2.6	X-RAY DIFFRACTION
1Y73	2.9	X-RAY DIFFRACTION
1Y77	4.5	X-RAY DIFFRACTION
1Y7F	1.6	X-RAY DIFFRACTION
1Y84	1.6	X-RAY DIFFRACTION
1Y86	1.7	X-RAY DIFFRACTION
1Y8D	\N	SOLUTION NMR
1Y8L	1.5	X-RAY DIFFRACTION
1Y8V	1.5	X-RAY DIFFRACTION
1Y8Z	1.9	X-RAY DIFFRACTION
1Y90	3.08	X-RAY DIFFRACTION
1Y95	2.8	X-RAY DIFFRACTION
1Y99	2.4	X-RAY DIFFRACTION
1Y9F	1.6	X-RAY DIFFRACTION
1Y9H	\N	SOLUTION NMR
1Y9S	1.55	X-RAY DIFFRACTION
1YA6	2.4	X-RAY DIFFRACTION
1YB9	1.65	X-RAY DIFFRACTION
1YBC	1.8	X-RAY DIFFRACTION
1YBL	\N	SOLUTION NMR
1YBN	\N	SOLUTION NMR
1YBR	\N	SOLUTION NMR
1YCT	\N	SOLUTION NMR
1YCW	\N	SOLUTION NMR
1YF3	2.29	X-RAY DIFFRACTION
1YFG	3.0	X-RAY DIFFRACTION
1YFH	3.01	X-RAY DIFFRACTION
1YFI	2.7	X-RAY DIFFRACTION
1YFJ	2.69	X-RAY DIFFRACTION
1YFL	3.09	X-RAY DIFFRACTION
1YFV	\N	SOLUTION NMR
1YG3	\N	SOLUTION NMR
1YG4	\N	SOLUTION NMR
1YHQ	2.4	X-RAY DIFFRACTION
1YI2	2.65	X-RAY DIFFRACTION
1YIJ	2.6	X-RAY DIFFRACTION
1YIT	2.8	X-RAY DIFFRACTION
1YJ9	2.8	X-RAY DIFFRACTION
1YJN	3.0	X-RAY DIFFRACTION
1YJW	2.9	X-RAY DIFFRACTION
1YKQ	3.5	X-RAY DIFFRACTION
1YKV	3.3	X-RAY DIFFRACTION
1YLG	\N	SOLUTION NMR
1YLS	3.0	X-RAY DIFFRACTION
1YMO	\N	SOLUTION NMR
1YN1	\N	SOLUTION NMR
1YN2	\N	SOLUTION NMR
1YNC	\N	SOLUTION NMR
1YNE	\N	SOLUTION NMR
1YNG	\N	SOLUTION NMR
1YNW	3.0	X-RAY DIFFRACTION
1YO5	2.0	X-RAY DIFFRACTION
1YQK	2.5	X-RAY DIFFRACTION
1YQL	2.6	X-RAY DIFFRACTION
1YQM	2.5	X-RAY DIFFRACTION
1YQR	2.43	X-RAY DIFFRACTION
1YRJ	2.7	X-RAY DIFFRACTION
1YRM	2.5	X-RAY DIFFRACTION
1YRN	2.5	X-RAY DIFFRACTION
1YSA	2.9	X-RAY DIFFRACTION
1YSH	9.5	ELECTRON MICROSCOPY
1YSV	\N	SOLUTION NMR
1YTB	1.8	X-RAY DIFFRACTION
1YTF	2.5	X-RAY DIFFRACTION
1YTU	2.5	X-RAY DIFFRACTION
1YTY	2.29	X-RAY DIFFRACTION
1YUI	\N	SOLUTION NMR
1YUJ	\N	SOLUTION NMR
1YVP	2.2	X-RAY DIFFRACTION
1YXP	2.4	X-RAY DIFFRACTION
1YY0	3.2	X-RAY DIFFRACTION
1YYK	2.5	X-RAY DIFFRACTION
1YYO	2.9	X-RAY DIFFRACTION
1YYW	2.8	X-RAY DIFFRACTION
1YZ9	2.1	X-RAY DIFFRACTION
1YZD	2.35	X-RAY DIFFRACTION
1Z19	2.8	X-RAY DIFFRACTION
1Z1B	3.8	X-RAY DIFFRACTION
1Z1C	3.5	X-RAY DIFFRACTION
1Z1G	4.4	X-RAY DIFFRACTION
1Z2J	\N	SOLUTION NMR
1Z30	\N	SOLUTION NMR
1Z31	\N	SOLUTION NMR
1Z3F	1.5	X-RAY DIFFRACTION
1Z43	2.6	X-RAY DIFFRACTION
1Z58	3.8	X-RAY DIFFRACTION
1Z5T	1.6	X-RAY DIFFRACTION
1Z63	3.0	X-RAY DIFFRACTION
1Z79	2.55	X-RAY DIFFRACTION
1Z7F	2.1	X-RAY DIFFRACTION
1Z7I	1.28	X-RAY DIFFRACTION
1Z8V	1.75	X-RAY DIFFRACTION
1Z9C	2.64	X-RAY DIFFRACTION
1ZAA	2.1	X-RAY DIFFRACTION
1ZAY	2.7	X-RAY DIFFRACTION
1ZBB	9.0	X-RAY DIFFRACTION
1ZBH	3.0	X-RAY DIFFRACTION
1ZBI	1.85	X-RAY DIFFRACTION
1ZBL	2.2	X-RAY DIFFRACTION
1ZBN	\N	SOLUTION NMR
1ZC5	\N	SOLUTION NMR
1ZC8	13.0	ELECTRON MICROSCOPY
1ZCI	1.65	X-RAY DIFFRACTION
1ZDH	2.7	X-RAY DIFFRACTION
1ZDI	2.7	X-RAY DIFFRACTION
1ZDJ	2.9	X-RAY DIFFRACTION
1ZDK	2.86	X-RAY DIFFRACTION
1ZE2	3.0	X-RAY DIFFRACTION
1ZET	2.3	X-RAY DIFFRACTION
1ZEV	1.58	X-RAY DIFFRACTION
1ZEW	2.25	X-RAY DIFFRACTION
1ZEX	1.65	X-RAY DIFFRACTION
1ZEY	1.7	X-RAY DIFFRACTION
1ZEZ	2.0	X-RAY DIFFRACTION
1ZF0	1.5	X-RAY DIFFRACTION
1ZF1	1.35	X-RAY DIFFRACTION
1ZF2	1.95	X-RAY DIFFRACTION
1ZF3	1.84	X-RAY DIFFRACTION
1ZF4	1.65	X-RAY DIFFRACTION
1ZF5	0.99	X-RAY DIFFRACTION
1ZF6	1.5	X-RAY DIFFRACTION
1ZF7	1.05	X-RAY DIFFRACTION
1ZF8	1.48	X-RAY DIFFRACTION
1ZF9	1.38	X-RAY DIFFRACTION
1ZFA	1.56	X-RAY DIFFRACTION
1ZFB	1.65	X-RAY DIFFRACTION
1ZFC	2.0	X-RAY DIFFRACTION
1ZFE	2.5	X-RAY DIFFRACTION
1ZFF	0.94	X-RAY DIFFRACTION
1ZFG	1.75	X-RAY DIFFRACTION
1ZFH	2.51	X-RAY DIFFRACTION
1ZFM	2.2	X-RAY DIFFRACTION
1ZFT	2.33	X-RAY DIFFRACTION
1ZFV	2.4	X-RAY DIFFRACTION
1ZFX	2.38	X-RAY DIFFRACTION
1ZG1	2.3	X-RAY DIFFRACTION
1ZG5	2.3	X-RAY DIFFRACTION
1ZGW	\N	SOLUTION NMR
1ZH5	1.85	X-RAY DIFFRACTION
1ZHO	2.6	X-RAY DIFFRACTION
1ZHU	\N	SOLUTION NMR
1ZIF	\N	SOLUTION NMR
1ZIG	\N	SOLUTION NMR
1ZIH	\N	SOLUTION NMR
1ZJE	2.1	X-RAY DIFFRACTION
1ZJF	2.2	X-RAY DIFFRACTION
1ZJG	3.0	X-RAY DIFFRACTION
1ZJM	2.1	X-RAY DIFFRACTION
1ZJN	2.61	X-RAY DIFFRACTION
1ZJW	2.5	X-RAY DIFFRACTION
1ZL3	2.8	X-RAY DIFFRACTION
1ZLA	2.9	X-RAY DIFFRACTION
1ZLK	3.1	X-RAY DIFFRACTION
1ZM5	2.5	X-RAY DIFFRACTION
1ZME	2.5	X-RAY DIFFRACTION
1ZN0	15.5	ELECTRON MICROSCOPY
1ZN1	14.1	ELECTRON MICROSCOPY
1ZNA	1.5	X-RAY DIFFRACTION
1ZNS	2.5	X-RAY DIFFRACTION
1ZO1	13.8	ELECTRON MICROSCOPY
1ZO3	13.8	ELECTRON MICROSCOPY
1ZPH	1.8	X-RAY DIFFRACTION
1ZPI	1.6	X-RAY DIFFRACTION
1ZQ3	\N	SOLUTION NMR
1ZQA	3.2	X-RAY DIFFRACTION
1ZQB	3.2	X-RAY DIFFRACTION
1ZQC	3.2	X-RAY DIFFRACTION
1ZQD	3.5	X-RAY DIFFRACTION
1ZQE	3.7	X-RAY DIFFRACTION
1ZQF	2.9	X-RAY DIFFRACTION
1ZQG	3.1	X-RAY DIFFRACTION
1ZQH	3.1	X-RAY DIFFRACTION
1ZQI	2.7	X-RAY DIFFRACTION
1ZQJ	3.3	X-RAY DIFFRACTION
1ZQK	3.2	X-RAY DIFFRACTION
1ZQL	3.3	X-RAY DIFFRACTION
1ZQM	3.2	X-RAY DIFFRACTION
1ZQN	3.0	X-RAY DIFFRACTION
1ZQO	3.2	X-RAY DIFFRACTION
1ZQP	2.8	X-RAY DIFFRACTION
1ZQQ	3.3	X-RAY DIFFRACTION
1ZQR	3.7	X-RAY DIFFRACTION
1ZQS	3.3	X-RAY DIFFRACTION
1ZQT	3.4	X-RAY DIFFRACTION
1ZR2	3.9	X-RAY DIFFRACTION
1ZR4	3.4	X-RAY DIFFRACTION
1ZRC	2.8	X-RAY DIFFRACTION
1ZRD	2.8	X-RAY DIFFRACTION
1ZRE	2.8	X-RAY DIFFRACTION
1ZRF	2.1	X-RAY DIFFRACTION
1ZS4	1.7	X-RAY DIFFRACTION
1ZSE	3.0	X-RAY DIFFRACTION
1ZTG	3.0	X-RAY DIFFRACTION
1ZTT	1.85	X-RAY DIFFRACTION
1ZTW	1.8	X-RAY DIFFRACTION
1ZVV	2.98	X-RAY DIFFRACTION
1ZX4	2.98	X-RAY DIFFRACTION
1ZX7	2.15	X-RAY DIFFRACTION
1ZYF	\N	SOLUTION NMR
1ZYG	\N	SOLUTION NMR
1ZYH	\N	SOLUTION NMR
1ZYQ	2.7	X-RAY DIFFRACTION
1ZZ5	3.0	X-RAY DIFFRACTION
1ZZI	1.8	X-RAY DIFFRACTION
1ZZJ	2.3	X-RAY DIFFRACTION
1ZZN	3.37	X-RAY DIFFRACTION
200D	1.85	X-RAY DIFFRACTION
201D	\N	SOLUTION NMR
202D	\N	SOLUTION NMR
203D	\N	SOLUTION NMR
204D	\N	SOLUTION NMR
205D	2.64	X-RAY DIFFRACTION
206D	2.5	X-RAY DIFFRACTION
207D	\N	SOLUTION NMR
208D	2.05	X-RAY DIFFRACTION
209D	3.0	X-RAY DIFFRACTION
210D	1.35	X-RAY DIFFRACTION
211D	1.6	X-RAY DIFFRACTION
212D	1.9	X-RAY DIFFRACTION
213D	1.6	X-RAY DIFFRACTION
214D	\N	SOLUTION NMR
215D	1.7	X-RAY DIFFRACTION
216D	1.73	X-RAY DIFFRACTION
217D	1.7	X-RAY DIFFRACTION
218D	2.25	X-RAY DIFFRACTION
219D	\N	SOLUTION NMR
220D	2.0	X-RAY DIFFRACTION
221D	1.9	X-RAY DIFFRACTION
222D	1.9	X-RAY DIFFRACTION
223D	1.7	X-RAY DIFFRACTION
224D	1.4	X-RAY DIFFRACTION
225D	\N	SOLUTION NMR
226D	\N	SOLUTION NMR
227D	2.2	X-RAY DIFFRACTION
229D	\N	SOLUTION NMR
230D	\N	SOLUTION NMR
231D	2.4	X-RAY DIFFRACTION
232D	1.3	X-RAY DIFFRACTION
233D	2.4	X-RAY DIFFRACTION
234D	1.8	X-RAY DIFFRACTION
235D	1.8	X-RAY DIFFRACTION
236D	1.8	X-RAY DIFFRACTION
237D	2.5	X-RAY DIFFRACTION
238D	2.0	X-RAY DIFFRACTION
239D	2.05	X-RAY DIFFRACTION
240D	2.0	X-RAY DIFFRACTION
241D	1.85	X-RAY DIFFRACTION
242D	1.65	X-RAY DIFFRACTION
243D	1.9	X-RAY DIFFRACTION
244D	1.2	X-RAY DIFFRACTION
245D	1.4	X-RAY DIFFRACTION
246D	2.2	X-RAY DIFFRACTION
247D	2.8	X-RAY DIFFRACTION
248D	1.83	X-RAY DIFFRACTION
249D	2.25	X-RAY DIFFRACTION
250D	2.47	X-RAY DIFFRACTION
251D	1.9	X-RAY DIFFRACTION
252D	2.3	X-RAY DIFFRACTION
253D	2.2	X-RAY DIFFRACTION
254D	1.9	X-RAY DIFFRACTION
255D	2.0	X-RAY DIFFRACTION
256D	2.2	X-RAY DIFFRACTION
257D	2.3	X-RAY DIFFRACTION
258D	1.58	X-RAY DIFFRACTION
259D	1.46	X-RAY DIFFRACTION
260D	1.9	X-RAY DIFFRACTION
261D	2.4	X-RAY DIFFRACTION
263D	2.2	X-RAY DIFFRACTION
264D	2.44	X-RAY DIFFRACTION
265D	2.01	X-RAY DIFFRACTION
266D	2.03	X-RAY DIFFRACTION
267D	2.0	X-RAY DIFFRACTION
268D	2.02	X-RAY DIFFRACTION
269D	2.15	X-RAY DIFFRACTION
270D	2.01	X-RAY DIFFRACTION
271D	2.02	X-RAY DIFFRACTION
272D	2.0	X-RAY DIFFRACTION
274D	2.3	X-RAY DIFFRACTION
275D	2.0	X-RAY DIFFRACTION
276D	1.8	X-RAY DIFFRACTION
277D	1.8	X-RAY DIFFRACTION
278D	1.8	X-RAY DIFFRACTION
279D	1.9	X-RAY DIFFRACTION
280D	2.4	X-RAY DIFFRACTION
281D	2.38	X-RAY DIFFRACTION
282D	2.4	X-RAY DIFFRACTION
283D	2.3	X-RAY DIFFRACTION
284D	1.1	X-RAY DIFFRACTION
285D	2.5	X-RAY DIFFRACTION
286D	2.5	X-RAY DIFFRACTION
287D	2.2	X-RAY DIFFRACTION
288D	1.8	X-RAY DIFFRACTION
289D	2.2	X-RAY DIFFRACTION
28DN	2.4	X-RAY DIFFRACTION
28SP	\N	SOLUTION NMR
28SR	\N	SOLUTION NMR
290D	2.5	X-RAY DIFFRACTION
291D	2.14	X-RAY DIFFRACTION
292D	1.0	X-RAY DIFFRACTION
293D	1.0	X-RAY DIFFRACTION
294D	2.5	X-RAY DIFFRACTION
295D	1.5	X-RAY DIFFRACTION
296D	2.25	X-RAY DIFFRACTION
297D	2.5	X-RAY DIFFRACTION
298D	2.2	X-RAY DIFFRACTION
299D	3.0	X-RAY DIFFRACTION
2A04	2.95	X-RAY DIFFRACTION
2A07	1.9	X-RAY DIFFRACTION
2A0I	2.72	X-RAY DIFFRACTION
2A0P	1.95	X-RAY DIFFRACTION
2A1R	2.6	X-RAY DIFFRACTION
2A2E	3.85	X-RAY DIFFRACTION
2A2T	3.1	X-RAY DIFFRACTION
2A3V	2.8	X-RAY DIFFRACTION
2A43	1.34	X-RAY DIFFRACTION
2A5P	\N	SOLUTION NMR
2A5R	\N	SOLUTION NMR
2A64	3.3	X-RAY DIFFRACTION
2A66	2.2	X-RAY DIFFRACTION
2A6O	2.6	X-RAY DIFFRACTION
2A7E	1.66	X-RAY DIFFRACTION
2A8V	2.4	X-RAY DIFFRACTION
2A9L	\N	SOLUTION NMR
2A9X	\N	SOLUTION NMR
2AAR	3.5	X-RAY DIFFRACTION
2AB4	2.4	X-RAY DIFFRACTION
2AC0	1.8	X-RAY DIFFRACTION
2ACJ	2.6	X-RAY DIFFRACTION
2AD9	\N	SOLUTION NMR
2ADB	\N	SOLUTION NMR
2ADC	\N	SOLUTION NMR
2ADT	\N	SOLUTION NMR
2ADW	1.6	X-RAY DIFFRACTION
2ADY	2.5	X-RAY DIFFRACTION
2AF1	3.1	X-RAY DIFFRACTION
2AGN	15.0	ELECTRON MICROSCOPY
2AGO	2.85	X-RAY DIFFRACTION
2AGP	2.9	X-RAY DIFFRACTION
2AGQ	2.1	X-RAY DIFFRACTION
2AHI	1.85	X-RAY DIFFRACTION
2AHT	\N	SOLUTION NMR
2AJQ	2.6	X-RAY DIFFRACTION
2AKE	3.1	X-RAY DIFFRACTION
2AKG	\N	SOLUTION NMR
2ALZ	2.5	X-RAY DIFFRACTION
2ANA	2.5	X-RAY DIFFRACTION
2ANN	2.3	X-RAY DIFFRACTION
2ANR	1.94	X-RAY DIFFRACTION
2AO5	2.1	X-RAY DIFFRACTION
2AOQ	2.2	X-RAY DIFFRACTION
2AOR	2.0	X-RAY DIFFRACTION
2AP0	\N	SOLUTION NMR
2AP5	\N	SOLUTION NMR
2AQ4	2.32	X-RAY DIFFRACTION
2AQY	\N	SOLUTION NMR
2ARG	\N	SOLUTION NMR
2AS5	2.7	X-RAY DIFFRACTION
2ASB	1.5	X-RAY DIFFRACTION
2ASD	1.95	X-RAY DIFFRACTION
2ASJ	2.35	X-RAY DIFFRACTION
2ASL	2.65	X-RAY DIFFRACTION
2ATA	2.2	X-RAY DIFFRACTION
2ATL	2.8	X-RAY DIFFRACTION
2ATW	2.25	X-RAY DIFFRACTION
2AU0	2.7	X-RAY DIFFRACTION
2AU4	\N	SOLUTION NMR
2AVH	1.5	X-RAY DIFFRACTION
2AVJ	2.39	X-RAY DIFFRACTION
2AWE	2.1	X-RAY DIFFRACTION
2AWQ	\N	SOLUTION NMR
2AWV	\N	SOLUTION NMR
2AXB	1.61	X-RAY DIFFRACTION
2AXY	1.7	X-RAY DIFFRACTION
2AYB	3.2	X-RAY DIFFRACTION
2AYG	3.1	X-RAY DIFFRACTION
2AZ0	2.6	X-RAY DIFFRACTION
2AZ2	2.6	X-RAY DIFFRACTION
2AZX	2.8	X-RAY DIFFRACTION
2B0D	2.0	X-RAY DIFFRACTION
2B0E	1.9	X-RAY DIFFRACTION
2B0K	1.64	X-RAY DIFFRACTION
2B1B	1.9	X-RAY DIFFRACTION
2B1C	2.2	X-RAY DIFFRACTION
2B1D	2.5	X-RAY DIFFRACTION
2B2B	1.5	X-RAY DIFFRACTION
2B2D	2.9	X-RAY DIFFRACTION
2B2E	3.15	X-RAY DIFFRACTION
2B2G	3.02	X-RAY DIFFRACTION
2B3E	1.36	X-RAY DIFFRACTION
2B3J	2.0	X-RAY DIFFRACTION
2B57	2.15	X-RAY DIFFRACTION
2B63	3.8	X-RAY DIFFRACTION
2B6G	\N	SOLUTION NMR
2B7G	\N	SOLUTION NMR
2B8R	2.6	X-RAY DIFFRACTION
2B8S	2.76	X-RAY DIFFRACTION
2B9S	2.27	X-RAY DIFFRACTION
2BAM	2.0	X-RAY DIFFRACTION
2BBV	2.8	X-RAY DIFFRACTION
2BCQ	1.65	X-RAY DIFFRACTION
2BCR	1.75	X-RAY DIFFRACTION
2BCS	2.2	X-RAY DIFFRACTION
2BCU	2.2	X-RAY DIFFRACTION
2BCV	2.0	X-RAY DIFFRACTION
2BCY	2.7	X-RAY DIFFRACTION
2BCZ	2.4	X-RAY DIFFRACTION
2BDP	1.8	X-RAY DIFFRACTION
2BE0	2.63	X-RAY DIFFRACTION
2BEE	2.6	X-RAY DIFFRACTION
2BGG	2.2	X-RAY DIFFRACTION
2BGW	2.8	X-RAY DIFFRACTION
2BH2	2.15	X-RAY DIFFRACTION
2BJ2	\N	SOLUTION NMR
2BJ6	2.6	X-RAY DIFFRACTION
2BJC	\N	SOLUTION NMR
2BNA	2.7	X-RAY DIFFRACTION
2BNW	2.45	X-RAY DIFFRACTION
2BNY	3.0	X-RAY DIFFRACTION
2BNZ	2.6	X-RAY DIFFRACTION
2BOP	1.7	X-RAY DIFFRACTION
2BPA	3.0	X-RAY DIFFRACTION
2BPF	2.9	X-RAY DIFFRACTION
2BPG	3.6	X-RAY DIFFRACTION
2BQ2	\N	SOLUTION NMR
2BQ3	2.0	X-RAY DIFFRACTION
2BQ5	2.91	X-RAY DIFFRACTION
2BQR	2.37	X-RAY DIFFRACTION
2BQU	2.5	X-RAY DIFFRACTION
2BR0	2.17	X-RAY DIFFRACTION
2BS0	2.45	X-RAY DIFFRACTION
2BS1	2.8	X-RAY DIFFRACTION
2BSQ	3.0	X-RAY DIFFRACTION
2BTE	2.9	X-RAY DIFFRACTION
2BU1	2.2	X-RAY DIFFRACTION
2BX2	2.85	X-RAY DIFFRACTION
2BYT	3.3	X-RAY DIFFRACTION
2BZF	2.87	X-RAY DIFFRACTION
2C06	\N	SOLUTION NMR
2C0B	3.18	X-RAY DIFFRACTION
2C22	2.56	X-RAY DIFFRACTION
2C28	2.27	X-RAY DIFFRACTION
2C2D	2.57	X-RAY DIFFRACTION
2C2E	2.61	X-RAY DIFFRACTION
2C2R	2.55	X-RAY DIFFRACTION
2C4Q	2.38	X-RAY DIFFRACTION
2C4R	3.6	X-RAY DIFFRACTION
2C4Y	2.68	X-RAY DIFFRACTION
2C4Z	2.6	X-RAY DIFFRACTION
2C50	2.65	X-RAY DIFFRACTION
2C51	2.8	X-RAY DIFFRACTION
2C5R	2.9	X-RAY DIFFRACTION
2C62	1.74	X-RAY DIFFRACTION
2C6Y	2.4	X-RAY DIFFRACTION
2C7A	2.5	X-RAY DIFFRACTION
2C7O	1.9	X-RAY DIFFRACTION
2C7P	1.7	X-RAY DIFFRACTION
2C7Q	1.85	X-RAY DIFFRACTION
2C7R	1.9	X-RAY DIFFRACTION
2C9L	2.25	X-RAY DIFFRACTION
2C9N	3.3	X-RAY DIFFRACTION
2CAX	2.9	X-RAY DIFFRACTION
2CCZ	2.7	X-RAY DIFFRACTION
2CD1	\N	SOLUTION NMR
2CD3	\N	SOLUTION NMR
2CD5	\N	SOLUTION NMR
2CD6	\N	SOLUTION NMR
2CDM	2.7	X-RAY DIFFRACTION
2CGP	2.2	X-RAY DIFFRACTION
2CHJ	\N	SOLUTION NMR
2CHK	\N	SOLUTION NMR
2CJK	\N	SOLUTION NMR
2CKY	2.9	X-RAY DIFFRACTION
2CRX	2.5	X-RAY DIFFRACTION
2CSX	2.7	X-RAY DIFFRACTION
2CT8	2.7	X-RAY DIFFRACTION
2CV0	2.4	X-RAY DIFFRACTION
2CV1	2.41	X-RAY DIFFRACTION
2CV2	2.69	X-RAY DIFFRACTION
2CV5	2.5	X-RAY DIFFRACTION
2CZJ	3.01	X-RAY DIFFRACTION
2D17	\N	SOLUTION NMR
2D18	\N	SOLUTION NMR
2D19	\N	SOLUTION NMR
2D1A	\N	SOLUTION NMR
2D1B	\N	SOLUTION NMR
2D25	1.75	X-RAY DIFFRACTION
2D2K	2.65	X-RAY DIFFRACTION
2D2L	2.5	X-RAY DIFFRACTION
2D34	1.4	X-RAY DIFFRACTION
2D3O	3.35	X-RAY DIFFRACTION
2D45	3.8	X-RAY DIFFRACTION
2D47	2.0	X-RAY DIFFRACTION
2D55	3.0	X-RAY DIFFRACTION
2D5V	2.0	X-RAY DIFFRACTION
2D6F	3.15	X-RAY DIFFRACTION
2D7D	2.1	X-RAY DIFFRACTION
2D7G	3.3	X-RAY DIFFRACTION
2D7H	3.0	X-RAY DIFFRACTION
2D94	1.7	X-RAY DIFFRACTION
2D95	2.0	X-RAY DIFFRACTION
2DA8	\N	SOLUTION NMR
2DAU	\N	SOLUTION NMR
2DB3	2.2	X-RAY DIFFRACTION
2DBE	2.5	X-RAY DIFFRACTION
2DCG	0.9	X-RAY DIFFRACTION
2DD1	\N	SOLUTION NMR
2DD2	\N	SOLUTION NMR
2DD3	\N	SOLUTION NMR
2DDG	2.1	X-RAY DIFFRACTION
2DEM	1.95	X-RAY DIFFRACTION
2DER	3.1	X-RAY DIFFRACTION
2DES	1.5	X-RAY DIFFRACTION
2DET	3.4	X-RAY DIFFRACTION
2DEU	3.4	X-RAY DIFFRACTION
2DGC	2.2	X-RAY DIFFRACTION
2DLC	2.4	X-RAY DIFFRACTION
2DLJ	1.5	X-RAY DIFFRACTION
2DND	2.2	X-RAY DIFFRACTION
2DNJ	2.0	X-RAY DIFFRACTION
2DP6	1.8	X-RAY DIFFRACTION
2DP7	1.55	X-RAY DIFFRACTION
2DPB	1.5	X-RAY DIFFRACTION
2DPC	1.55	X-RAY DIFFRACTION
2DPD	3.17	X-RAY DIFFRACTION
2DPI	2.3	X-RAY DIFFRACTION
2DPJ	2.3	X-RAY DIFFRACTION
2DPU	3.1	X-RAY DIFFRACTION
2DQO	2.3	X-RAY DIFFRACTION
2DQP	2.1	X-RAY DIFFRACTION
2DQQ	2.0	X-RAY DIFFRACTION
2DR2	3.0	X-RAY DIFFRACTION
2DR5	2.8	X-RAY DIFFRACTION
2DR7	2.8	X-RAY DIFFRACTION
2DR8	2.5	X-RAY DIFFRACTION
2DR9	2.8	X-RAY DIFFRACTION
2DRA	2.5	X-RAY DIFFRACTION
2DRB	2.8	X-RAY DIFFRACTION
2DRP	2.8	X-RAY DIFFRACTION
2DTU	2.37	X-RAY DIFFRACTION
2DU3	2.6	X-RAY DIFFRACTION
2DU4	2.8	X-RAY DIFFRACTION
2DU5	3.2	X-RAY DIFFRACTION
2DU6	3.3	X-RAY DIFFRACTION
2DVI	2.61	X-RAY DIFFRACTION
2DWL	3.2	X-RAY DIFFRACTION
2DWM	3.15	X-RAY DIFFRACTION
2DWN	3.35	X-RAY DIFFRACTION
2DXI	2.2	X-RAY DIFFRACTION
2DY4	2.65	X-RAY DIFFRACTION
2DYW	1.13	X-RAY DIFFRACTION
2DZ7	1.6	X-RAY DIFFRACTION
2E1C	2.1	X-RAY DIFFRACTION
2E2H	3.95	X-RAY DIFFRACTION
2E2I	3.41	X-RAY DIFFRACTION
2E2J	3.5	X-RAY DIFFRACTION
2E42	1.8	X-RAY DIFFRACTION
2E43	2.1	X-RAY DIFFRACTION
2E4I	\N	SOLUTION NMR
2E52	2.0	X-RAY DIFFRACTION
2E5L	3.3	X-RAY DIFFRACTION
2E9R	2.81	X-RAY DIFFRACTION
2E9T	2.6	X-RAY DIFFRACTION
2E9Z	3.0	X-RAY DIFFRACTION
2EA0	1.4	X-RAY DIFFRACTION
2EC0	2.75	X-RAY DIFFRACTION
2EES	1.75	X-RAY DIFFRACTION
2EET	1.95	X-RAY DIFFRACTION
2EEU	1.95	X-RAY DIFFRACTION
2EEV	1.95	X-RAY DIFFRACTION
2EEW	2.25	X-RAY DIFFRACTION
2EFW	2.5	X-RAY DIFFRACTION
2ELG	1.0	X-RAY DIFFRACTION
2ER8	2.85	X-RAY DIFFRACTION
2ERE	3.0	X-RAY DIFFRACTION
2ERG	3.15	X-RAY DIFFRACTION
2ERR	\N	SOLUTION NMR
2ES2	1.78	X-RAY DIFFRACTION
2ES5	\N	SOLUTION NMR
2ESE	\N	SOLUTION NMR
2ESI	3.0	X-RAY DIFFRACTION
2ESJ	2.2	X-RAY DIFFRACTION
2ET0	1.7	X-RAY DIFFRACTION
2ET3	2.8	X-RAY DIFFRACTION
2ET4	2.4	X-RAY DIFFRACTION
2ET5	2.2	X-RAY DIFFRACTION
2ET8	2.5	X-RAY DIFFRACTION
2ETW	1.67	X-RAY DIFFRACTION
2EUV	1.94	X-RAY DIFFRACTION
2EUW	1.68	X-RAY DIFFRACTION
2EUX	1.57	X-RAY DIFFRACTION
2EUY	\N	SOLUTION NMR
2EUZ	1.56	X-RAY DIFFRACTION
2EVF	1.56	X-RAY DIFFRACTION
2EVG	1.55	X-RAY DIFFRACTION
2EVH	1.989	X-RAY DIFFRACTION
2EVI	1.8	X-RAY DIFFRACTION
2EVJ	1.89	X-RAY DIFFRACTION
2EVY	\N	SOLUTION NMR
2EWJ	2.7	X-RAY DIFFRACTION
2EX5	2.2	X-RAY DIFFRACTION
2EXF	\N	SOLUTION NMR
2EZ6	2.05	X-RAY DIFFRACTION
2EZD	\N	SOLUTION NMR
2EZE	\N	SOLUTION NMR
2EZF	\N	SOLUTION NMR
2EZG	\N	SOLUTION NMR
2EZV	2.4	X-RAY DIFFRACTION
2F03	3.05	X-RAY DIFFRACTION
2F1Q	\N	SOLUTION NMR
2F4S	2.8	X-RAY DIFFRACTION
2F4T	3.0	X-RAY DIFFRACTION
2F4U	2.6	X-RAY DIFFRACTION
2F4V	3.8	X-RAY DIFFRACTION
2F4X	\N	SOLUTION NMR
2F55	3.3	X-RAY DIFFRACTION
2F5N	2.0	X-RAY DIFFRACTION
2F5O	2.05	X-RAY DIFFRACTION
2F5P	2.0	X-RAY DIFFRACTION
2F5Q	2.35	X-RAY DIFFRACTION
2F5S	2.35	X-RAY DIFFRACTION
2F87	\N	SOLUTION NMR
2F88	\N	SOLUTION NMR
2F8K	2.0	X-RAY DIFFRACTION
2F8N	2.9	X-RAY DIFFRACTION
2F8S	3.0	X-RAY DIFFRACTION
2F8T	3.1	X-RAY DIFFRACTION
2F8U	\N	SOLUTION NMR
2F8W	1.2	X-RAY DIFFRACTION
2F8X	3.25	X-RAY DIFFRACTION
2FCC	2.3	X-RAY DIFFRACTION
2FCX	2.0	X-RAY DIFFRACTION
2FCY	2.2	X-RAY DIFFRACTION
2FCZ	2.01	X-RAY DIFFRACTION
2FD0	1.8	X-RAY DIFFRACTION
2FD8	2.3	X-RAY DIFFRACTION
2FDC	3.3	X-RAY DIFFRACTION
2FDF	2.1	X-RAY DIFFRACTION
2FDG	2.2	X-RAY DIFFRACTION
2FDH	2.1	X-RAY DIFFRACTION
2FDI	1.8	X-RAY DIFFRACTION
2FDK	2.3	X-RAY DIFFRACTION
2FDT	\N	SOLUTION NMR
2FEY	\N	SOLUTION NMR
2FF0	\N	SOLUTION NMR
2FGP	2.4	X-RAY DIFFRACTION
2FIH	1.13	X-RAY DIFFRACTION
2FII	1.24	X-RAY DIFFRACTION
2FIJ	1.19	X-RAY DIFFRACTION
2FIL	1.69	X-RAY DIFFRACTION
2FIO	2.7	X-RAY DIFFRACTION
2FJ7	3.2	X-RAY DIFFRACTION
2FJV	2.05	X-RAY DIFFRACTION
2FJW	1.95	X-RAY DIFFRACTION
2FJX	1.8	X-RAY DIFFRACTION
2FK6	2.9	X-RAY DIFFRACTION
2FKC	2.39	X-RAY DIFFRACTION
2FKH	3.09	X-RAY DIFFRACTION
2FL3	2.39	X-RAY DIFFRACTION
2FLC	2.59	X-RAY DIFFRACTION
2FLD	2.0	X-RAY DIFFRACTION
2FLL	2.6	X-RAY DIFFRACTION
2FLN	2.5	X-RAY DIFFRACTION
2FLP	2.4	X-RAY DIFFRACTION
2FMP	1.65	X-RAY DIFFRACTION
2FMQ	2.2	X-RAY DIFFRACTION
2FMS	2.0	X-RAY DIFFRACTION
2FMT	2.8	X-RAY DIFFRACTION
2FO1	3.12	X-RAY DIFFRACTION
2FQN	2.3	X-RAY DIFFRACTION
2FQZ	2.0	X-RAY DIFFRACTION
2FR4	1.95	X-RAY DIFFRACTION
2FTC	12.1	ELECTRON MICROSCOPY
2FVP	2.25	X-RAY DIFFRACTION
2FVQ	2.3	X-RAY DIFFRACTION
2FVR	2.2	X-RAY DIFFRACTION
2FVS	2.35	X-RAY DIFFRACTION
2FY1	\N	SOLUTION NMR
2FZ2	2.9	X-RAY DIFFRACTION
2FZA	3.6	X-RAY DIFFRACTION
2G1G	\N	SOLUTION NMR
2G1P	1.89	X-RAY DIFFRACTION
2G1W	\N	SOLUTION NMR
2G1Z	3.11	X-RAY DIFFRACTION
2G32	1.3	X-RAY DIFFRACTION
2G3S	1.499	X-RAY DIFFRACTION
2G4B	2.5	X-RAY DIFFRACTION
2G5K	2.8	X-RAY DIFFRACTION
2G8F	1.65	X-RAY DIFFRACTION
2G8H	1.85	X-RAY DIFFRACTION
2G8I	1.65	X-RAY DIFFRACTION
2G8K	1.65	X-RAY DIFFRACTION
2G8U	2.7	X-RAY DIFFRACTION
2G8V	1.85	X-RAY DIFFRACTION
2G8W	2.05	X-RAY DIFFRACTION
2G91	1.5	X-RAY DIFFRACTION
2G92	1.61	X-RAY DIFFRACTION
2G9C	1.7	X-RAY DIFFRACTION
2GAT	\N	SOLUTION NMR
2GB7	1.7	X-RAY DIFFRACTION
2GB9	1.7	X-RAY DIFFRACTION
2GBH	\N	SOLUTION NMR
2GCS	2.1	X-RAY DIFFRACTION
2GCV	2.1	X-RAY DIFFRACTION
2GDI	2.05	X-RAY DIFFRACTION
2GE2	\N	SOLUTION NMR
2GE5	2.4	X-RAY DIFFRACTION
2GEQ	2.3	X-RAY DIFFRACTION
2GIC	2.92	X-RAY DIFFRACTION
2GIE	2.6	X-RAY DIFFRACTION
2GIG	1.83	X-RAY DIFFRACTION
2GIH	2.5	X-RAY DIFFRACTION
2GII	2.3	X-RAY DIFFRACTION
2GIJ	1.93	X-RAY DIFFRACTION
2GIO	\N	SOLUTION NMR
2GIP	\N	SOLUTION NMR
2GIS	2.9	X-RAY DIFFRACTION
2GJB	2.2	X-RAY DIFFRACTION
2GJE	3.37	X-RAY DIFFRACTION
2GJW	2.85	X-RAY DIFFRACTION
2GKD	\N	SOLUTION NMR
2GKU	\N	SOLUTION NMR
2GLI	2.6	X-RAY DIFFRACTION
2GLO	\N	SOLUTION NMR
2GM0	\N	SOLUTION NMR
2GM4	3.5	X-RAY DIFFRACTION
2GO5	7.4	ELECTRON MICROSCOPY
2GOT	2.602	X-RAY DIFFRACTION
2GPM	1.4	X-RAY DIFFRACTION
2GPX	1.6	X-RAY DIFFRACTION
2GQ4	1.35	X-RAY DIFFRACTION
2GQ5	1.4	X-RAY DIFFRACTION
2GQ6	1.3	X-RAY DIFFRACTION
2GQ7	1.6	X-RAY DIFFRACTION
2GRB	1.4	X-RAY DIFFRACTION
2GRW	\N	SOLUTION NMR
2GTT	3.49	X-RAY DIFFRACTION
2GUN	2.8	X-RAY DIFFRACTION
2GV3	\N	SOLUTION NMR
2GV4	\N	SOLUTION NMR
2GVO	\N	SOLUTION NMR
2GVR	1.65	X-RAY DIFFRACTION
2GW0	1.55	X-RAY DIFFRACTION
2GWA	1.75	X-RAY DIFFRACTION
2GWE	2.2	X-RAY DIFFRACTION
2GWQ	2.0	X-RAY DIFFRACTION
2GWS	2.4	X-RAY DIFFRACTION
2GXA	3.15	X-RAY DIFFRACTION
2GXB	2.25	X-RAY DIFFRACTION
2GYX	1.86	X-RAY DIFFRACTION
2GZK	\N	SOLUTION NMR
2H05	1.8	X-RAY DIFFRACTION
2H0N	1.53	X-RAY DIFFRACTION
2H0S	2.35	X-RAY DIFFRACTION
2H0W	2.4	X-RAY DIFFRACTION
2H0X	2.3	X-RAY DIFFRACTION
2H0Z	2.7	X-RAY DIFFRACTION
2H1K	2.42	X-RAY DIFFRACTION
2H1M	2.9	X-RAY DIFFRACTION
2H1O	3.0	X-RAY DIFFRACTION
2H27	2.3	X-RAY DIFFRACTION
2H3A	\N	SOLUTION NMR
2H3C	\N	SOLUTION NMR
2H49	\N	SOLUTION NMR
2H7F	2.7	X-RAY DIFFRACTION
2H7G	1.9	X-RAY DIFFRACTION
2H7H	2.3	X-RAY DIFFRACTION
2H8C	3.1	X-RAY DIFFRACTION
2H8R	3.2	X-RAY DIFFRACTION
2H9S	1.75	X-RAY DIFFRACTION
2HAN	1.95	X-RAY DIFFRACTION
2HAP	2.5	X-RAY DIFFRACTION
2HAX	1.29	X-RAY DIFFRACTION
2HBN	1.55	X-RAY DIFFRACTION
2HC7	1.4	X-RAY DIFFRACTION
2HDC	\N	SOLUTION NMR
2HDD	1.9	X-RAY DIFFRACTION
2HEM	\N	SOLUTION NMR
2HEO	1.7	X-RAY DIFFRACTION
2HGH	\N	SOLUTION NMR
2HHH	3.35	X-RAY DIFFRACTION
2HHQ	1.8	X-RAY DIFFRACTION
2HHS	1.8	X-RAY DIFFRACTION
2HHT	2.05	X-RAY DIFFRACTION
2HHU	1.8	X-RAY DIFFRACTION
2HHV	1.55	X-RAY DIFFRACTION
2HHW	1.88	X-RAY DIFFRACTION
2HHX	2.26	X-RAY DIFFRACTION
2HK4	\N	SOLUTION NMR
2HKB	\N	SOLUTION NMR
2HKC	\N	SOLUTION NMR
2HLI	\N	SOLUTION NMR
2HMD	\N	SOLUTION NMR
2HMI	2.8	X-RAY DIFFRACTION
2HMR	\N	SOLUTION NMR
2HNS	\N	SOLUTION NMR
2HO6	2.8	X-RAY DIFFRACTION
2HO7	2.9	X-RAY DIFFRACTION
2HOF	2.4	X-RAY DIFFRACTION
2HOI	2.601	X-RAY DIFFRACTION
2HOJ	2.5	X-RAY DIFFRACTION
2HOK	3.2	X-RAY DIFFRACTION
2HOL	2.9	X-RAY DIFFRACTION
2HOM	2.89	X-RAY DIFFRACTION
2HOO	3.0	X-RAY DIFFRACTION
2HOP	3.3	X-RAY DIFFRACTION
2HOS	1.9	X-RAY DIFFRACTION
2HOT	2.19	X-RAY DIFFRACTION
2HOU	\N	SOLUTION NMR
2HPX	\N	SOLUTION NMR
2HR1	1.96	X-RAY DIFFRACTION
2HRI	2.09	X-RAY DIFFRACTION
2HSK	\N	SOLUTION NMR
2HSL	\N	SOLUTION NMR
2HSR	\N	SOLUTION NMR
2HSS	\N	SOLUTION NMR
2HT0	2.0	X-RAY DIFFRACTION
2HT1	3.51	X-RAY DIFFRACTION
2HTO	1.54	X-RAY DIFFRACTION
2HTT	2.6	X-RAY DIFFRACTION
2HUA	\N	SOLUTION NMR
2HVH	2.492	X-RAY DIFFRACTION
2HVI	1.98	X-RAY DIFFRACTION
2HVR	2.45	X-RAY DIFFRACTION
2HVS	2.5	X-RAY DIFFRACTION
2HVY	2.3	X-RAY DIFFRACTION
2HW3	1.98	X-RAY DIFFRACTION
2HW8	2.1	X-RAY DIFFRACTION
2HY9	\N	SOLUTION NMR
2HYI	2.3	X-RAY DIFFRACTION
2HZV	3.1	X-RAY DIFFRACTION
2I05	2.6	X-RAY DIFFRACTION
2I06	2.2	X-RAY DIFFRACTION
2I0Q	1.91	X-RAY DIFFRACTION
2I13	1.96	X-RAY DIFFRACTION
2I2I	1.63	X-RAY DIFFRACTION
2I2Y	\N	SOLUTION NMR
2I3P	2.3	X-RAY DIFFRACTION
2I3Q	2.3	X-RAY DIFFRACTION
2I5A	1.65	X-RAY DIFFRACTION
2I5S	1.9	X-RAY DIFFRACTION
2I5W	2.6	X-RAY DIFFRACTION
2I7E	\N	SOLUTION NMR
2I7Z	\N	SOLUTION NMR
2I82	2.05	X-RAY DIFFRACTION
2I91	2.65	X-RAY DIFFRACTION
2I9G	2.1	X-RAY DIFFRACTION
2I9K	2.65	X-RAY DIFFRACTION
2I9T	2.8	X-RAY DIFFRACTION
2IA6	2.5	X-RAY DIFFRACTION
2IBK	2.25	X-RAY DIFFRACTION
2IBS	2.4	X-RAY DIFFRACTION
2IBT	1.7	X-RAY DIFFRACTION
2ICZ	\N	SOLUTION NMR
2IDN	\N	SOLUTION NMR
2IE1	1.6	X-RAY DIFFRACTION
2IEF	2.601	X-RAY DIFFRACTION
2IH2	1.61	X-RAY DIFFRACTION
2IH4	2.1	X-RAY DIFFRACTION
2IH5	1.8	X-RAY DIFFRACTION
2IHM	2.4	X-RAY DIFFRACTION
2IHN	3.0	X-RAY DIFFRACTION
2IHX	\N	SOLUTION NMR
2IIE	2.41	X-RAY DIFFRACTION
2IIF	2.72	X-RAY DIFFRACTION
2IL9	3.1	X-RAY DIFFRACTION
2IMW	2.05	X-RAY DIFFRACTION
2IRF	2.2	X-RAY DIFFRACTION
2IRN	\N	SOLUTION NMR
2IRO	\N	SOLUTION NMR
2IS1	2.9	X-RAY DIFFRACTION
2IS2	3.0	X-RAY DIFFRACTION
2IS4	2.6	X-RAY DIFFRACTION
2IS6	2.2	X-RAY DIFFRACTION
2ISO	2.1	X-RAY DIFFRACTION
2ISP	2.2	X-RAY DIFFRACTION
2ISZ	2.403	X-RAY DIFFRACTION
2IT0	2.6	X-RAY DIFFRACTION
2ITL	1.65	X-RAY DIFFRACTION
2IVH	2.8	X-RAY DIFFRACTION
2IVK	2.9	X-RAY DIFFRACTION
2IX1	2.74	X-RAY DIFFRACTION
2IXY	\N	SOLUTION NMR
2IXZ	\N	SOLUTION NMR
2IY3	16.0	ELECTRON MICROSCOPY
2IY5	3.1	X-RAY DIFFRACTION
2IZ8	3.3	X-RAY DIFFRACTION
2IZ9	2.85	X-RAY DIFFRACTION
2IZM	2.7	X-RAY DIFFRACTION
2IZN	2.56	X-RAY DIFFRACTION
2J0Q	3.2	X-RAY DIFFRACTION
2J0S	2.21	X-RAY DIFFRACTION
2J28	9.5	ELECTRON MICROSCOPY
2J37	8.7	ELECTRON MICROSCOPY
2J6S	2.5	X-RAY DIFFRACTION
2J6T	2.6	X-RAY DIFFRACTION
2J6U	2.5	X-RAY DIFFRACTION
2JA5	3.8	X-RAY DIFFRACTION
2JA6	4.0	X-RAY DIFFRACTION
2JA7	3.8	X-RAY DIFFRACTION
2JA8	3.8	X-RAY DIFFRACTION
2JEA	2.33	X-RAY DIFFRACTION
2JEF	2.17	X-RAY DIFFRACTION
2JEG	2.38	X-RAY DIFFRACTION
2JEI	2.39	X-RAY DIFFRACTION
2JEJ	1.86	X-RAY DIFFRACTION
2JG3	1.9	X-RAY DIFFRACTION
2JJA	1.3	X-RAY DIFFRACTION
2JLG	2.8	X-RAY DIFFRACTION
2JLT	2.9	X-RAY DIFFRACTION
2JLU	2.04	X-RAY DIFFRACTION
2JLV	1.9	X-RAY DIFFRACTION
2JLW	2.6	X-RAY DIFFRACTION
2JLX	2.2	X-RAY DIFFRACTION
2JLY	2.4	X-RAY DIFFRACTION
2JLZ	2.2	X-RAY DIFFRACTION
2JP9	\N	SOLUTION NMR
2JPA	\N	SOLUTION NMR
2JPP	\N	SOLUTION NMR
2JPZ	\N	SOLUTION NMR
2JQ7	\N	SOLUTION NMR
2JR4	\N	SOLUTION NMR
2JRG	\N	SOLUTION NMR
2JRQ	\N	SOLUTION NMR
2JSE	\N	SOLUTION NMR
2JSG	\N	SOLUTION NMR
2JSK	\N	SOLUTION NMR
2JSL	\N	SOLUTION NMR
2JSM	\N	SOLUTION NMR
2JSQ	\N	SOLUTION NMR
2JT7	\N	SOLUTION NMR
2JTP	\N	SOLUTION NMR
2JUK	\N	SOLUTION NMR
2JWQ	\N	SOLUTION NMR
2JWV	\N	SOLUTION NMR
2JX1	\N	SOLUTION NMR
2JXI	\N	SOLUTION NMR
2JXQ	\N	SOLUTION NMR
2JXS	\N	SOLUTION NMR
2JXV	\N	SOLUTION NMR
2JYF	\N	SOLUTION NMR
2JYH	\N	SOLUTION NMR
2JYJ	\N	SOLUTION NMR
2JYK	\N	SOLUTION NMR
2JYM	\N	SOLUTION NMR
2JZW	\N	SOLUTION NMR
2K0T	\N	SOLUTION NMR
2K0U	\N	SOLUTION NMR
2K0V	\N	SOLUTION NMR
2K1N	\N	SOLUTION NMR
2K1Y	\N	SOLUTION NMR
2K3Z	\N	SOLUTION NMR
2K41	\N	SOLUTION NMR
2K4C	\N	SOLUTION NMR
2K4G	\N	SOLUTION NMR
2K4L	\N	SOLUTION NMR
2K5Z	\N	SOLUTION NMR
2K65	\N	SOLUTION NMR
2K66	\N	SOLUTION NMR
2K67	\N	SOLUTION NMR
2K68	\N	SOLUTION NMR
2K69	\N	SOLUTION NMR
2K71	\N	SOLUTION NMR
2K7E	\N	SOLUTION NMR
2K7F	\N	SOLUTION NMR
2K8T	\N	SOLUTION NMR
2K8U	\N	SOLUTION NMR
2K8Z	\N	SOLUTION NMR
2K90	\N	SOLUTION NMR
2K95	\N	SOLUTION NMR
2K96	\N	SOLUTION NMR
2K97	\N	SOLUTION NMR
2KAE	\N	SOLUTION NMR
2KAL	\N	SOLUTION NMR
2KAR	\N	SOLUTION NMR
2KAS	\N	SOLUTION NMR
2KAZ	\N	SOLUTION NMR
2KBD	\N	SOLUTION NMR
2KBP	\N	SOLUTION NMR
2KD4	\N	SOLUTION NMR
2KD8	\N	SOLUTION NMR
2KD9	\N	SOLUTION NMR
2KDA	\N	SOLUTION NMR
2KDQ	\N	SOLUTION NMR
2KDZ	\N	SOLUTION NMR
2KE6	\N	SOLUTION NMR
2KE8	\N	SOLUTION NMR
2KEI	\N	SOLUTION NMR
2KEJ	\N	SOLUTION NMR
2KEK	\N	SOLUTION NMR
2KEZ	\N	SOLUTION NMR
2KF0	\N	SOLUTION NMR
2KF7	\N	SOLUTION NMR
2KF8	\N	SOLUTION NMR
2KFN	2.03	X-RAY DIFFRACTION
2KFY	\N	SOLUTION NMR
2KFZ	2.03	X-RAY DIFFRACTION
2KG0	\N	SOLUTION NMR
2KG1	\N	SOLUTION NMR
2KGP	\N	SOLUTION NMR
2KH0	\N	SOLUTION NMR
2KH1	\N	SOLUTION NMR
2KH3	\N	SOLUTION NMR
2KH4	\N	SOLUTION NMR
2KH5	\N	SOLUTION NMR
2KH6	\N	SOLUTION NMR
2KH7	\N	SOLUTION NMR
2KH8	\N	SOLUTION NMR
2KH9	\N	SOLUTION NMR
2KHY	\N	SOLUTION NMR
2KK5	\N	SOLUTION NMR
2KKA	\N	SOLUTION NMR
2KKF	\N	SOLUTION NMR
2KKK	\N	SOLUTION NMR
2KM3	\N	SOLUTION NMR
2KM8	\N	SOLUTION NMR
2KMJ	\N	SOLUTION NMR
2KMK	\N	SOLUTION NMR
2KN7	\N	SOLUTION NMR
2KNK	\N	SOLUTION NMR
2KNL	\N	SOLUTION NMR
2KO0	\N	SOLUTION NMR
2KOC	\N	SOLUTION NMR
2KOW	\N	SOLUTION NMR
2KP3	\N	SOLUTION NMR
2KP4	\N	SOLUTION NMR
2KPC	\N	SOLUTION NMR
2KPD	\N	SOLUTION NMR
2KPR	\N	SOLUTION NMR
2KPV	\N	SOLUTION NMR
2KQG	\N	SOLUTION NMR
2KQH	\N	SOLUTION NMR
2KRL	\N	SOLUTION NMR
2KRP	\N	SOLUTION NMR
2KRQ	\N	SOLUTION NMR
2KRV	\N	SOLUTION NMR
2KRW	\N	SOLUTION NMR
2KRY	\N	SOLUTION NMR
2KRZ	\N	SOLUTION NMR
2KTP	\N	SOLUTION NMR
2KTQ	2.3	X-RAY DIFFRACTION
2KTT	\N	SOLUTION NMR
2KTZ	\N	SOLUTION NMR
2KU0	\N	SOLUTION NMR
2KUR	\N	SOLUTION NMR
2KUU	\N	SOLUTION NMR
2KUV	\N	SOLUTION NMR
2KUW	\N	SOLUTION NMR
2KUZ	\N	SOLUTION NMR
2KV0	\N	SOLUTION NMR
2KV6	\N	SOLUTION NMR
2KVN	\N	SOLUTION NMR
2KVY	\N	SOLUTION NMR
2KWG	\N	SOLUTION NMR
2KX5	\N	SOLUTION NMR
2KX8	\N	SOLUTION NMR
2KXM	\N	SOLUTION NMR
2KXN	\N	SOLUTION NMR
2KXZ	\N	SOLUTION NMR
2KY0	\N	SOLUTION NMR
2KY1	\N	SOLUTION NMR
2KY2	\N	SOLUTION NMR
2KY7	\N	SOLUTION NMR
2KY8	\N	SOLUTION NMR
2KYD	\N	SOLUTION NMR
2KYE	\N	SOLUTION NMR
2KYO	\N	SOLUTION NMR
2KYP	\N	SOLUTION NMR
2KZD	\N	SOLUTION NMR
2KZE	\N	SOLUTION NMR
2KZL	\N	SOLUTION NMR
2KZM	2.6	X-RAY DIFFRACTION
2KZZ	2.25	X-RAY DIFFRACTION
2L13	\N	SOLUTION NMR
2L1F	\N	SOLUTION NMR
2L1G	\N	SOLUTION NMR
2L1V	\N	SOLUTION NMR
2L2J	\N	SOLUTION NMR
2L2K	\N	SOLUTION NMR
2L2U	\N	SOLUTION NMR
2L2V	\N	SOLUTION NMR
2L3C	\N	SOLUTION NMR
2L3E	\N	SOLUTION NMR
2L3J	\N	SOLUTION NMR
2L41	\N	SOLUTION NMR
2L45	\N	SOLUTION NMR
2L46	\N	SOLUTION NMR
2L4L	\N	SOLUTION NMR
2L5D	\N	SOLUTION NMR
2L5K	\N	SOLUTION NMR
2L5Z	\N	SOLUTION NMR
2L6I	\N	SOLUTION NMR
2L7D	\N	SOLUTION NMR
2L7V	\N	SOLUTION NMR
2L88	\N	SOLUTION NMR
2L8C	\N	SOLUTION NMR
2L8F	\N	SOLUTION NMR
2L8H	\N	SOLUTION NMR
2L8I	\N	SOLUTION NMR
2L8P	\N	SOLUTION NMR
2L8Q	\N	SOLUTION NMR
2L8U	\N	SOLUTION NMR
2L8W	\N	SOLUTION NMR
2L94	\N	SOLUTION NMR
2L9E	\N	SOLUTION NMR
2LA5	\N	SOLUTION NMR
2LA9	\N	SOLUTION NMR
2LAC	\N	SOLUTION NMR
2LAR	\N	SOLUTION NMR
2LB4	\N	SOLUTION NMR
2LBI	\N	SOLUTION NMR
2LBJ	\N	SOLUTION NMR
2LBK	\N	SOLUTION NMR
2LBL	\N	SOLUTION NMR
2LBQ	\N	SOLUTION NMR
2LBR	\N	SOLUTION NMR
2LBS	\N	SOLUTION NMR
2LBY	\N	SOLUTION NMR
2LC8	\N	SOLUTION NMR
2LD5	\N	SOLUTION NMR
2LD8	\N	SOLUTION NMR
2LDL	\N	SOLUTION NMR
2LDT	\N	SOLUTION NMR
2LDZ	\N	SOLUTION NMR
2LE6	\N	SOLUTION NMR
2LEB	\N	SOLUTION NMR
2LEC	\N	SOLUTION NMR
2LED	\N	SOLUTION NMR
2LEE	\N	SOLUTION NMR
2LEF	\N	SOLUTION NMR
2LEV	\N	SOLUTION NMR
2LEX	\N	SOLUTION NMR
2LFA	\N	SOLUTION NMR
2LFX	\N	SOLUTION NMR
2LFY	\N	SOLUTION NMR
2LG0	\N	SOLUTION NMR
2LG2	\N	SOLUTION NMR
2LG3	\N	SOLUTION NMR
2LGM	\N	SOLUTION NMR
2LHO	\N	SOLUTION NMR
2LHP	\N	SOLUTION NMR
2LI4	\N	SOLUTION NMR
2LI8	\N	SOLUTION NMR
2LIA	\N	SOLUTION NMR
2LIB	\N	SOLUTION NMR
2LJJ	\N	SOLUTION NMR
2LK3	\N	SOLUTION NMR
2LK7	\N	SOLUTION NMR
2LKR	\N	SOLUTION NMR
2LKX	\N	SOLUTION NMR
2LL9	\N	SOLUTION NMR
2LLJ	\N	SOLUTION NMR
2LO5	\N	SOLUTION NMR
2LO8	\N	SOLUTION NMR
2LOA	\N	SOLUTION NMR
2LOD	\N	SOLUTION NMR
2LP9	\N	SOLUTION NMR
2LPA	\N	SOLUTION NMR
2LPS	\N	SOLUTION NMR
2LPT	\N	SOLUTION NMR
2LPW	\N	SOLUTION NMR
2LQZ	\N	SOLUTION NMR
2LSC	\N	SOLUTION NMR
2LSF	\N	SOLUTION NMR
2LSX	\N	SOLUTION NMR
2LSZ	\N	SOLUTION NMR
2LT0	\N	SOLUTION NMR
2LT7	\N	SOLUTION NMR
2LTT	\N	SOLUTION NMR
2LU0	\N	SOLUTION NMR
2LUB	\N	SOLUTION NMR
2LUJ	\N	SOLUTION NMR
2LUN	\N	SOLUTION NMR
2LUP	\N	SOLUTION NMR
2LV0	\N	SOLUTION NMR
2LVY	\N	SOLUTION NMR
2LWG	\N	SOLUTION NMR
2LWH	\N	SOLUTION NMR
2LWK	\N	SOLUTION NMR
2LWM	\N	SOLUTION NMR
2LWN	\N	SOLUTION NMR
2LWO	\N	SOLUTION NMR
2LX1	\N	SOLUTION NMR
2LXQ	\N	SOLUTION NMR
2LXV	\N	SOLUTION NMR
2LYG	\N	SOLUTION NMR
2LZK	\N	SOLUTION NMR
2LZV	\N	SOLUTION NMR
2LZW	\N	SOLUTION NMR
2M11	\N	SOLUTION NMR
2M12	\N	SOLUTION NMR
2M18	\N	SOLUTION NMR
2M1G	\N	SOLUTION NMR
2M1O	\N	SOLUTION NMR
2M1V	\N	SOLUTION NMR
2M21	\N	SOLUTION NMR
2M22	\N	SOLUTION NMR
2M23	\N	SOLUTION NMR
2M24	\N	SOLUTION NMR
2M27	\N	SOLUTION NMR
2M2C	\N	SOLUTION NMR
2M2W	\N	SOLUTION NMR
2M39	\N	SOLUTION NMR
2M3P	\N	SOLUTION NMR
2M3Y	\N	SOLUTION NMR
2M40	\N	SOLUTION NMR
2M43	\N	SOLUTION NMR
2M44	\N	SOLUTION NMR
2M4P	\N	SOLUTION NMR
2M4Q	\N	SOLUTION NMR
2M4W	\N	SOLUTION NMR
2M53	\N	SOLUTION NMR
2M54	\N	SOLUTION NMR
2M57	\N	SOLUTION NMR
2M58	\N	SOLUTION NMR
2M5U	\N	SOLUTION NMR
2M6V	\N	SOLUTION NMR
2M6W	\N	SOLUTION NMR
2M84	\N	SOLUTION NMR
2M8A	\N	SOLUTION NMR
2M8D	\N	SOLUTION NMR
2M8K	\N	SOLUTION NMR
2M8Y	\N	SOLUTION NMR
2M8Z	\N	SOLUTION NMR
2M90	\N	SOLUTION NMR
2M91	\N	SOLUTION NMR
2M92	\N	SOLUTION NMR
2M93	\N	SOLUTION NMR
2MAP	\N	SOLUTION NMR
2MAV	\N	SOLUTION NMR
2MAY	\N	SOLUTION NMR
2MB0	\N	SOLUTION NMR
2MB2	\N	SOLUTION NMR
2MB3	\N	SOLUTION NMR
2MB4	\N	SOLUTION NMR
2MBJ	\N	SOLUTION NMR
2MCC	\N	SOLUTION NMR
2MCI	\N	SOLUTION NMR
2MCJ	\N	SOLUTION NMR
2MCO	\N	SOLUTION NMR
2ME6	\N	SOLUTION NMR
2MEQ	\N	SOLUTION NMR
2MER	\N	SOLUTION NMR
2MF0	\N	SOLUTION NMR
2MF1	\N	SOLUTION NMR
2MF8	\N	SOLUTION NMR
2MFC	\N	SOLUTION NMR
2MFD	\N	SOLUTION NMR
2MFE	\N	SOLUTION NMR
2MFF	\N	SOLUTION NMR
2MFG	\N	SOLUTION NMR
2MFH	\N	SOLUTION NMR
2MFT	\N	SOLUTION NMR
2MFU	\N	SOLUTION NMR
2MG8	\N	SOLUTION NMR
2MGN	\N	SOLUTION NMR
2MGZ	\N	SOLUTION NMR
2MH6	\N	SOLUTION NMR
2MHI	\N	SOLUTION NMR
2MHX	\N	SOLUTION NMR
2MHZ	\N	SOLUTION NMR
2MI0	\N	SOLUTION NMR
2MIS	\N	SOLUTION NMR
2MIV	\N	SOLUTION NMR
2MIW	\N	SOLUTION NMR
2MIY	\N	SOLUTION NMR
2MJH	\N	SOLUTION NMR
2MJJ	\N	SOLUTION NMR
2MJX	\N	SOLUTION NMR
2MKI	\N	SOLUTION NMR
2MKK	\N	SOLUTION NMR
2MKM	\N	SOLUTION NMR
2MKN	\N	SOLUTION NMR
2MKO	\N	SOLUTION NMR
2MMF	\N	SOLUTION NMR
2MMQ	\N	SOLUTION NMR
2MMR	\N	SOLUTION NMR
2MMS	\N	SOLUTION NMR
2MN0	\N	SOLUTION NMR
2MNA	\N	SOLUTION NMR
2MNB	\N	SOLUTION NMR
2MNC	\N	SOLUTION NMR
2MND	\N	SOLUTION NMR
2MNE	\N	SOLUTION NMR
2MNF	\N	SOLUTION NMR
2MNX	\N	SOLUTION NMR
2MO2	\N	SOLUTION NMR
2MO7	\N	SOLUTION NMR
2MOE	\N	SOLUTION NMR
2MQO	\N	SOLUTION NMR
2MQP	\N	SOLUTION NMR
2MQQ	\N	SOLUTION NMR
2MQT	\N	SOLUTION NMR
2MQV	\N	SOLUTION NMR
2MRU	\N	SOLUTION NMR
2MRZ	\N	SOLUTION NMR
2MS0	\N	SOLUTION NMR
2MS1	\N	SOLUTION NMR
2MS5	\N	SOLUTION NMR
2MS6	\N	SOLUTION NMR
2MS9	\N	SOLUTION NMR
2MTJ	\N	SOLUTION NMR
2MTK	\N	SOLUTION NMR
2MTV	\N	SOLUTION NMR
2MVS	\N	SOLUTION NMR
2MVY	\N	SOLUTION NMR
2MWZ	\N	SOLUTION NMR
2MXF	\N	SOLUTION NMR
2MXJ	\N	SOLUTION NMR
2MXK	\N	SOLUTION NMR
2MXL	\N	SOLUTION NMR
2MXS	\N	SOLUTION NMR
2MXY	\N	SOLUTION NMR
2MZ1	\N	SOLUTION NMR
2N0J	\N	SOLUTION NMR
2N0Q	\N	SOLUTION NMR
2N0R	\N	SOLID-STATE NMR
2N1Q	\N	SOLUTION NMR
2N21	\N	SOLUTION NMR
2N2D	\N	SOLUTION NMR
2N2O	\N	SOLUTION NMR
2N2P	\N	SOLUTION NMR
2N3M	\N	SOLUTION NMR
2N3O	\N	SOLUTION NMR
2N3Q	\N	SOLUTION NMR
2N3R	\N	SOLUTION NMR
2N4J	\N	SOLUTION NMR
2N4L	\N	SOLUTION NMR
2N4M	\N	SOLUTION NMR
2N4Y	\N	SOLUTION NMR
2N5O	\N	SOLUTION NMR
2N5P	\N	SOLUTION NMR
2N60	\N	SOLUTION NMR
2N6C	\N	SOLUTION NMR
2N6S	\N	SOLUTION NMR
2N6T	\N	SOLUTION NMR
2N6W	\N	SOLUTION NMR
2N6X	\N	SOLUTION NMR
2N7C	\N	SOLUTION NMR
2N7M	\N	SOLUTION NMR
2N7X	\N	SOLUTION NMR
2N82	\N	SOLUTION NMR
2N89	\N	SOLUTION NMR
2N8A	\N	SOLUTION NMR
2N8L	\N	SOLUTION NMR
2N8M	\N	SOLUTION NMR
2N8V	\N	SOLUTION NMR
2N96	\N	SOLUTION NMR
2N9F	\N	SOLUTION NMR
2N9H	\N	SOLUTION NMR
2N9Q	\N	SOLUTION NMR
2NBJ	\N	SOLUTION NMR
2NBX	\N	SOLUTION NMR
2NBY	\N	SOLUTION NMR
2NBZ	\N	SOLUTION NMR
2NC0	\N	SOLUTION NMR
2NC1	\N	SOLUTION NMR
2NCI	\N	SOLUTION NMR
2NCQ	\N	SOLUTION NMR
2NCR	\N	SOLUTION NMR
2NEO	\N	SOLUTION NMR
2NL8	2.3	X-RAY DIFFRACTION
2NLL	1.9	X-RAY DIFFRACTION
2NLM	2.05	X-RAY DIFFRACTION
2NMV	2.95	X-RAY DIFFRACTION
2NNY	2.58	X-RAY DIFFRACTION
2NOB	2.1	X-RAY DIFFRACTION
2NOE	2.2	X-RAY DIFFRACTION
2NOF	2.35	X-RAY DIFFRACTION
2NOH	2.01	X-RAY DIFFRACTION
2NOI	2.35	X-RAY DIFFRACTION
2NOK	3.0	X-RAY DIFFRACTION
2NOL	2.57	X-RAY DIFFRACTION
2NOQ	7.3	ELECTRON MICROSCOPY
2NOZ	2.43	X-RAY DIFFRACTION
2NP2	3.02	X-RAY DIFFRACTION
2NP6	2.1	X-RAY DIFFRACTION
2NP7	1.9	X-RAY DIFFRACTION
2NPW	\N	SOLUTION NMR
2NPY	2.65	X-RAY DIFFRACTION
2NPZ	3.35	X-RAY DIFFRACTION
2NQ0	\N	SOLUTION NMR
2NQ1	\N	SOLUTION NMR
2NQ4	\N	SOLUTION NMR
2NQ9	1.45	X-RAY DIFFRACTION
2NQB	2.3	X-RAY DIFFRACTION
2NQJ	2.45	X-RAY DIFFRACTION
2NQP	3.5	X-RAY DIFFRACTION
2NR0	3.9	X-RAY DIFFRACTION
2NRA	3.1	X-RAY DIFFRACTION
2NRE	4.0	X-RAY DIFFRACTION
2NSK	1.5	X-RAY DIFFRACTION
2NTC	2.4	X-RAY DIFFRACTION
2NTZ	3.35	X-RAY DIFFRACTION
2NUE	2.9	X-RAY DIFFRACTION
2NUF	2.5	X-RAY DIFFRACTION
2NUG	1.7	X-RAY DIFFRACTION
2NVQ	2.9	X-RAY DIFFRACTION
2NVT	3.36	X-RAY DIFFRACTION
2NVX	3.6	X-RAY DIFFRACTION
2NVZ	4.3	X-RAY DIFFRACTION
2NZ4	2.498	X-RAY DIFFRACTION
2NZD	2.65	X-RAY DIFFRACTION
2O19	2.45	X-RAY DIFFRACTION
2O1I	1.1	X-RAY DIFFRACTION
2O32	\N	SOLUTION NMR
2O33	\N	SOLUTION NMR
2O3M	\N	SOLUTION NMR
2O3V	2.8	X-RAY DIFFRACTION
2O3W	2.8	X-RAY DIFFRACTION
2O3X	2.9	X-RAY DIFFRACTION
2O3Y	2.7	X-RAY DIFFRACTION
2O43	3.6	X-RAY DIFFRACTION
2O44	3.3	X-RAY DIFFRACTION
2O45	3.6	X-RAY DIFFRACTION
2O49	2.0	X-RAY DIFFRACTION
2O4A	1.75	X-RAY DIFFRACTION
2O4F	1.5	X-RAY DIFFRACTION
2O4I	3.5	X-RAY DIFFRACTION
2O4Y	\N	SOLUTION NMR
2O54	2.5	X-RAY DIFFRACTION
2O59	2.5	X-RAY DIFFRACTION
2O5C	2.35	X-RAY DIFFRACTION
2O5E	2.5	X-RAY DIFFRACTION
2O5I	2.5	X-RAY DIFFRACTION
2O5J	3.0	X-RAY DIFFRACTION
2O61	2.8	X-RAY DIFFRACTION
2O6G	3.1	X-RAY DIFFRACTION
2O6M	2.3	X-RAY DIFFRACTION
2O7W	\N	SOLUTION NMR
2O7X	\N	SOLUTION NMR
2O7Y	\N	SOLUTION NMR
2O7Z	\N	SOLUTION NMR
2O80	\N	SOLUTION NMR
2O81	\N	SOLUTION NMR
2O82	\N	SOLUTION NMR
2O83	\N	SOLUTION NMR
2O8B	2.75	X-RAY DIFFRACTION
2O8C	3.37	X-RAY DIFFRACTION
2O8D	3.0	X-RAY DIFFRACTION
2O8E	3.3	X-RAY DIFFRACTION
2O8F	3.25	X-RAY DIFFRACTION
2O8K	\N	SOLUTION NMR
2O93	3.05	X-RAY DIFFRACTION
2O9L	\N	SOLUTION NMR
2OA8	2.1	X-RAY DIFFRACTION
2OAA	1.5	X-RAY DIFFRACTION
2OB7	13.6	ELECTRON MICROSCOPY
2OBZ	1.1	X-RAY DIFFRACTION
2ODI	1.45	X-RAY DIFFRACTION
2OE5	1.51	X-RAY DIFFRACTION
2OE6	2.4	X-RAY DIFFRACTION
2OE8	1.8	X-RAY DIFFRACTION
2OEH	\N	SOLUTION NMR
2OEU	2.0	X-RAY DIFFRACTION
2OEY	\N	SOLUTION NMR
2OFI	1.85	X-RAY DIFFRACTION
2OG0	1.9	X-RAY DIFFRACTION
2OGM	3.5	X-RAY DIFFRACTION
2OGN	3.56	X-RAY DIFFRACTION
2OGO	3.66	X-RAY DIFFRACTION
2OH2	3.05	X-RAY DIFFRACTION
2OIH	2.4	X-RAY DIFFRACTION
2OIJ	2.31	X-RAY DIFFRACTION
2OIU	2.6	X-RAY DIFFRACTION
2OIY	1.6	X-RAY DIFFRACTION
2OJ0	2.6	X-RAY DIFFRACTION
2OJ3	2.9	X-RAY DIFFRACTION
2OJ7	\N	SOLUTION NMR
2OJ8	\N	SOLUTION NMR
2OK0	1.89	X-RAY DIFFRACTION
2OKS	1.65	X-RAY DIFFRACTION
2OM3	4.4	ELECTRON MICROSCOPY
2OM7	7.3	ELECTRON MICROSCOPY
2OOM	\N	SOLUTION NMR
2OPF	1.85	X-RAY DIFFRACTION
2OQ4	2.6	X-RAY DIFFRACTION
2OR1	2.5	X-RAY DIFFRACTION
2ORF	1.85	X-RAY DIFFRACTION
2ORG	2.0	X-RAY DIFFRACTION
2ORH	1.9	X-RAY DIFFRACTION
2OST	3.1	X-RAY DIFFRACTION
2OTJ	2.9	X-RAY DIFFRACTION
2OTL	2.7	X-RAY DIFFRACTION
2OUE	2.05	X-RAY DIFFRACTION
2OWO	2.3	X-RAY DIFFRACTION
2OXM	2.5	X-RAY DIFFRACTION
2OXV	1.95	X-RAY DIFFRACTION
2OYQ	2.86	X-RAY DIFFRACTION
2OYT	2.0	X-RAY DIFFRACTION
2OZB	2.6	X-RAY DIFFRACTION
2OZM	2.86	X-RAY DIFFRACTION
2OZS	2.75	X-RAY DIFFRACTION
2P0J	2.1	X-RAY DIFFRACTION
2P2R	1.6	X-RAY DIFFRACTION
2P5G	2.8	X-RAY DIFFRACTION
2P5L	2.85	X-RAY DIFFRACTION
2P5O	2.8	X-RAY DIFFRACTION
2P66	2.5	X-RAY DIFFRACTION
2P6R	3.0	X-RAY DIFFRACTION
2P7C	\N	SOLUTION NMR
2P7D	2.25	X-RAY DIFFRACTION
2P7E	2.05	X-RAY DIFFRACTION
2P7F	2.35	X-RAY DIFFRACTION
2P89	\N	SOLUTION NMR
2P8D	1.9	X-RAY DIFFRACTION
2PCV	\N	SOLUTION NMR
2PCW	\N	SOLUTION NMR
2PE5	3.5	X-RAY DIFFRACTION
2PFJ	3.1	X-RAY DIFFRACTION
2PFN	1.9	X-RAY DIFFRACTION
2PFO	2.0	X-RAY DIFFRACTION
2PFP	2.1	X-RAY DIFFRACTION
2PFQ	2.1	X-RAY DIFFRACTION
2PI0	2.31	X-RAY DIFFRACTION
2PI4	2.5	X-RAY DIFFRACTION
2PI5	2.9	X-RAY DIFFRACTION
2PIK	\N	SOLUTION NMR
2PIS	2.8	X-RAY DIFFRACTION
2PJP	2.3	X-RAY DIFFRACTION
2PJR	2.9	X-RAY DIFFRACTION
2PKV	1.6	X-RAY DIFFRACTION
2PL4	1.65	X-RAY DIFFRACTION
2PL8	1.65	X-RAY DIFFRACTION
2PLB	1.6	X-RAY DIFFRACTION
2PLO	1.4	X-RAY DIFFRACTION
2PLY	2.6	X-RAY DIFFRACTION
2PN3	2.9	X-RAY DIFFRACTION
2PN4	2.32	X-RAY DIFFRACTION
2PN9	\N	SOLUTION NMR
2PO1	1.94	X-RAY DIFFRACTION
2PPB	3.0	X-RAY DIFFRACTION
2PQU	2.12	X-RAY DIFFRACTION
2PRT	3.15	X-RAY DIFFRACTION
2PUA	2.9	X-RAY DIFFRACTION
2PUB	2.7	X-RAY DIFFRACTION
2PUC	2.6	X-RAY DIFFRACTION
2PUD	2.6	X-RAY DIFFRACTION
2PUE	2.7	X-RAY DIFFRACTION
2PUF	3.0	X-RAY DIFFRACTION
2PUG	2.7	X-RAY DIFFRACTION
2PVI	1.76	X-RAY DIFFRACTION
2PWT	1.8	X-RAY DIFFRACTION
2PXB	2.5	X-RAY DIFFRACTION
2PXD	2.0	X-RAY DIFFRACTION
2PXE	2.0	X-RAY DIFFRACTION
2PXF	2.0	X-RAY DIFFRACTION
2PXI	2.1	X-RAY DIFFRACTION
2PXK	2.5	X-RAY DIFFRACTION
2PXL	2.5	X-RAY DIFFRACTION
2PXP	2.5	X-RAY DIFFRACTION
2PXQ	2.5	X-RAY DIFFRACTION
2PXT	2.5	X-RAY DIFFRACTION
2PXU	2.5	X-RAY DIFFRACTION
2PXV	2.0	X-RAY DIFFRACTION
2PY5	1.6	X-RAY DIFFRACTION
2PY9	2.56	X-RAY DIFFRACTION
2PYJ	2.03	X-RAY DIFFRACTION
2PYL	2.2	X-RAY DIFFRACTION
2PYO	2.43	X-RAY DIFFRACTION
2PZS	2.6	X-RAY DIFFRACTION
2Q10	1.75	X-RAY DIFFRACTION
2Q1O	1.1	X-RAY DIFFRACTION
2Q1R	1.12	X-RAY DIFFRACTION
2Q2K	3.0	X-RAY DIFFRACTION
2Q2T	2.3	X-RAY DIFFRACTION
2Q2U	3.0	X-RAY DIFFRACTION
2Q66	1.8	X-RAY DIFFRACTION
2QA4	3.0	X-RAY DIFFRACTION
2QBY	3.35	X-RAY DIFFRACTION
2QBZ	2.6	X-RAY DIFFRACTION
2QEF	1.6	X-RAY DIFFRACTION
2QEG	1.6	X-RAY DIFFRACTION
2QEK	1.8	X-RAY DIFFRACTION
2QEX	2.9	X-RAY DIFFRACTION
2QFJ	2.1	X-RAY DIFFRACTION
2QH2	\N	SOLUTION NMR
2QH3	\N	SOLUTION NMR
2QH4	\N	SOLUTION NMR
2QHB	2.4	X-RAY DIFFRACTION
2QK9	2.55	X-RAY DIFFRACTION
2QKB	2.4	X-RAY DIFFRACTION
2QKK	3.2	X-RAY DIFFRACTION
2QL2	2.5	X-RAY DIFFRACTION
2QNC	3.1	X-RAY DIFFRACTION
2QNF	3.0	X-RAY DIFFRACTION
2QOJ	2.4	X-RAY DIFFRACTION
2QQP	3.8	X-RAY DIFFRACTION
2QS6	3.08	X-RAY DIFFRACTION
2QSG	3.1	X-RAY DIFFRACTION
2QSH	2.805	X-RAY DIFFRACTION
2QUS	2.4	X-RAY DIFFRACTION
2QUW	2.2	X-RAY DIFFRACTION
2QUX	2.44	X-RAY DIFFRACTION
2QWY	2.8	X-RAY DIFFRACTION
2R0Q	3.2	X-RAY DIFFRACTION
2R1G	12.5	ELECTRON MICROSCOPY
2R1J	1.53	X-RAY DIFFRACTION
2R1S	1.4	X-RAY DIFFRACTION
2R20	1.3	X-RAY DIFFRACTION
2R21	1.59	X-RAY DIFFRACTION
2R22	1.4	X-RAY DIFFRACTION
2R2R	2.1	X-RAY DIFFRACTION
2R2S	2.8	X-RAY DIFFRACTION
2R2T	2.0	X-RAY DIFFRACTION
2R2U	2.3	X-RAY DIFFRACTION
2R5Y	2.6	X-RAY DIFFRACTION
2R5Z	2.6	X-RAY DIFFRACTION
2R7R	2.6	X-RAY DIFFRACTION
2R7S	3.24	X-RAY DIFFRACTION
2R7T	3.0	X-RAY DIFFRACTION
2R7U	3.1	X-RAY DIFFRACTION
2R7V	2.8	X-RAY DIFFRACTION
2R7W	2.6	X-RAY DIFFRACTION
2R7X	2.8	X-RAY DIFFRACTION
2R7Y	1.8	X-RAY DIFFRACTION
2R7Z	3.8	X-RAY DIFFRACTION
2R8G	2.7	X-RAY DIFFRACTION
2R8H	2.48	X-RAY DIFFRACTION
2R8I	2.38	X-RAY DIFFRACTION
2R8J	3.1	X-RAY DIFFRACTION
2R8K	3.3	X-RAY DIFFRACTION
2R8S	1.95	X-RAY DIFFRACTION
2R92	3.8	X-RAY DIFFRACTION
2R93	4.0	X-RAY DIFFRACTION
2R9L	2.4	X-RAY DIFFRACTION
2RAM	2.4	X-RAY DIFFRACTION
2RBA	2.79	X-RAY DIFFRACTION
2RBF	2.25	X-RAY DIFFRACTION
2RD2	2.6	X-RAY DIFFRACTION
2RDJ	2.2	X-RAY DIFFRACTION
2RDO	9.1	ELECTRON MICROSCOPY
2RE8	2.6	X-RAY DIFFRACTION
2RF3	1.75	X-RAY DIFFRACTION
2RFK	2.87	X-RAY DIFFRACTION
2RGR	3.0	X-RAY DIFFRACTION
2RKJ	4.5	X-RAY DIFFRACTION
2RLU	\N	SOLUTION NMR
2RMQ	\N	SOLUTION NMR
2RN1	\N	SOLUTION NMR
2RO2	\N	SOLUTION NMR
2ROU	\N	SOLUTION NMR
2RP0	\N	SOLUTION NMR
2RP1	\N	SOLUTION NMR
2RPD	\N	SOLUTION NMR
2RPE	\N	SOLUTION NMR
2RPF	\N	SOLUTION NMR
2RPH	\N	SOLUTION NMR
2RPK	\N	SOLUTION NMR
2RPT	\N	SOLUTION NMR
2RQC	\N	SOLUTION NMR
2RQJ	\N	SOLUTION NMR
2RRA	\N	SOLUTION NMR
2RRC	\N	SOLUTION NMR
2RRQ	\N	SOLUTION NMR
2RRR	\N	SOLUTION NMR
2RS2	\N	SOLUTION NMR
2RSK	\N	SOLUTION NMR
2RT8	\N	SOLUTION NMR
2RU3	\N	SOLUTION NMR
2RU7	\N	SOLUTION NMR
2RVE	3.0	X-RAY DIFFRACTION
2RVO	\N	SOLUTION NMR
2RVP	\N	SOLUTION NMR
2SSP	2.25	X-RAY DIFFRACTION
2STT	\N	SOLUTION NMR
2STW	\N	SOLUTION NMR
2TMV	2.9	FIBER DIFFRACTION
2TOB	\N	SOLUTION NMR
2TPK	\N	SOLUTION NMR
2TRA	3.0	X-RAY DIFFRACTION
2U2A	\N	SOLUTION NMR
2UP1	2.1	X-RAY DIFFRACTION
2UU9	3.1	X-RAY DIFFRACTION
2UUA	2.9	X-RAY DIFFRACTION
2UUB	2.8	X-RAY DIFFRACTION
2UUC	3.1	X-RAY DIFFRACTION
2UVR	2.9	X-RAY DIFFRACTION
2UVU	2.7	X-RAY DIFFRACTION
2UVV	2.2	X-RAY DIFFRACTION
2UVW	2.09	X-RAY DIFFRACTION
2UWM	2.31	X-RAY DIFFRACTION
2UXB	3.1	X-RAY DIFFRACTION
2UXC	2.9	X-RAY DIFFRACTION
2UXD	3.2	X-RAY DIFFRACTION
2UYC	2.0	X-RAY DIFFRACTION
2UYH	2.63	X-RAY DIFFRACTION
2UZ4	2.1	X-RAY DIFFRACTION
2UZK	2.7	X-RAY DIFFRACTION
2V0G	3.5	X-RAY DIFFRACTION
2V1U	3.1	X-RAY DIFFRACTION
2V2T	3.05	X-RAY DIFFRACTION
2V3C	2.5	X-RAY DIFFRACTION
2V3L	\N	SOLUTION NMR
2V4Q	2.6	X-RAY DIFFRACTION
2V4R	2.5	X-RAY DIFFRACTION
2V6E	3.2	X-RAY DIFFRACTION
2V6W	1.8	X-RAY DIFFRACTION
2V7R	1.2	X-RAY DIFFRACTION
2V9W	3.0	X-RAY DIFFRACTION
2VA2	2.8	X-RAY DIFFRACTION
2VA3	2.98	X-RAY DIFFRACTION
2VAH	\N	SOLUTION NMR
2VAI	\N	SOLUTION NMR
2VAL	2.0	X-RAY DIFFRACTION
2VAZ	10.0	ELECTRON MICROSCOPY
2VBJ	1.95	X-RAY DIFFRACTION
2VBL	1.8	X-RAY DIFFRACTION
2VBN	1.9	X-RAY DIFFRACTION
2VBO	1.8	X-RAY DIFFRACTION
2VE9	1.9	X-RAY DIFFRACTION
2VHG	2.9	X-RAY DIFFRACTION
2VIC	2.35	X-RAY DIFFRACTION
2VIH	2.1	X-RAY DIFFRACTION
2VJU	2.4	X-RAY DIFFRACTION
2VJV	1.9	X-RAY DIFFRACTION
2VLA	1.3	X-RAY DIFFRACTION
2VNU	2.3	X-RAY DIFFRACTION
2VOA	1.7	X-RAY DIFFRACTION
2VOD	2.1	X-RAY DIFFRACTION
2VON	2.1	X-RAY DIFFRACTION
2VOO	1.8	X-RAY DIFFRACTION
2VOP	2.8	X-RAY DIFFRACTION
2VPL	2.3	X-RAY DIFFRACTION
2VQE	2.5	X-RAY DIFFRACTION
2VQF	2.9	X-RAY DIFFRACTION
2VRT	3.5	X-RAY DIFFRACTION
2VS7	2.05	X-RAY DIFFRACTION
2VS8	2.1	X-RAY DIFFRACTION
2VTB	2.01	X-RAY DIFFRACTION
2VUM	3.4	X-RAY DIFFRACTION
2VUQ	1.18	X-RAY DIFFRACTION
2VW9	2.3	X-RAY DIFFRACTION
2VWJ	2.78	X-RAY DIFFRACTION
2VY1	2.104	X-RAY DIFFRACTION
2VY2	2.3	X-RAY DIFFRACTION
2VYE	4.1	X-RAY DIFFRACTION
2VZ4	2.9	X-RAY DIFFRACTION
2W2H	3.25	X-RAY DIFFRACTION
2W35	2.15	X-RAY DIFFRACTION
2W36	2.1	X-RAY DIFFRACTION
2W42	1.9	X-RAY DIFFRACTION
2W7N	1.85	X-RAY DIFFRACTION
2W7O	3.16	X-RAY DIFFRACTION
2W7P	3.71	X-RAY DIFFRACTION
2W89	2.0	X-RAY DIFFRACTION
2W8K	3.1	X-RAY DIFFRACTION
2W8L	3.0	X-RAY DIFFRACTION
2W9A	2.6	X-RAY DIFFRACTION
2W9B	2.28	X-RAY DIFFRACTION
2W9C	2.9	X-RAY DIFFRACTION
2WB2	2.95	X-RAY DIFFRACTION
2WBS	1.7	X-RAY DIFFRACTION
2WBU	2.5	X-RAY DIFFRACTION
2WCC	\N	SOLUTION NMR
2WCN	\N	SOLUTION NMR
2WIW	1.8	X-RAY DIFFRACTION
2WIZ	3.3	X-RAY DIFFRACTION
2WJ0	3.1	X-RAY DIFFRACTION
2WJ8	3.29	X-RAY DIFFRACTION
2WNA	0.97	X-RAY DIFFRACTION
2WQ6	2.3	X-RAY DIFFRACTION
2WQ7	2.0	X-RAY DIFFRACTION
2WT7	2.3	X-RAY DIFFRACTION
2WTF	2.5	X-RAY DIFFRACTION
2WTU	3.4	X-RAY DIFFRACTION
2WTY	2.9	X-RAY DIFFRACTION
2WW9	8.6	ELECTRON MICROSCOPY
2WWA	8.9	ELECTRON MICROSCOPY
2WWB	6.48	ELECTRON MICROSCOPY
2WWY	2.9	X-RAY DIFFRACTION
2WYY	10.6	ELECTRON MICROSCOPY
2X1A	2.05	X-RAY DIFFRACTION
2X1F	1.6	X-RAY DIFFRACTION
2X2Q	1.9	X-RAY DIFFRACTION
2X6V	2.2	X-RAY DIFFRACTION
2X7N	11.8	ELECTRON MICROSCOPY
2XB2	3.4	X-RAY DIFFRACTION
2XBM	2.9	X-RAY DIFFRACTION
2XC6	1.83	X-RAY DIFFRACTION
2XC7	\N	SOLUTION NMR
2XC9	2.2	X-RAY DIFFRACTION
2XCA	2.5	X-RAY DIFFRACTION
2XCP	2.6	X-RAY DIFFRACTION
2XCR	3.5	X-RAY DIFFRACTION
2XCS	2.1	X-RAY DIFFRACTION
2XCT	3.35	X-RAY DIFFRACTION
2XD0	3.0	X-RAY DIFFRACTION
2XDB	2.55	X-RAY DIFFRACTION
2XDD	3.2	X-RAY DIFFRACTION
2XE0	2.31	X-RAY DIFFRACTION
2XEA	4.6	ELECTRON MICROSCOPY
2XEB	\N	SOLUTION NMR
2XFM	\N	SOLUTION NMR
2XGJ	2.9	X-RAY DIFFRACTION
2XGP	2.7	X-RAY DIFFRACTION
2XGQ	2.7	X-RAY DIFFRACTION
2XHB	2.72	X-RAY DIFFRACTION
2XHI	1.55	X-RAY DIFFRACTION
2XKK	3.25	X-RAY DIFFRACTION
2XKV	13.5	ELECTRON MICROSCOPY
2XLI	2.33	X-RAY DIFFRACTION
2XLJ	2.6	X-RAY DIFFRACTION
2XLK	1.805	X-RAY DIFFRACTION
2XM3	2.3	X-RAY DIFFRACTION
2XMA	2.3	X-RAY DIFFRACTION
2XNR	1.6	X-RAY DIFFRACTION
2XNW	1.5	X-RAY DIFFRACTION
2XNZ	1.59	X-RAY DIFFRACTION
2XO0	1.7	X-RAY DIFFRACTION
2XO1	1.6	X-RAY DIFFRACTION
2XO6	1.9	X-RAY DIFFRACTION
2XO7	2.85	X-RAY DIFFRACTION
2XPJ	3.4	X-RAY DIFFRACTION
2XQC	1.9	X-RAY DIFFRACTION
2XRO	3.4	X-RAY DIFFRACTION
2XRZ	2.2	X-RAY DIFFRACTION
2XS2	1.35	X-RAY DIFFRACTION
2XS5	1.6	X-RAY DIFFRACTION
2XS7	1.45	X-RAY DIFFRACTION
2XSD	2.049	X-RAY DIFFRACTION
2XSL	1.59	X-RAY DIFFRACTION
2XXA	3.94	X-RAY DIFFRACTION
2XY5	2.22	X-RAY DIFFRACTION
2XY6	2.3	X-RAY DIFFRACTION
2XY7	3.05	X-RAY DIFFRACTION
2XZF	1.799	X-RAY DIFFRACTION
2XZL	2.4	X-RAY DIFFRACTION
2XZO	2.395	X-RAY DIFFRACTION
2XZU	1.82	X-RAY DIFFRACTION
2Y1I	2.78	X-RAY DIFFRACTION
2Y1J	2.15	X-RAY DIFFRACTION
2Y35	3.2	X-RAY DIFFRACTION
2Y7H	18.0	ELECTRON MICROSCOPY
2Y8W	1.8	X-RAY DIFFRACTION
2Y8Y	1.44	X-RAY DIFFRACTION
2Y95	\N	SOLUTION NMR
2Y9H	2.5	X-RAY DIFFRACTION
2Y9Z	3.601	X-RAY DIFFRACTION
2YDH	2.9	X-RAY DIFFRACTION
2YGH	2.6	X-RAY DIFFRACTION
2YH1	\N	SOLUTION NMR
2YHM	3.6	X-RAY DIFFRACTION
2YIE	2.941	X-RAY DIFFRACTION
2YIF	3.298	X-RAY DIFFRACTION
2YJY	2.598	X-RAY DIFFRACTION
2YKG	2.5	X-RAY DIFFRACTION
2YKR	9.8	ELECTRON MICROSCOPY
2YPA	2.8	X-RAY DIFFRACTION
2YPB	2.87	X-RAY DIFFRACTION
2YPF	2.55	X-RAY DIFFRACTION
2YU9	3.4	X-RAY DIFFRACTION
2YVH	2.5	X-RAY DIFFRACTION
2Z2G	\N	SOLUTION NMR
2Z2H	\N	SOLUTION NMR
2Z33	\N	SOLUTION NMR
2Z3X	2.1	X-RAY DIFFRACTION
2Z6A	2.88	X-RAY DIFFRACTION
2Z6Q	2.79	X-RAY DIFFRACTION
2Z6U	2.72	X-RAY DIFFRACTION
2Z70	1.7	X-RAY DIFFRACTION
2Z74	2.2	X-RAY DIFFRACTION
2Z75	1.7	X-RAY DIFFRACTION
2Z9O	3.14	X-RAY DIFFRACTION
2Z9Q	11.7	ELECTRON MICROSCOPY
2ZCJ	2.75	X-RAY DIFFRACTION
2ZH1	2.8	X-RAY DIFFRACTION
2ZH2	2.66	X-RAY DIFFRACTION
2ZH3	2.5	X-RAY DIFFRACTION
2ZH4	2.65	X-RAY DIFFRACTION
2ZH5	2.6	X-RAY DIFFRACTION
2ZH6	2.5	X-RAY DIFFRACTION
2ZH7	3.0	X-RAY DIFFRACTION
2ZH8	2.65	X-RAY DIFFRACTION
2ZH9	2.9	X-RAY DIFFRACTION
2ZHA	2.95	X-RAY DIFFRACTION
2ZHB	3.05	X-RAY DIFFRACTION
2ZHG	2.8	X-RAY DIFFRACTION
2ZI0	2.82	X-RAY DIFFRACTION
2ZJP	3.7	X-RAY DIFFRACTION
2ZJQ	3.3	X-RAY DIFFRACTION
2ZJR	2.91	X-RAY DIFFRACTION
2ZKD	1.6	X-RAY DIFFRACTION
2ZKE	2.6	X-RAY DIFFRACTION
2ZKF	2.55	X-RAY DIFFRACTION
2ZKO	1.7	X-RAY DIFFRACTION
2ZM5	2.55	X-RAY DIFFRACTION
2ZM6	3.3	X-RAY DIFFRACTION
2ZNI	3.1	X-RAY DIFFRACTION
2ZO0	2.19	X-RAY DIFFRACTION
2ZO1	1.96	X-RAY DIFFRACTION
2ZO2	3.09	X-RAY DIFFRACTION
2ZUE	2.0	X-RAY DIFFRACTION
2ZUF	2.3	X-RAY DIFFRACTION
2ZXU	2.75	X-RAY DIFFRACTION
2ZY6	1.75	X-RAY DIFFRACTION
2ZZM	2.65	X-RAY DIFFRACTION
2ZZN	2.95	X-RAY DIFFRACTION
300D	3.0	X-RAY DIFFRACTION
301D	3.0	X-RAY DIFFRACTION
302D	2.2	X-RAY DIFFRACTION
303D	2.2	X-RAY DIFFRACTION
304D	1.9	X-RAY DIFFRACTION
305D	2.17	X-RAY DIFFRACTION
306D	1.6	X-RAY DIFFRACTION
307D	1.85	X-RAY DIFFRACTION
308D	1.5	X-RAY DIFFRACTION
309D	2.6	X-RAY DIFFRACTION
310D	1.3	X-RAY DIFFRACTION
311D	2.2	X-RAY DIFFRACTION
312D	1.8	X-RAY DIFFRACTION
313D	1.68	X-RAY DIFFRACTION
314D	1.9	X-RAY DIFFRACTION
315D	1.38	X-RAY DIFFRACTION
316D	3.0	X-RAY DIFFRACTION
317D	1.9	X-RAY DIFFRACTION
318D	2.0	X-RAY DIFFRACTION
319D	2.2	X-RAY DIFFRACTION
320D	2.15	X-RAY DIFFRACTION
321D	2.15	X-RAY DIFFRACTION
322D	2.5	X-RAY DIFFRACTION
323D	2.15	X-RAY DIFFRACTION
324D	2.15	X-RAY DIFFRACTION
325D	2.5	X-RAY DIFFRACTION
326D	2.15	X-RAY DIFFRACTION
327D	1.94	X-RAY DIFFRACTION
328D	2.6	X-RAY DIFFRACTION
329D	2.7	X-RAY DIFFRACTION
330D	2.7	X-RAY DIFFRACTION
331D	1.65	X-RAY DIFFRACTION
332D	1.58	X-RAY DIFFRACTION
333D	2.52	X-RAY DIFFRACTION
334D	1.8	X-RAY DIFFRACTION
335D	2.4	X-RAY DIFFRACTION
336D	1.0	X-RAY DIFFRACTION
337D	1.85	X-RAY DIFFRACTION
338D	1.85	X-RAY DIFFRACTION
339D	2.2	X-RAY DIFFRACTION
340D	1.6	X-RAY DIFFRACTION
341D	1.75	X-RAY DIFFRACTION
342D	2.1	X-RAY DIFFRACTION
343D	2.1	X-RAY DIFFRACTION
344D	1.46	X-RAY DIFFRACTION
345D	1.85	X-RAY DIFFRACTION
346D	2.1	X-RAY DIFFRACTION
348D	1.7	X-RAY DIFFRACTION
349D	1.9	X-RAY DIFFRACTION
351D	1.64	X-RAY DIFFRACTION
352D	0.95	X-RAY DIFFRACTION
353D	2.4	X-RAY DIFFRACTION
354D	1.5	X-RAY DIFFRACTION
355D	1.4	X-RAY DIFFRACTION
357D	3.5	X-RAY DIFFRACTION
358D	2.5	X-RAY DIFFRACTION
359D	2.9	X-RAY DIFFRACTION
360D	1.85	X-RAY DIFFRACTION
361D	3.0	X-RAY DIFFRACTION
362D	1.3	X-RAY DIFFRACTION
363D	2.0	X-RAY DIFFRACTION
364D	3.0	X-RAY DIFFRACTION
365D	2.0	X-RAY DIFFRACTION
366D	1.3	X-RAY DIFFRACTION
367D	1.2	X-RAY DIFFRACTION
368D	1.6	X-RAY DIFFRACTION
369D	1.9	X-RAY DIFFRACTION
370D	1.67	X-RAY DIFFRACTION
371D	1.9	X-RAY DIFFRACTION
372D	2.6	X-RAY DIFFRACTION
375D	2.4	X-RAY DIFFRACTION
376D	2.1	X-RAY DIFFRACTION
377D	1.76	X-RAY DIFFRACTION
378D	2.4	X-RAY DIFFRACTION
379D	3.1	X-RAY DIFFRACTION
380D	2.0	X-RAY DIFFRACTION
381D	2.1	X-RAY DIFFRACTION
382D	2.2	X-RAY DIFFRACTION
383D	1.7	X-RAY DIFFRACTION
384D	2.15	X-RAY DIFFRACTION
385D	1.6	X-RAY DIFFRACTION
386D	1.8	X-RAY DIFFRACTION
387D	3.1	X-RAY DIFFRACTION
388D	1.55	X-RAY DIFFRACTION
389D	1.55	X-RAY DIFFRACTION
390D	2.0	X-RAY DIFFRACTION
391D	2.75	X-RAY DIFFRACTION
392D	3.0	X-RAY DIFFRACTION
393D	2.0	X-RAY DIFFRACTION
394D	1.9	X-RAY DIFFRACTION
395D	1.9	X-RAY DIFFRACTION
396D	1.8	X-RAY DIFFRACTION
397D	1.3	X-RAY DIFFRACTION
398D	1.94	X-RAY DIFFRACTION
399D	1.9	X-RAY DIFFRACTION
3A01	2.7	X-RAY DIFFRACTION
3A2K	3.65	X-RAY DIFFRACTION
3A3A	3.1	X-RAY DIFFRACTION
3A46	2.2	X-RAY DIFFRACTION
3A4K	2.17	X-RAY DIFFRACTION
3A5T	2.8	X-RAY DIFFRACTION
3A5U	2.8	X-RAY DIFFRACTION
3A6N	2.7	X-RAY DIFFRACTION
3A6P	2.92	X-RAY DIFFRACTION
3AAF	1.9	X-RAY DIFFRACTION
3ADB	2.8	X-RAY DIFFRACTION
3ADC	2.9	X-RAY DIFFRACTION
3ADD	2.4	X-RAY DIFFRACTION
3ADI	3.2	X-RAY DIFFRACTION
3ADL	2.2	X-RAY DIFFRACTION
3AEV	2.8	X-RAY DIFFRACTION
3AF6	2.6	X-RAY DIFFRACTION
3AFA	2.5	X-RAY DIFFRACTION
3AGV	2.15	X-RAY DIFFRACTION
3AHU	2.2	X-RAY DIFFRACTION
3AJJ	3.02	X-RAY DIFFRACTION
3AJK	1.95	X-RAY DIFFRACTION
3AJL	2.7	X-RAY DIFFRACTION
3AKZ	2.9	X-RAY DIFFRACTION
3AL0	3.368	X-RAY DIFFRACTION
3AM1	2.4	X-RAY DIFFRACTION
3AMT	2.9	X-RAY DIFFRACTION
3AMU	3.1	X-RAY DIFFRACTION
3AN2	3.6	X-RAY DIFFRACTION
3ANA	2.5	X-RAY DIFFRACTION
3AOH	4.1	X-RAY DIFFRACTION
3AOI	4.3	X-RAY DIFFRACTION
3AU6	3.3	X-RAY DIFFRACTION
3AUO	2.7	X-RAY DIFFRACTION
3AV1	2.5	X-RAY DIFFRACTION
3AV2	2.8	X-RAY DIFFRACTION
3AVT	2.607	X-RAY DIFFRACTION
3AVU	2.907	X-RAY DIFFRACTION
3AVV	3.119	X-RAY DIFFRACTION
3AVW	2.602	X-RAY DIFFRACTION
3AVX	2.406	X-RAY DIFFRACTION
3AVY	2.616	X-RAY DIFFRACTION
3AYW	2.9	X-RAY DIFFRACTION
3AZE	3.0	X-RAY DIFFRACTION
3AZF	2.7	X-RAY DIFFRACTION
3AZG	2.4	X-RAY DIFFRACTION
3AZH	3.49	X-RAY DIFFRACTION
3AZI	2.7	X-RAY DIFFRACTION
3AZJ	2.89	X-RAY DIFFRACTION
3AZK	3.2	X-RAY DIFFRACTION
3AZL	2.7	X-RAY DIFFRACTION
3AZM	2.89	X-RAY DIFFRACTION
3AZN	3.0	X-RAY DIFFRACTION
3B0U	1.948	X-RAY DIFFRACTION
3B0V	3.51	X-RAY DIFFRACTION
3B31	2.4	X-RAY DIFFRACTION
3B39	2.35	X-RAY DIFFRACTION
3B4A	2.7	X-RAY DIFFRACTION
3B4B	2.7	X-RAY DIFFRACTION
3B4C	3.0	X-RAY DIFFRACTION
3B58	2.65	X-RAY DIFFRACTION
3B5A	2.35	X-RAY DIFFRACTION
3B5F	2.7	X-RAY DIFFRACTION
3B5S	2.25	X-RAY DIFFRACTION
3B6F	3.45	X-RAY DIFFRACTION
3B6G	3.45	X-RAY DIFFRACTION
3B91	2.75	X-RAY DIFFRACTION
3BAM	1.8	X-RAY DIFFRACTION
3BBB	1.3	X-RAY DIFFRACTION
3BBI	2.35	X-RAY DIFFRACTION
3BBK	2.75	X-RAY DIFFRACTION
3BBM	2.65	X-RAY DIFFRACTION
3BBV	10.0	ELECTRON MICROSCOPY
3BBX	10.0	ELECTRON MICROSCOPY
3BDN	3.909	X-RAY DIFFRACTION
3BDP	1.9	X-RAY DIFFRACTION
3BEP	1.92	X-RAY DIFFRACTION
3BI3	1.9	X-RAY DIFFRACTION
3BIE	1.68	X-RAY DIFFRACTION
3BJY	2.41	X-RAY DIFFRACTION
3BKZ	1.65	X-RAY DIFFRACTION
3BM0	1.8	X-RAY DIFFRACTION
3BM3	1.7	X-RAY DIFFRACTION
3BNA	3.0	X-RAY DIFFRACTION
3BNL	2.602	X-RAY DIFFRACTION
3BNN	2.0	X-RAY DIFFRACTION
3BNO	2.35	X-RAY DIFFRACTION
3BNP	2.7	X-RAY DIFFRACTION
3BNQ	2.0	X-RAY DIFFRACTION
3BNR	2.1	X-RAY DIFFRACTION
3BNS	1.9	X-RAY DIFFRACTION
3BNT	2.3	X-RAY DIFFRACTION
3BO0	9.6	ELECTRON MICROSCOPY
3BO1	9.6	ELECTRON MICROSCOPY
3BO2	3.31	X-RAY DIFFRACTION
3BO3	3.4	X-RAY DIFFRACTION
3BO4	3.33	X-RAY DIFFRACTION
3BOY	1.7	X-RAY DIFFRACTION
3BQ0	2.6	X-RAY DIFFRACTION
3BQ1	2.7	X-RAY DIFFRACTION
3BQ2	2.7	X-RAY DIFFRACTION
3BRD	2.21	X-RAY DIFFRACTION
3BRF	2.47	X-RAY DIFFRACTION
3BRG	2.2	X-RAY DIFFRACTION
3BS1	1.6	X-RAY DIFFRACTION
3BSB	2.8	X-RAY DIFFRACTION
3BSE	1.6	X-RAY DIFFRACTION
3BSN	1.8	X-RAY DIFFRACTION
3BSO	1.74	X-RAY DIFFRACTION
3BSU	2.1	X-RAY DIFFRACTION
3BSX	2.32	X-RAY DIFFRACTION
3BT7	2.43	X-RAY DIFFRACTION
3BTX	2.0	X-RAY DIFFRACTION
3BTY	2.35	X-RAY DIFFRACTION
3BTZ	3.0	X-RAY DIFFRACTION
3BU0	2.5	X-RAY DIFFRACTION
3BUC	2.59	X-RAY DIFFRACTION
3BWP	3.1	X-RAY DIFFRACTION
3BX2	2.84	X-RAY DIFFRACTION
3BX3	3.0	X-RAY DIFFRACTION
3C0W	2.2	X-RAY DIFFRACTION
3C0X	2.3	X-RAY DIFFRACTION
3C1B	2.2	X-RAY DIFFRACTION
3C1C	3.15	X-RAY DIFFRACTION
3C25	2.5	X-RAY DIFFRACTION
3C28	2.6	X-RAY DIFFRACTION
3C29	2.2	X-RAY DIFFRACTION
3C2I	2.5	X-RAY DIFFRACTION
3C2J	1.78	X-RAY DIFFRACTION
3C2K	2.4	X-RAY DIFFRACTION
3C2L	2.6	X-RAY DIFFRACTION
3C2M	2.15	X-RAY DIFFRACTION
3C2P	2.0	X-RAY DIFFRACTION
3C3L	2.4	X-RAY DIFFRACTION
3C3Z	1.5	X-RAY DIFFRACTION
3C44	2.0	X-RAY DIFFRACTION
3C46	2.0	X-RAY DIFFRACTION
3C58	1.9	X-RAY DIFFRACTION
3C5D	1.8	X-RAY DIFFRACTION
3C5F	2.25	X-RAY DIFFRACTION
3C5G	2.2	X-RAY DIFFRACTION
3C7R	1.7	X-RAY DIFFRACTION
3CBB	2.0	X-RAY DIFFRACTION
3CC2	2.4	X-RAY DIFFRACTION
3CC4	2.7	X-RAY DIFFRACTION
3CC7	2.7	X-RAY DIFFRACTION
3CCE	2.75	X-RAY DIFFRACTION
3CCJ	3.3	X-RAY DIFFRACTION
3CCL	2.9	X-RAY DIFFRACTION
3CCM	2.55	X-RAY DIFFRACTION
3CCO	2.2	X-RAY DIFFRACTION
3CCQ	2.9	X-RAY DIFFRACTION
3CCR	3.0	X-RAY DIFFRACTION
3CCS	2.95	X-RAY DIFFRACTION
3CCU	2.8	X-RAY DIFFRACTION
3CCV	2.9	X-RAY DIFFRACTION
3CD6	2.75	X-RAY DIFFRACTION
3CDM	2.1	X-RAY DIFFRACTION
3CE5	2.5	X-RAY DIFFRACTION
3CF5	3.3	X-RAY DIFFRACTION
3CFP	2.5	X-RAY DIFFRACTION
3CFR	2.4	X-RAY DIFFRACTION
3CGP	1.57	X-RAY DIFFRACTION
3CGQ	2.55	X-RAY DIFFRACTION
3CGR	2.1	X-RAY DIFFRACTION
3CGS	1.65	X-RAY DIFFRACTION
3CIY	3.41	X-RAY DIFFRACTION
3CJZ	1.8	X-RAY DIFFRACTION
3CLC	2.8	X-RAY DIFFRACTION
3CLZ	2.2	X-RAY DIFFRACTION
3CMA	2.8	X-RAY DIFFRACTION
3CME	2.95	X-RAY DIFFRACTION
3CMT	3.15	X-RAY DIFFRACTION
3CMU	4.2	X-RAY DIFFRACTION
3CMW	2.8	X-RAY DIFFRACTION
3CMX	3.4	X-RAY DIFFRACTION
3CMY	1.95	X-RAY DIFFRACTION
3CO3	2.16	X-RAY DIFFRACTION
3CO6	2.1	X-RAY DIFFRACTION
3CO7	2.91	X-RAY DIFFRACTION
3COA	2.2	X-RAY DIFFRACTION
3COQ	2.4	X-RAY DIFFRACTION
3CPW	2.7	X-RAY DIFFRACTION
3CQ8	2.5	X-RAY DIFFRACTION
3CQS	2.8	X-RAY DIFFRACTION
3CR1	2.25	X-RAY DIFFRACTION
3CRO	2.5	X-RAY DIFFRACTION
3CRX	2.5	X-RAY DIFFRACTION
3CUL	2.8	X-RAY DIFFRACTION
3CUN	3.0	X-RAY DIFFRACTION
3CVS	2.4	X-RAY DIFFRACTION
3CVT	2.5	X-RAY DIFFRACTION
3CVU	2.0	X-RAY DIFFRACTION
3CVV	2.1	X-RAY DIFFRACTION
3CVW	3.2	X-RAY DIFFRACTION
3CVX	3.2	X-RAY DIFFRACTION
3CVY	2.7	X-RAY DIFFRACTION
3CW1	5.493	X-RAY DIFFRACTION
3CW5	3.1	X-RAY DIFFRACTION
3CW6	3.3	X-RAY DIFFRACTION
3CW7	2.3	X-RAY DIFFRACTION
3CWA	2.4	X-RAY DIFFRACTION
3CWS	2.3	X-RAY DIFFRACTION
3CWT	2.3	X-RAY DIFFRACTION
3CWU	2.8	X-RAY DIFFRACTION
3CXC	3.0	X-RAY DIFFRACTION
3CZ3	3.23	X-RAY DIFFRACTION
3CZW	1.4	X-RAY DIFFRACTION
3D0A	1.8	X-RAY DIFFRACTION
3D0M	2.0	X-RAY DIFFRACTION
3D0P	1.8	X-RAY DIFFRACTION
3D0U	2.8	X-RAY DIFFRACTION
3D0X	2.95	X-RAY DIFFRACTION
3D1N	2.51	X-RAY DIFFRACTION
3D2G	2.25	X-RAY DIFFRACTION
3D2S	1.7	X-RAY DIFFRACTION
3D2V	2.0	X-RAY DIFFRACTION
3D2W	1.65	X-RAY DIFFRACTION
3D2X	2.5	X-RAY DIFFRACTION
3D4V	2.9	X-RAY DIFFRACTION
3D6Y	2.7	X-RAY DIFFRACTION
3D6Z	2.6	X-RAY DIFFRACTION
3D70	2.8	X-RAY DIFFRACTION
3D71	2.8	X-RAY DIFFRACTION
3DD2	1.9	X-RAY DIFFRACTION
3DEG	10.9	ELECTRON MICROSCOPY
3DFV	3.1	X-RAY DIFFRACTION
3DFX	2.7	X-RAY DIFFRACTION
3DG0	10.8	ELECTRON MICROSCOPY
3DG2	10.0	ELECTRON MICROSCOPY
3DG4	12.8	ELECTRON MICROSCOPY
3DG5	15.5	ELECTRON MICROSCOPY
3DH3	3.0	X-RAY DIFFRACTION
3DHS	3.6	X-RAY DIFFRACTION
3DIG	2.8	X-RAY DIFFRACTION
3DIL	1.9	X-RAY DIFFRACTION
3DIM	2.9	X-RAY DIFFRACTION
3DIO	2.4	X-RAY DIFFRACTION
3DIQ	2.7	X-RAY DIFFRACTION
3DIR	2.9	X-RAY DIFFRACTION
3DIS	3.1	X-RAY DIFFRACTION
3DIX	2.9	X-RAY DIFFRACTION
3DIY	2.71	X-RAY DIFFRACTION
3DIZ	2.85	X-RAY DIFFRACTION
3DJ0	2.5	X-RAY DIFFRACTION
3DJ2	2.5	X-RAY DIFFRACTION
3DKN	8.7	ELECTRON MICROSCOPY
3DLB	2.7	X-RAY DIFFRACTION
3DLH	3.0	X-RAY DIFFRACTION
3DLL	3.5	X-RAY DIFFRACTION
3DNB	1.3	X-RAY DIFFRACTION
3DNV	2.68	X-RAY DIFFRACTION
3DO7	3.05	X-RAY DIFFRACTION
3DPG	1.91	X-RAY DIFFRACTION
3DS7	1.85	X-RAY DIFFRACTION
3DSC	2.7	X-RAY DIFFRACTION
3DSD	2.2	X-RAY DIFFRACTION
3DVO	1.892	X-RAY DIFFRACTION
3DVV	2.0	X-RAY DIFFRACTION
3DVZ	1.0	X-RAY DIFFRACTION
3DW4	0.97	X-RAY DIFFRACTION
3DW5	0.96	X-RAY DIFFRACTION
3DW6	1.0	X-RAY DIFFRACTION
3DW7	1.0	X-RAY DIFFRACTION
3DW9	2.2	X-RAY DIFFRACTION
3DZU	3.2	X-RAY DIFFRACTION
3DZY	3.1	X-RAY DIFFRACTION
3E00	3.1	X-RAY DIFFRACTION
3E0D	4.6	X-RAY DIFFRACTION
3E2E	3.0	X-RAY DIFFRACTION
3E3J	6.7	X-RAY DIFFRACTION
3E3Y	2.13	X-RAY DIFFRACTION
3E40	2.1	X-RAY DIFFRACTION
3E41	2.73	X-RAY DIFFRACTION
3E42	2.68	X-RAY DIFFRACTION
3E43	2.73	X-RAY DIFFRACTION
3E44	2.52	X-RAY DIFFRACTION
3E45	2.78	X-RAY DIFFRACTION
3E54	2.5	X-RAY DIFFRACTION
3E5C	2.25	X-RAY DIFFRACTION
3E5E	2.9	X-RAY DIFFRACTION
3E5F	2.7	X-RAY DIFFRACTION
3E6C	1.8	X-RAY DIFFRACTION
3E9W	2.05	X-RAY DIFFRACTION
3EBC	2.55	X-RAY DIFFRACTION
3ECP	2.5	X-RAY DIFFRACTION
3EEO	1.94	X-RAY DIFFRACTION
3EGZ	2.2	X-RAY DIFFRACTION
3EH8	2.7	X-RAY DIFFRACTION
3EI1	2.8	X-RAY DIFFRACTION
3EI2	2.6	X-RAY DIFFRACTION
3EIL	2.6	X-RAY DIFFRACTION
3EM2	2.3	X-RAY DIFFRACTION
3EOG	3.391	X-RAY DIFFRACTION
3EOH	3.125	X-RAY DIFFRACTION
3EP2	9.0	ELECTRON MICROSCOPY
3EPG	2.5	X-RAY DIFFRACTION
3EPH	2.95	X-RAY DIFFRACTION
3EPI	2.9	X-RAY DIFFRACTION
3EPJ	3.1	X-RAY DIFFRACTION
3EPK	3.2	X-RAY DIFFRACTION
3EPL	3.6	X-RAY DIFFRACTION
3EQ3	9.0	ELECTRON MICROSCOPY
3EQ4	12.0	ELECTRON MICROSCOPY
3EQT	2.0	X-RAY DIFFRACTION
3EQW	2.2	X-RAY DIFFRACTION
3ER8	3.18	X-RAY DIFFRACTION
3ER9	2.06	X-RAY DIFFRACTION
3ERC	3.21	X-RAY DIFFRACTION
3ERE	2.5	X-RAY DIFFRACTION
3ERU	2.0	X-RAY DIFFRACTION
3ES0	2.2	X-RAY DIFFRACTION
3ET8	2.45	X-RAY DIFFRACTION
3EUI	2.2	X-RAY DIFFRACTION
3EUM	1.78	X-RAY DIFFRACTION
3EX7	2.301	X-RAY DIFFRACTION
3EXJ	2.0	X-RAY DIFFRACTION
3EXL	2.2	X-RAY DIFFRACTION
3EY0	2.52	X-RAY DIFFRACTION
3EY1	1.6	X-RAY DIFFRACTION
3EY2	1.04	X-RAY DIFFRACTION
3EY3	1.25	X-RAY DIFFRACTION
3EYI	1.45	X-RAY DIFFRACTION
3EYZ	2.1	X-RAY DIFFRACTION
3EZ5	1.9	X-RAY DIFFRACTION
3F21	2.2	X-RAY DIFFRACTION
3F22	2.5	X-RAY DIFFRACTION
3F23	2.7	X-RAY DIFFRACTION
3F27	2.75	X-RAY DIFFRACTION
3F2B	2.39	X-RAY DIFFRACTION
3F2C	2.5	X-RAY DIFFRACTION
3F2D	2.51	X-RAY DIFFRACTION
3F2Q	2.95	X-RAY DIFFRACTION
3F2T	3.0	X-RAY DIFFRACTION
3F2W	3.45	X-RAY DIFFRACTION
3F2X	3.11	X-RAY DIFFRACTION
3F2Y	3.2	X-RAY DIFFRACTION
3F30	3.15	X-RAY DIFFRACTION
3F4E	3.05	X-RAY DIFFRACTION
3F4G	3.01	X-RAY DIFFRACTION
3F4H	3.0	X-RAY DIFFRACTION
3F73	3.0	X-RAY DIFFRACTION
3F8I	2.29	X-RAY DIFFRACTION
3F8J	1.99	X-RAY DIFFRACTION
3F8O	1.72	X-RAY DIFFRACTION
3FA1	1.5	X-RAY DIFFRACTION
3FAR	2.4	X-RAY DIFFRACTION
3FBD	2.9	X-RAY DIFFRACTION
3FC3	1.75	X-RAY DIFFRACTION
3FD2	2.69	X-RAY DIFFRACTION
3FDE	1.41	X-RAY DIFFRACTION
3FDQ	1.75	X-RAY DIFFRACTION
3FHT	2.2	X-RAY DIFFRACTION
3FHZ	3.27	X-RAY DIFFRACTION
3FL6	1.17	X-RAY DIFFRACTION
3FMT	2.983	X-RAY DIFFRACTION
3FO4	1.9	X-RAY DIFFRACTION
3FO6	1.9	X-RAY DIFFRACTION
3FOE	4.001	X-RAY DIFFRACTION
3FOF	4.0	X-RAY DIFFRACTION
3FOZ	2.5	X-RAY DIFFRACTION
3FQ5	2.8	X-RAY DIFFRACTION
3FQB	1.67	X-RAY DIFFRACTION
3FS0	2.3	X-RAY DIFFRACTION
3FSI	1.75	X-RAY DIFFRACTION
3FT6	1.12	X-RAY DIFFRACTION
3FTE	3.0	X-RAY DIFFRACTION
3FTF	2.8	X-RAY DIFFRACTION
3FTM	2.7	X-RAY DIFFRACTION
3FU2	2.85	X-RAY DIFFRACTION
3FWO	3.71	X-RAY DIFFRACTION
3FX8	2.44	X-RAY DIFFRACTION
3FYL	1.63	X-RAY DIFFRACTION
3G00	1.74	X-RAY DIFFRACTION
3G0H	2.7	X-RAY DIFFRACTION
3G0Q	2.2	X-RAY DIFFRACTION
3G0R	2.4	X-RAY DIFFRACTION
3G2A	2.0	X-RAY DIFFRACTION
3G2C	2.3	X-RAY DIFFRACTION
3G2D	2.3	X-RAY DIFFRACTION
3G2R	2.15	X-RAY DIFFRACTION
3G38	3.04	X-RAY DIFFRACTION
3G3C	3.04	X-RAY DIFFRACTION
3G3Y	2.5	X-RAY DIFFRACTION
3G4M	2.4	X-RAY DIFFRACTION
3G4S	3.2	X-RAY DIFFRACTION
3G4T	2.64	X-RAY DIFFRACTION
3G6E	2.7	X-RAY DIFFRACTION
3G6P	1.985	X-RAY DIFFRACTION
3G6Q	2.26	X-RAY DIFFRACTION
3G6R	2.3	X-RAY DIFFRACTION
3G6T	1.9	X-RAY DIFFRACTION
3G6U	1.9	X-RAY DIFFRACTION
3G6V	2.2	X-RAY DIFFRACTION
3G6X	2.08	X-RAY DIFFRACTION
3G6Y	2.1	X-RAY DIFFRACTION
3G71	2.85	X-RAY DIFFRACTION
3G73	2.21	X-RAY DIFFRACTION
3G78	2.8	X-RAY DIFFRACTION
3G8S	3.1	X-RAY DIFFRACTION
3G8T	3.0	X-RAY DIFFRACTION
3G8U	1.9	X-RAY DIFFRACTION
3G8X	2.05	X-RAY DIFFRACTION
3G96	3.01	X-RAY DIFFRACTION
3G97	2.08	X-RAY DIFFRACTION
3G99	1.81	X-RAY DIFFRACTION
3G9C	2.9	X-RAY DIFFRACTION
3G9I	1.85	X-RAY DIFFRACTION
3G9J	2.32	X-RAY DIFFRACTION
3G9M	1.61	X-RAY DIFFRACTION
3G9O	1.65	X-RAY DIFFRACTION
3G9P	1.652	X-RAY DIFFRACTION
3G9Y	1.4	X-RAY DIFFRACTION
3GA6	1.898	X-RAY DIFFRACTION
3GAO	1.9	X-RAY DIFFRACTION
3GAT	\N	SOLUTION NMR
3GBI	4.018	X-RAY DIFFRACTION
3GCA	2.75	X-RAY DIFFRACTION
3GCY	1.8	X-RAY DIFFRACTION
3GDA	1.88	X-RAY DIFFRACTION
3GDD	2.8	X-RAY DIFFRACTION
3GDX	2.2	X-RAY DIFFRACTION
3GER	1.7	X-RAY DIFFRACTION
3GES	2.15	X-RAY DIFFRACTION
3GFI	2.1	X-RAY DIFFRACTION
3GGI	0.98	X-RAY DIFFRACTION
3GGK	0.87	X-RAY DIFFRACTION
3GIB	2.4	X-RAY DIFFRACTION
3GII	2.6	X-RAY DIFFRACTION
3GIJ	2.4	X-RAY DIFFRACTION
3GIK	2.9	X-RAY DIFFRACTION
3GIL	2.71	X-RAY DIFFRACTION
3GIM	2.7	X-RAY DIFFRACTION
3GJH	2.9	X-RAY DIFFRACTION
3GJJ	2.9	X-RAY DIFFRACTION
3GJK	2.2	X-RAY DIFFRACTION
3GJL	1.92	X-RAY DIFFRACTION
3GLF	3.388	X-RAY DIFFRACTION
3GLG	3.25	X-RAY DIFFRACTION
3GLI	3.5	X-RAY DIFFRACTION
3GLP	1.23	X-RAY DIFFRACTION
3GM7	1.58	X-RAY DIFFRACTION
3GNA	2.4	X-RAY DIFFRACTION
3GNB	3.0	X-RAY DIFFRACTION
3GNK	2.1	X-RAY DIFFRACTION
3GO3	1.1	X-RAY DIFFRACTION
3GO8	1.89	X-RAY DIFFRACTION
3GOG	2.1	X-RAY DIFFRACTION
3GOJ	2.6	X-RAY DIFFRACTION
3GOM	2.3	X-RAY DIFFRACTION
3GOO	2.5	X-RAY DIFFRACTION
3GOT	1.95	X-RAY DIFFRACTION
3GOX	1.5	X-RAY DIFFRACTION
3GP1	2.05	X-RAY DIFFRACTION
3GP8	2.5	X-RAY DIFFRACTION
3GPL	2.5	X-RAY DIFFRACTION
3GPP	2.15	X-RAY DIFFRACTION
3GPQ	2.0	X-RAY DIFFRACTION
3GPU	1.62	X-RAY DIFFRACTION
3GPX	1.78	X-RAY DIFFRACTION
3GPY	1.85	X-RAY DIFFRACTION
3GQ3	1.83	X-RAY DIFFRACTION
3GQ4	1.7	X-RAY DIFFRACTION
3GQ5	1.9	X-RAY DIFFRACTION
3GQC	2.5	X-RAY DIFFRACTION
3GS1	2.85	X-RAY DIFFRACTION
3GS5	2.75	X-RAY DIFFRACTION
3GS8	2.85	X-RAY DIFFRACTION
3GSJ	1.8	X-RAY DIFFRACTION
3GSK	1.6	X-RAY DIFFRACTION
3GTG	3.78	X-RAY DIFFRACTION
3GTJ	3.42	X-RAY DIFFRACTION
3GTK	3.8	X-RAY DIFFRACTION
3GTL	3.38	X-RAY DIFFRACTION
3GTM	3.8	X-RAY DIFFRACTION
3GTO	4.0	X-RAY DIFFRACTION
3GTP	3.9	X-RAY DIFFRACTION
3GTQ	3.8	X-RAY DIFFRACTION
3GUT	3.59	X-RAY DIFFRACTION
3GV5	2.0	X-RAY DIFFRACTION
3GV7	2.2	X-RAY DIFFRACTION
3GV8	2.0	X-RAY DIFFRACTION
3GVN	1.2	X-RAY DIFFRACTION
3GX2	2.9	X-RAY DIFFRACTION
3GX3	2.7	X-RAY DIFFRACTION
3GX4	2.7	X-RAY DIFFRACTION
3GX5	2.402	X-RAY DIFFRACTION
3GX6	2.8	X-RAY DIFFRACTION
3GX7	2.95	X-RAY DIFFRACTION
3GXQ	2.35	X-RAY DIFFRACTION
3GYH	2.8	X-RAY DIFFRACTION
3GZ6	2.901	X-RAY DIFFRACTION
3H0D	2.4	X-RAY DIFFRACTION
3H15	2.72	X-RAY DIFFRACTION
3H25	2.7	X-RAY DIFFRACTION
3H3V	4.0	X-RAY DIFFRACTION
3H40	2.3	X-RAY DIFFRACTION
3H4B	2.85	X-RAY DIFFRACTION
3H4D	2.2	X-RAY DIFFRACTION
3H5X	1.77	X-RAY DIFFRACTION
3H5Y	1.77	X-RAY DIFFRACTION
3H8O	2.0	X-RAY DIFFRACTION
3H8R	1.77	X-RAY DIFFRACTION
3H8X	1.95	X-RAY DIFFRACTION
3HAX	2.11	X-RAY DIFFRACTION
3HAY	4.99	X-RAY DIFFRACTION
3HCL	2.59	X-RAY DIFFRACTION
3HDD	2.2	X-RAY DIFFRACTION
3HG8	1.38	X-RAY DIFFRACTION
3HGA	1.3	X-RAY DIFFRACTION
3HGD	1.57	X-RAY DIFFRACTION
3HHN	2.987	X-RAY DIFFRACTION
3HHZ	3.5	X-RAY DIFFRACTION
3HJF	3.056	X-RAY DIFFRACTION
3HJW	2.35	X-RAY DIFFRACTION
3HJY	3.65	X-RAY DIFFRACTION
3HK2	2.8	X-RAY DIFFRACTION
3HL2	2.81	X-RAY DIFFRACTION
3HM9	3.3	X-RAY DIFFRACTION
3HO1	2.6	X-RAY DIFFRACTION
3HOS	3.5	X-RAY DIFFRACTION
3HOT	3.25	X-RAY DIFFRACTION
3HOU	3.2	X-RAY DIFFRACTION
3HOV	3.5	X-RAY DIFFRACTION
3HOW	3.6	X-RAY DIFFRACTION
3HOX	3.65	X-RAY DIFFRACTION
3HOY	3.4	X-RAY DIFFRACTION
3HOZ	3.65	X-RAY DIFFRACTION
3HP6	1.81	X-RAY DIFFRACTION
3HPO	1.75	X-RAY DIFFRACTION
3HQE	2.94	X-RAY DIFFRACTION
3HQF	2.51	X-RAY DIFFRACTION
3HQG	2.6	X-RAY DIFFRACTION
3HR3	1.75	X-RAY DIFFRACTION
3HS1	2.51	X-RAY DIFFRACTION
3HSB	2.2	X-RAY DIFFRACTION
3HT3	1.7	X-RAY DIFFRACTION
3HTS	1.75	X-RAY DIFFRACTION
3HTX	3.1	X-RAY DIFFRACTION
3HVR	3.211	X-RAY DIFFRACTION
3HW8	1.95	X-RAY DIFFRACTION
3HWT	1.95	X-RAY DIFFRACTION
3HX0	3.0	X-RAY DIFFRACTION
3HXM	3.1	X-RAY DIFFRACTION
3HXO	2.4	X-RAY DIFFRACTION
3HXQ	2.694	X-RAY DIFFRACTION
3HZI	2.98	X-RAY DIFFRACTION
3I0W	1.73	X-RAY DIFFRACTION
3I0X	1.8	X-RAY DIFFRACTION
3I1D	2.5	X-RAY DIFFRACTION
3I2O	1.7	X-RAY DIFFRACTION
3I2Q	2.9	X-RAY DIFFRACTION
3I2R	2.8	X-RAY DIFFRACTION
3I2S	2.75	X-RAY DIFFRACTION
3I2U	2.8	X-RAY DIFFRACTION
3I3M	1.5	X-RAY DIFFRACTION
3I49	1.6	X-RAY DIFFRACTION
3I4M	3.7	X-RAY DIFFRACTION
3I4N	3.9	X-RAY DIFFRACTION
3I55	3.11	X-RAY DIFFRACTION
3I56	2.9	X-RAY DIFFRACTION
3I5E	0.98	X-RAY DIFFRACTION
3I5L	1.18	X-RAY DIFFRACTION
3I5X	1.9	X-RAY DIFFRACTION
3I5Y	2.49	X-RAY DIFFRACTION
3I61	2.1	X-RAY DIFFRACTION
3I62	1.95	X-RAY DIFFRACTION
3I8D	1.61	X-RAY DIFFRACTION
3IAB	2.7	X-RAY DIFFRACTION
3IAG	2.0	X-RAY DIFFRACTION
3IAY	2.0	X-RAY DIFFRACTION
3IBK	2.2	X-RAY DIFFRACTION
3ICE	2.8	X-RAY DIFFRACTION
3ICQ	3.2	X-RAY DIFFRACTION
3ID5	4.01	X-RAY DIFFRACTION
3IE1	2.85	X-RAY DIFFRACTION
3IEM	2.5	X-RAY DIFFRACTION
3IEV	1.9	X-RAY DIFFRACTION
3IFF	1.75	X-RAY DIFFRACTION
3IFI	1.2	X-RAY DIFFRACTION
3IGC	2.1	X-RAY DIFFRACTION
3IGI	3.125	X-RAY DIFFRACTION
3IGK	1.7	X-RAY DIFFRACTION
3IGL	1.8	X-RAY DIFFRACTION
3IGM	2.2	X-RAY DIFFRACTION
3IGT	1.9	X-RAY DIFFRACTION
3IH7	3.1	X-RAY DIFFRACTION
3IIN	4.18	X-RAY DIFFRACTION
3IJK	1.3	X-RAY DIFFRACTION
3IJN	1.8	X-RAY DIFFRACTION
3IKI	1.38	X-RAY DIFFRACTION
3IKT	2.26	X-RAY DIFFRACTION
3IL2	2.49	X-RAY DIFFRACTION
3IMB	1.89	X-RAY DIFFRACTION
3IN5	3.2	X-RAY DIFFRACTION
3IQN	2.7	X-RAY DIFFRACTION
3IQP	2.9	X-RAY DIFFRACTION
3IQR	2.55	X-RAY DIFFRACTION
3IRQ	2.8	X-RAY DIFFRACTION
3IRR	2.65	X-RAY DIFFRACTION
3IRW	2.7	X-RAY DIFFRACTION
3ISB	2.0	X-RAY DIFFRACTION
3ISC	2.0	X-RAY DIFFRACTION
3ISD	2.6	X-RAY DIFFRACTION
3IV5	2.9	X-RAY DIFFRACTION
3IVK	3.1	X-RAY DIFFRACTION
3IVN	2.8	X-RAY DIFFRACTION
3IWN	3.2	X-RAY DIFFRACTION
3IXN	2.87	X-RAY DIFFRACTION
3IY8	14.1	ELECTRON MICROSCOPY
3IY9	14.1	ELECTRON MICROSCOPY
3IYD	19.8	ELECTRON MICROSCOPY
3IYQ	13.0	ELECTRON MICROSCOPY
3IYR	13.0	ELECTRON MICROSCOPY
3IZ4	13.6	ELECTRON MICROSCOPY
3IZD	8.6	ELECTRON MICROSCOPY
3IZY	10.8	ELECTRON MICROSCOPY
3IZZ	10.8	ELECTRON MICROSCOPY
3J06	3.3	ELECTRON MICROSCOPY
3J0D	11.1	ELECTRON MICROSCOPY
3J0E	9.9	ELECTRON MICROSCOPY
3J0L	9.8	ELECTRON MICROSCOPY
3J0O	9.0	ELECTRON MICROSCOPY
3J0P	10.6	ELECTRON MICROSCOPY
3J0Q	10.6	ELECTRON MICROSCOPY
3J16	7.2	ELECTRON MICROSCOPY
3J28	12.9	ELECTRON MICROSCOPY
3J29	14.0	ELECTRON MICROSCOPY
3J2A	13.1	ELECTRON MICROSCOPY
3J2B	13.6	ELECTRON MICROSCOPY
3J2C	13.2	ELECTRON MICROSCOPY
3J2D	18.7	ELECTRON MICROSCOPY
3J2E	15.3	ELECTRON MICROSCOPY
3J2F	17.6	ELECTRON MICROSCOPY
3J2G	16.5	ELECTRON MICROSCOPY
3J2H	18.8	ELECTRON MICROSCOPY
3J3V	13.3	ELECTRON MICROSCOPY
3J3W	10.7	ELECTRON MICROSCOPY
3J45	9.5	ELECTRON MICROSCOPY
3J46	10.1	ELECTRON MICROSCOPY
3J5L	6.6	ELECTRON MICROSCOPY
3J5S	7.5	ELECTRON MICROSCOPY
3J5Y	9.7	ELECTRON MICROSCOPY
3J6B	3.2	ELECTRON MICROSCOPY
3J6X	6.1	ELECTRON MICROSCOPY
3J6Y	6.1	ELECTRON MICROSCOPY
3J77	6.2	ELECTRON MICROSCOPY
3J78	6.3	ELECTRON MICROSCOPY
3J79	3.2	ELECTRON MICROSCOPY
3J7A	3.2	ELECTRON MICROSCOPY
3J7O	3.4	ELECTRON MICROSCOPY
3J7P	3.5	ELECTRON MICROSCOPY
3J7Q	3.4	ELECTRON MICROSCOPY
3J7R	3.9	ELECTRON MICROSCOPY
3J7Y	3.4	ELECTRON MICROSCOPY
3J7Z	3.9	ELECTRON MICROSCOPY
3J80	3.75	ELECTRON MICROSCOPY
3J81	4.0	ELECTRON MICROSCOPY
3J8G	5.0	ELECTRON MICROSCOPY
3J92	3.6	ELECTRON MICROSCOPY
3J9B	4.3	ELECTRON MICROSCOPY
3J9M	3.5	ELECTRON MICROSCOPY
3J9W	3.9	ELECTRON MICROSCOPY
3J9X	3.8	ELECTRON MICROSCOPY
3J9Y	3.9	ELECTRON MICROSCOPY
3J9Z	3.6	ELECTRON MICROSCOPY
3JA1	3.6	ELECTRON MICROSCOPY
3JAA	22.0	ELECTRON MICROSCOPY
3JAG	3.65	ELECTRON MICROSCOPY
3JAH	3.45	ELECTRON MICROSCOPY
3JAI	3.65	ELECTRON MICROSCOPY
3JAJ	3.75	ELECTRON MICROSCOPY
3JAM	3.46	ELECTRON MICROSCOPY
3JAN	3.75	ELECTRON MICROSCOPY
3JAP	4.9	ELECTRON MICROSCOPY
3JB7	4.0	ELECTRON MICROSCOPY
3JB9	3.6	ELECTRON MICROSCOPY
3JBN	4.7	ELECTRON MICROSCOPY
3JBO	5.8	ELECTRON MICROSCOPY
3JBP	6.7	ELECTRON MICROSCOPY
3JBU	3.64	ELECTRON MICROSCOPY
3JBV	3.32	ELECTRON MICROSCOPY
3JBW	4.6	ELECTRON MICROSCOPY
3JBX	3.4	ELECTRON MICROSCOPY
3JBY	3.7	ELECTRON MICROSCOPY
3JCA	4.8	ELECTRON MICROSCOPY
3JCD	3.7	ELECTRON MICROSCOPY
3JCE	3.2	ELECTRON MICROSCOPY
3JCJ	3.7	ELECTRON MICROSCOPY
3JCM	3.8	ELECTRON MICROSCOPY
3JCN	4.6	ELECTRON MICROSCOPY
3JCR	7.0	ELECTRON MICROSCOPY
3JCS	2.8	ELECTRON MICROSCOPY
3JCT	3.08	ELECTRON MICROSCOPY
3JD5	7.0	ELECTRON MICROSCOPY
3JPN	2.15	X-RAY DIFFRACTION
3JPO	2.0	X-RAY DIFFRACTION
3JPP	2.1	X-RAY DIFFRACTION
3JPQ	1.9	X-RAY DIFFRACTION
3JPR	2.1	X-RAY DIFFRACTION
3JPS	2.0	X-RAY DIFFRACTION
3JPT	2.15	X-RAY DIFFRACTION
3JQ4	3.52	X-RAY DIFFRACTION
3JR4	2.601	X-RAY DIFFRACTION
3JR5	1.704	X-RAY DIFFRACTION
3JR9	2.9	X-RAY DIFFRACTION
3JRA	3.11	X-RAY DIFFRACTION
3JRB	3.1	X-RAY DIFFRACTION
3JRC	3.08	X-RAY DIFFRACTION
3JRD	3.1	X-RAY DIFFRACTION
3JRE	3.17	X-RAY DIFFRACTION
3JRF	3.05	X-RAY DIFFRACTION
3JRG	3.11	X-RAY DIFFRACTION
3JRH	2.88	X-RAY DIFFRACTION
3JRI	3.11	X-RAY DIFFRACTION
3JSM	3.0	X-RAY DIFFRACTION
3JSO	2.29	X-RAY DIFFRACTION
3JSP	2.9	X-RAY DIFFRACTION
3JTG	2.2	X-RAY DIFFRACTION
3JX7	1.6	X-RAY DIFFRACTION
3JXB	1.67	X-RAY DIFFRACTION
3JXC	1.9	X-RAY DIFFRACTION
3JXD	2.1	X-RAY DIFFRACTION
3JXQ	1.45	X-RAY DIFFRACTION
3JXR	1.25	X-RAY DIFFRACTION
3JXY	1.5	X-RAY DIFFRACTION
3JXZ	1.75	X-RAY DIFFRACTION
3JY1	1.754	X-RAY DIFFRACTION
3JYT	3.3	X-RAY DIFFRACTION
3K0J	3.1	X-RAY DIFFRACTION
3K0S	2.2	X-RAY DIFFRACTION
3K18	1.5	X-RAY DIFFRACTION
3K1V	2.2	X-RAY DIFFRACTION
3K3R	3.2	X-RAY DIFFRACTION
3K49	2.5	X-RAY DIFFRACTION
3K4E	3.2	X-RAY DIFFRACTION
3K4X	2.98	X-RAY DIFFRACTION
3K57	2.08	X-RAY DIFFRACTION
3K58	2.05	X-RAY DIFFRACTION
3K59	1.92	X-RAY DIFFRACTION
3K5L	2.7	X-RAY DIFFRACTION
3K5M	2.04	X-RAY DIFFRACTION
3K5N	3.15	X-RAY DIFFRACTION
3K5Q	2.2	X-RAY DIFFRACTION
3K5Y	2.3	X-RAY DIFFRACTION
3K5Z	2.4	X-RAY DIFFRACTION
3K61	2.21	X-RAY DIFFRACTION
3K62	1.9	X-RAY DIFFRACTION
3K64	2.0	X-RAY DIFFRACTION
3K70	3.59	X-RAY DIFFRACTION
3K9F	2.9	X-RAY DIFFRACTION
3KBD	\N	SOLUTION NMR
3KD1	2.66	X-RAY DIFFRACTION
3KD5	2.69	X-RAY DIFFRACTION
3KDE	1.74	X-RAY DIFFRACTION
3KET	2.4	X-RAY DIFFRACTION
3KFU	3.0	X-RAY DIFFRACTION
3KHC	2.2	X-RAY DIFFRACTION
3KHG	2.96	X-RAY DIFFRACTION
3KHH	2.7	X-RAY DIFFRACTION
3KHL	2.1	X-RAY DIFFRACTION
3KHR	2.01	X-RAY DIFFRACTION
3KJO	1.8	X-RAY DIFFRACTION
3KJP	1.8	X-RAY DIFFRACTION
3KJV	3.1	X-RAY DIFFRACTION
3KK1	2.7	X-RAY DIFFRACTION
3KK2	2.9	X-RAY DIFFRACTION
3KK3	2.9	X-RAY DIFFRACTION
3KLE	3.2	X-RAY DIFFRACTION
3KLF	3.15	X-RAY DIFFRACTION
3KLG	3.65	X-RAY DIFFRACTION
3KLH	2.9	X-RAY DIFFRACTION
3KLV	2.6	X-RAY DIFFRACTION
3KMD	2.15	X-RAY DIFFRACTION
3KMP	2.7	X-RAY DIFFRACTION
3KMQ	2.11	X-RAY DIFFRACTION
3KMS	2.2	X-RAY DIFFRACTION
3KNA	2.8	X-RAY DIFFRACTION
3KNC	2.5	X-RAY DIFFRACTION
3KNT	2.7	X-RAY DIFFRACTION
3KO2	2.9	X-RAY DIFFRACTION
3KOA	2.4	X-RAY DIFFRACTION
3KOV	2.9	X-RAY DIFFRACTION
3KQ8	1.6	X-RAY DIFFRACTION
3KQH	2.4	X-RAY DIFFRACTION
3KQK	2.8	X-RAY DIFFRACTION
3KQL	2.5	X-RAY DIFFRACTION
3KQN	2.05	X-RAY DIFFRACTION
3KQU	2.4	X-RAY DIFFRACTION
3KS8	2.401	X-RAY DIFFRACTION
3KSA	3.3	X-RAY DIFFRACTION
3KSB	3.5	X-RAY DIFFRACTION
3KTQ	2.3	X-RAY DIFFRACTION
3KTU	2.3	X-RAY DIFFRACTION
3KTV	3.8	X-RAY DIFFRACTION
3KTW	3.2	X-RAY DIFFRACTION
3KUY	2.9	X-RAY DIFFRACTION
3KWQ	3.5	X-RAY DIFFRACTION
3KXB	3.2	X-RAY DIFFRACTION
3KXT	1.602	X-RAY DIFFRACTION
3KYL	2.7	X-RAY DIFFRACTION
3KZ8	1.91	X-RAY DIFFRACTION
3L0U	3.0	X-RAY DIFFRACTION
3L1P	2.8	X-RAY DIFFRACTION
3L1Q	2.5	X-RAY DIFFRACTION
3L25	2.0	X-RAY DIFFRACTION
3L26	2.4	X-RAY DIFFRACTION
3L2C	1.868	X-RAY DIFFRACTION
3L2P	3.0	X-RAY DIFFRACTION
3L2Q	3.25	X-RAY DIFFRACTION
3L2R	2.88	X-RAY DIFFRACTION
3L2U	3.15	X-RAY DIFFRACTION
3L2V	3.2	X-RAY DIFFRACTION
3L2W	3.2	X-RAY DIFFRACTION
3L3C	2.85	X-RAY DIFFRACTION
3L4J	2.48	X-RAY DIFFRACTION
3L4K	2.98	X-RAY DIFFRACTION
3L8B	2.15	X-RAY DIFFRACTION
3LA5	1.7	X-RAY DIFFRACTION
3LAJ	2.306	X-RAY DIFFRACTION
3LAP	2.15	X-RAY DIFFRACTION
3LDS	3.0	X-RAY DIFFRACTION
3LDY	1.97	X-RAY DIFFRACTION
3LEL	2.95	X-RAY DIFFRACTION
3LJA	2.75	X-RAY DIFFRACTION
3LK9	2.5	X-RAY DIFFRACTION
3LLN	3.0	X-RAY DIFFRACTION
3LNQ	2.25	X-RAY DIFFRACTION
3LOA	2.299	X-RAY DIFFRACTION
3LOB	3.6	X-RAY DIFFRACTION
3LPV	1.77	X-RAY DIFFRACTION
3LQX	1.93	X-RAY DIFFRACTION
3LRN	2.6	X-RAY DIFFRACTION
3LRR	2.15	X-RAY DIFFRACTION
3LSP	2.66	X-RAY DIFFRACTION
3LSR	2.55	X-RAY DIFFRACTION
3LTN	3.1	X-RAY DIFFRACTION
3LTR	1.3	X-RAY DIFFRACTION
3LTU	1.4	X-RAY DIFFRACTION
3LWH	1.9	X-RAY DIFFRACTION
3LWI	2.3	X-RAY DIFFRACTION
3LWL	2.25	X-RAY DIFFRACTION
3LWM	2.186	X-RAY DIFFRACTION
3LWO	2.855	X-RAY DIFFRACTION
3LWP	2.5	X-RAY DIFFRACTION
3LWQ	2.678	X-RAY DIFFRACTION
3LWR	2.203	X-RAY DIFFRACTION
3LWV	2.499	X-RAY DIFFRACTION
3LZ0	2.5	X-RAY DIFFRACTION
3LZ1	2.5	X-RAY DIFFRACTION
3LZI	2.3	X-RAY DIFFRACTION
3LZJ	2.05	X-RAY DIFFRACTION
3M3Y	3.18	X-RAY DIFFRACTION
3M4A	1.65	X-RAY DIFFRACTION
3M4O	3.57	X-RAY DIFFRACTION
3M7K	1.92	X-RAY DIFFRACTION
3M7N	2.4	X-RAY DIFFRACTION
3M85	3.0	X-RAY DIFFRACTION
3M8R	2.0	X-RAY DIFFRACTION
3M8S	2.2	X-RAY DIFFRACTION
3M9E	2.406	X-RAY DIFFRACTION
3M9M	2.9	X-RAY DIFFRACTION
3M9N	1.93	X-RAY DIFFRACTION
3M9O	2.0	X-RAY DIFFRACTION
3MAQ	2.4	X-RAY DIFFRACTION
3MBS	1.27	X-RAY DIFFRACTION
3MBY	2.0	X-RAY DIFFRACTION
3MDA	2.031	X-RAY DIFFRACTION
3MDC	1.999	X-RAY DIFFRACTION
3MDG	2.22	X-RAY DIFFRACTION
3MDI	2.07	X-RAY DIFFRACTION
3MEI	1.968	X-RAY DIFFRACTION
3MFH	2.0	X-RAY DIFFRACTION
3MFI	1.76	X-RAY DIFFRACTION
3MFK	3.0	X-RAY DIFFRACTION
3MGH	2.4	X-RAY DIFFRACTION
3MGI	2.603	X-RAY DIFFRACTION
3MGP	2.44	X-RAY DIFFRACTION
3MGQ	2.65	X-RAY DIFFRACTION
3MGR	2.3	X-RAY DIFFRACTION
3MGS	3.15	X-RAY DIFFRACTION
3MGV	2.29	X-RAY DIFFRACTION
3MHT	2.7	X-RAY DIFFRACTION
3MIJ	2.6	X-RAY DIFFRACTION
3MIP	2.4	X-RAY DIFFRACTION
3MIS	2.3	X-RAY DIFFRACTION
3MJ0	2.306	X-RAY DIFFRACTION
3MJ3	3.1	X-RAY DIFFRACTION
3MJA	2.8	X-RAY DIFFRACTION
3MJB	2.8	X-RAY DIFFRACTION
3MKW	2.99	X-RAY DIFFRACTION
3MKY	2.86	X-RAY DIFFRACTION
3MKZ	2.98	X-RAY DIFFRACTION
3MLN	2.4	X-RAY DIFFRACTION
3MLO	3.01	X-RAY DIFFRACTION
3MLP	2.8	X-RAY DIFFRACTION
3MNN	2.5	X-RAY DIFFRACTION
3MOJ	2.902	X-RAY DIFFRACTION
3MQ6	2.0	X-RAY DIFFRACTION
3MQK	2.8	X-RAY DIFFRACTION
3MQY	2.0	X-RAY DIFFRACTION
3MR2	1.83	X-RAY DIFFRACTION
3MR3	1.75	X-RAY DIFFRACTION
3MR5	1.8	X-RAY DIFFRACTION
3MR6	1.9	X-RAY DIFFRACTION
3MU6	2.434	X-RAY DIFFRACTION
3MUM	2.9	X-RAY DIFFRACTION
3MUR	3.0	X-RAY DIFFRACTION
3MUT	3.0	X-RAY DIFFRACTION
3MUV	3.2	X-RAY DIFFRACTION
3MVA	2.2	X-RAY DIFFRACTION
3MVB	2.786	X-RAY DIFFRACTION
3MVD	2.9	X-RAY DIFFRACTION
3MX4	2.5	X-RAY DIFFRACTION
3MX9	2.6	X-RAY DIFFRACTION
3MXA	2.3	X-RAY DIFFRACTION
3MXB	2.3	X-RAY DIFFRACTION
3MXH	2.3	X-RAY DIFFRACTION
3MXI	2.55	X-RAY DIFFRACTION
3MXM	1.75	X-RAY DIFFRACTION
3MZH	2.9	X-RAY DIFFRACTION
3N1I	2.2	X-RAY DIFFRACTION
3N1J	2.65	X-RAY DIFFRACTION
3N1K	2.702	X-RAY DIFFRACTION
3N1L	2.35	X-RAY DIFFRACTION
3N4M	2.987	X-RAY DIFFRACTION
3N4N	1.92	X-RAY DIFFRACTION
3N4O	2.9	X-RAY DIFFRACTION
3N6S	3.1	X-RAY DIFFRACTION
3N78	2.95	X-RAY DIFFRACTION
3N7B	2.65	X-RAY DIFFRACTION
3N7Q	2.4	X-RAY DIFFRACTION
3N97	3.252	X-RAY DIFFRACTION
3NAE	2.003	X-RAY DIFFRACTION
3NAO	5.03	X-RAY DIFFRACTION
3NBN	3.45	X-RAY DIFFRACTION
3NCI	1.79	X-RAY DIFFRACTION
3NCU	2.55	X-RAY DIFFRACTION
3ND3	1.37	X-RAY DIFFRACTION
3ND4	1.524	X-RAY DIFFRACTION
3NDB	3.0	X-RAY DIFFRACTION
3NDH	1.3	X-RAY DIFFRACTION
3NDK	2.0	X-RAY DIFFRACTION
3NE6	2.001	X-RAY DIFFRACTION
3NGD	2.8	X-RAY DIFFRACTION
3NGI	1.886	X-RAY DIFFRACTION
3NGO	2.2	X-RAY DIFFRACTION
3NGZ	2.1	X-RAY DIFFRACTION
3NH0	2.3	X-RAY DIFFRACTION
3NH1	2.107	X-RAY DIFFRACTION
3NH2	2.3	X-RAY DIFFRACTION
3NHG	2.5	X-RAY DIFFRACTION
3NIC	2.8	X-RAY DIFFRACTION
3NJ6	0.95	X-RAY DIFFRACTION
3NJ7	1.904	X-RAY DIFFRACTION
3NKB	1.916	X-RAY DIFFRACTION
3NL0	2.6	X-RAY DIFFRACTION
3NM9	2.85	X-RAY DIFFRACTION
3NMA	2.6	X-RAY DIFFRACTION
3NMR	1.85	X-RAY DIFFRACTION
3NMU	2.729	X-RAY DIFFRACTION
3NNA	1.899	X-RAY DIFFRACTION
3NNC	2.2005	X-RAY DIFFRACTION
3NNH	2.7501	X-RAY DIFFRACTION
3NP6	2.3	X-RAY DIFFRACTION
3NPN	2.792	X-RAY DIFFRACTION
3NPQ	2.1814	X-RAY DIFFRACTION
3NVI	2.709	X-RAY DIFFRACTION
3NVK	3.209	X-RAY DIFFRACTION
3NX5	2.31	X-RAY DIFFRACTION
3NYP	1.179	X-RAY DIFFRACTION
3NZ7	1.1	X-RAY DIFFRACTION
3O1M	1.75	X-RAY DIFFRACTION
3O1O	1.92	X-RAY DIFFRACTION
3O1P	1.51	X-RAY DIFFRACTION
3O1R	1.77	X-RAY DIFFRACTION
3O1S	1.58	X-RAY DIFFRACTION
3O1T	1.48	X-RAY DIFFRACTION
3O1U	1.54	X-RAY DIFFRACTION
3O1V	1.9	X-RAY DIFFRACTION
3O3F	2.0	X-RAY DIFFRACTION
3O3G	2.1	X-RAY DIFFRACTION
3O3H	2.8	X-RAY DIFFRACTION
3O3I	2.801	X-RAY DIFFRACTION
3O62	3.216	X-RAY DIFFRACTION
3O6E	2.904	X-RAY DIFFRACTION
3O7V	2.1	X-RAY DIFFRACTION
3O8C	2.0	X-RAY DIFFRACTION
3O8R	2.304	X-RAY DIFFRACTION
3O9X	2.0999	X-RAY DIFFRACTION
3OA6	2.35	X-RAY DIFFRACTION
3OD8	2.4	X-RAY DIFFRACTION
3ODA	2.64	X-RAY DIFFRACTION
3ODC	2.8	X-RAY DIFFRACTION
3ODE	2.95	X-RAY DIFFRACTION
3ODH	2.3	X-RAY DIFFRACTION
3OG8	2.4	X-RAY DIFFRACTION
3OGD	2.8	X-RAY DIFFRACTION
3OGU	1.845	X-RAY DIFFRACTION
3OH6	2.894	X-RAY DIFFRACTION
3OH9	2.802	X-RAY DIFFRACTION
3OHA	2.0	X-RAY DIFFRACTION
3OHB	2.0	X-RAY DIFFRACTION
3OIE	1.9	X-RAY DIFFRACTION
3OIJ	3.0	X-RAY DIFFRACTION
3OIN	1.9	X-RAY DIFFRACTION
3OJS	1.9	X-RAY DIFFRACTION
3OJU	2.0	X-RAY DIFFRACTION
3OK2	1.963	X-RAY DIFFRACTION
3OK4	1.149	X-RAY DIFFRACTION
3OL6	2.5	X-RAY DIFFRACTION
3OL7	2.7	X-RAY DIFFRACTION
3OL8	2.75	X-RAY DIFFRACTION
3OL9	2.25	X-RAY DIFFRACTION
3OLA	2.55	X-RAY DIFFRACTION
3OLB	2.41	X-RAY DIFFRACTION
3OMJ	0.95	X-RAY DIFFRACTION
3ON0	2.874	X-RAY DIFFRACTION
3OOL	2.3	X-RAY DIFFRACTION
3OOR	2.5	X-RAY DIFFRACTION
3OPI	1.1	X-RAY DIFFRACTION
3OQG	1.75	X-RAY DIFFRACTION
3OQM	2.96	X-RAY DIFFRACTION
3OQN	3.3	X-RAY DIFFRACTION
3OQO	2.97	X-RAY DIFFRACTION
3OR3	1.95	X-RAY DIFFRACTION
3ORC	3.0	X-RAY DIFFRACTION
3OS0	2.81	X-RAY DIFFRACTION
3OS1	2.97	X-RAY DIFFRACTION
3OS2	3.32	X-RAY DIFFRACTION
3OSF	2.032	X-RAY DIFFRACTION
3OSG	1.997	X-RAY DIFFRACTION
3OSN	1.9	X-RAY DIFFRACTION
3OSP	2.5	X-RAY DIFFRACTION
3OT0	1.7004	X-RAY DIFFRACTION
3OTO	3.69	X-RAY DIFFRACTION
3OUY	2.69	X-RAY DIFFRACTION
3OV7	3.0	X-RAY DIFFRACTION
3OVA	1.98	X-RAY DIFFRACTION
3OVB	1.95	X-RAY DIFFRACTION
3OVS	2.8	X-RAY DIFFRACTION
3OW2	2.7	X-RAY DIFFRACTION
3OWI	2.845	X-RAY DIFFRACTION
3OWW	2.802	X-RAY DIFFRACTION
3OWZ	2.949	X-RAY DIFFRACTION
3OX0	3.049	X-RAY DIFFRACTION
3OXB	2.947	X-RAY DIFFRACTION
3OXD	2.999	X-RAY DIFFRACTION
3OXE	2.899	X-RAY DIFFRACTION
3OXJ	3.2	X-RAY DIFFRACTION
3OXM	2.95	X-RAY DIFFRACTION
3OY9	2.55	X-RAY DIFFRACTION
3OYA	2.65	X-RAY DIFFRACTION
3OYB	2.54	X-RAY DIFFRACTION
3OYC	2.66	X-RAY DIFFRACTION
3OYD	2.54	X-RAY DIFFRACTION
3OYE	2.74	X-RAY DIFFRACTION
3OYF	2.51	X-RAY DIFFRACTION
3OYG	2.56	X-RAY DIFFRACTION
3OYH	2.74	X-RAY DIFFRACTION
3OYI	2.72	X-RAY DIFFRACTION
3OYJ	2.68	X-RAY DIFFRACTION
3OYK	2.72	X-RAY DIFFRACTION
3OYL	2.54	X-RAY DIFFRACTION
3OYM	2.02	X-RAY DIFFRACTION
3OYN	2.68	X-RAY DIFFRACTION
3OZ3	1.57	X-RAY DIFFRACTION
3OZ4	1.59	X-RAY DIFFRACTION
3OZ5	1.36	X-RAY DIFFRACTION
3P22	2.501	X-RAY DIFFRACTION
3P49	3.55	X-RAY DIFFRACTION
3P4A	1.2	X-RAY DIFFRACTION
3P4B	1.45	X-RAY DIFFRACTION
3P4C	1.15	X-RAY DIFFRACTION
3P4D	1.85	X-RAY DIFFRACTION
3P4J	0.55	X-RAY DIFFRACTION
3P57	2.1921	X-RAY DIFFRACTION
3P59	2.1793	X-RAY DIFFRACTION
3P6Y	2.9	X-RAY DIFFRACTION
3PA0	1.6	X-RAY DIFFRACTION
3PBX	1.879	X-RAY DIFFRACTION
3PDM	3.5	FIBER DIFFRACTION
3PDR	1.853	X-RAY DIFFRACTION
3PEW	1.501	X-RAY DIFFRACTION
3PEY	1.401	X-RAY DIFFRACTION
3PF4	1.38	X-RAY DIFFRACTION
3PF5	1.68	X-RAY DIFFRACTION
3PGW	4.4	X-RAY DIFFRACTION
3PHP	\N	SOLUTION NMR
3PIH	2.9	X-RAY DIFFRACTION
3PIO	3.2473	X-RAY DIFFRACTION
3PIP	3.45	X-RAY DIFFRACTION
3PJR	3.3	X-RAY DIFFRACTION
3PKM	3.103	X-RAY DIFFRACTION
3PKY	3.1	X-RAY DIFFRACTION
3PLA	3.15	X-RAY DIFFRACTION
3PML	2.6	X-RAY DIFFRACTION
3PMN	2.2	X-RAY DIFFRACTION
3PNC	2.0	X-RAY DIFFRACTION
3PO2	3.3	X-RAY DIFFRACTION
3PO3	3.3	X-RAY DIFFRACTION
3PO4	1.8	X-RAY DIFFRACTION
3PO5	2.39	X-RAY DIFFRACTION
3POV	2.5	X-RAY DIFFRACTION
3PR4	2.65	X-RAY DIFFRACTION
3PR5	2.4	X-RAY DIFFRACTION
3PT6	3.0	X-RAY DIFFRACTION
3PTA	3.6	X-RAY DIFFRACTION
3PTX	3.0	X-RAY DIFFRACTION
3PU0	3.09	X-RAY DIFFRACTION
3PU1	3.14	X-RAY DIFFRACTION
3PU4	3.0	X-RAY DIFFRACTION
3PV8	1.52	X-RAY DIFFRACTION
3PVI	1.59	X-RAY DIFFRACTION
3PVP	2.3	X-RAY DIFFRACTION
3PVV	2.0	X-RAY DIFFRACTION
3PVX	3.03	X-RAY DIFFRACTION
3PW0	2.91	X-RAY DIFFRACTION
3PW2	2.74	X-RAY DIFFRACTION
3PW4	2.9	X-RAY DIFFRACTION
3PW5	3.0	X-RAY DIFFRACTION
3PW7	2.9	X-RAY DIFFRACTION
3PX0	1.73	X-RAY DIFFRACTION
3PX4	1.582	X-RAY DIFFRACTION
3PX6	1.59	X-RAY DIFFRACTION
3PX7	2.3	X-RAY DIFFRACTION
3PY8	1.74	X-RAY DIFFRACTION
3PZP	3.336	X-RAY DIFFRACTION
3Q05	2.4	X-RAY DIFFRACTION
3Q06	3.2	X-RAY DIFFRACTION
3Q0A	2.69	X-RAY DIFFRACTION
3Q0B	2.2	X-RAY DIFFRACTION
3Q0C	2.6567	X-RAY DIFFRACTION
3Q0D	2.3704	X-RAY DIFFRACTION
3Q0F	2.75	X-RAY DIFFRACTION
3Q0L	2.503	X-RAY DIFFRACTION
3Q0M	2.705	X-RAY DIFFRACTION
3Q0N	2.4	X-RAY DIFFRACTION
3Q0O	2.804	X-RAY DIFFRACTION
3Q0P	2.6	X-RAY DIFFRACTION
3Q0Q	2.0	X-RAY DIFFRACTION
3Q0R	2.0	X-RAY DIFFRACTION
3Q0S	2.0	X-RAY DIFFRACTION
3Q1M	3.2	X-RAY DIFFRACTION
3Q1Q	3.8	X-RAY DIFFRACTION
3Q1R	4.21	X-RAY DIFFRACTION
3Q22	2.11	X-RAY DIFFRACTION
3Q23	1.8	X-RAY DIFFRACTION
3Q24	1.81	X-RAY DIFFRACTION
3Q2T	3.061	X-RAY DIFFRACTION
3Q2Y	2.95	X-RAY DIFFRACTION
3Q3D	2.79	X-RAY DIFFRACTION
3Q3Z	2.51	X-RAY DIFFRACTION
3Q50	2.75	X-RAY DIFFRACTION
3Q51	2.85	X-RAY DIFFRACTION
3Q5C	2.501	X-RAY DIFFRACTION
3Q5F	2.96	X-RAY DIFFRACTION
3Q5P	2.942	X-RAY DIFFRACTION
3Q5R	3.05	X-RAY DIFFRACTION
3Q5S	3.1	X-RAY DIFFRACTION
3Q61	1.56	X-RAY DIFFRACTION
3Q8K	2.2001	X-RAY DIFFRACTION
3Q8L	2.319	X-RAY DIFFRACTION
3Q8M	2.6	X-RAY DIFFRACTION
3Q8P	1.95	X-RAY DIFFRACTION
3Q8Q	2.031	X-RAY DIFFRACTION
3Q8R	2.45	X-RAY DIFFRACTION
3Q8S	2.09	X-RAY DIFFRACTION
3QBA	\N	X-RAY DIFFRACTION
3QCR	3.2	X-RAY DIFFRACTION
3QE9	2.51	X-RAY DIFFRACTION
3QEA	3.1	X-RAY DIFFRACTION
3QEB	3.0	X-RAY DIFFRACTION
3QEI	2.178	X-RAY DIFFRACTION
3QEP	1.8	X-RAY DIFFRACTION
3QER	1.96	X-RAY DIFFRACTION
3QES	1.98	X-RAY DIFFRACTION
3QET	2.08	X-RAY DIFFRACTION
3QEV	1.77	X-RAY DIFFRACTION
3QEW	1.84	X-RAY DIFFRACTION
3QEX	1.73	X-RAY DIFFRACTION
3QF8	1.73	X-RAY DIFFRACTION
3QFQ	2.9001	X-RAY DIFFRACTION
3QG9	2.25	X-RAY DIFFRACTION
3QGB	2.4	X-RAY DIFFRACTION
3QGC	1.9	X-RAY DIFFRACTION
3QI5	2.2	X-RAY DIFFRACTION
3QJJ	2.8049	X-RAY DIFFRACTION
3QJL	2.7009	X-RAY DIFFRACTION
3QJP	3.2986	X-RAY DIFFRACTION
3QK4	2.6	X-RAY DIFFRACTION
3QLP	2.14	X-RAY DIFFRACTION
3QMB	2.06	X-RAY DIFFRACTION
3QMC	2.1	X-RAY DIFFRACTION
3QMD	1.9	X-RAY DIFFRACTION
3QMG	2.3	X-RAY DIFFRACTION
3QMH	2.5	X-RAY DIFFRACTION
3QMI	2.1	X-RAY DIFFRACTION
3QNN	1.92	X-RAY DIFFRACTION
3QNO	1.88	X-RAY DIFFRACTION
3QOQ	3.1	X-RAY DIFFRACTION
3QQY	2.401	X-RAY DIFFRACTION
3QRF	2.8	X-RAY DIFFRACTION
3QRN	1.1	X-RAY DIFFRACTION
3QRP	2.352	X-RAY DIFFRACTION
3QRQ	3.194	X-RAY DIFFRACTION
3QRR	3.099	X-RAY DIFFRACTION
3QSC	2.4	X-RAY DIFFRACTION
3QSF	2.4	X-RAY DIFFRACTION
3QSU	2.2	X-RAY DIFFRACTION
3QSV	2.708	X-RAY DIFFRACTION
3QSY	3.2	X-RAY DIFFRACTION
3QX3	2.162	X-RAY DIFFRACTION
3QXR	1.62	X-RAY DIFFRACTION
3QYM	3.2	X-RAY DIFFRACTION
3QYN	2.5	X-RAY DIFFRACTION
3QYX	3.75	X-RAY DIFFRACTION
3QZ7	1.998	X-RAY DIFFRACTION
3QZ8	1.999	X-RAY DIFFRACTION
3R1C	2.0531	X-RAY DIFFRACTION
3R1D	1.45	X-RAY DIFFRACTION
3R1E	0.972	X-RAY DIFFRACTION
3R1H	3.15	X-RAY DIFFRACTION
3R1L	3.125	X-RAY DIFFRACTION
3R2C	1.902	X-RAY DIFFRACTION
3R2D	2.199	X-RAY DIFFRACTION
3R4F	3.5	X-RAY DIFFRACTION
3R6R	2.4	X-RAY DIFFRACTION
3R7P	2.704	X-RAY DIFFRACTION
3R86	2.8	X-RAY DIFFRACTION
3R8F	3.366	X-RAY DIFFRACTION
3R9W	2.05	X-RAY DIFFRACTION
3R9X	2.8	X-RAY DIFFRACTION
3RA0	2.451	X-RAY DIFFRACTION
3RA4	2.7	X-RAY DIFFRACTION
3RA9	2.7	X-RAY DIFFRACTION
3RAD	3.35	X-RAY DIFFRACTION
3RAE	2.9	X-RAY DIFFRACTION
3RAF	3.24	X-RAY DIFFRACTION
3RAQ	2.25	X-RAY DIFFRACTION
3RAX	1.891	X-RAY DIFFRACTION
3RB0	3.225	X-RAY DIFFRACTION
3RB3	2.8	X-RAY DIFFRACTION
3RB4	2.805	X-RAY DIFFRACTION
3RB6	2.7	X-RAY DIFFRACTION
3RBD	2.502	X-RAY DIFFRACTION
3RBE	2.8	X-RAY DIFFRACTION
3RC8	2.9	X-RAY DIFFRACTION
3REC	\N	SOLUTION NMR
3REH	2.5	X-RAY DIFFRACTION
3REI	2.65	X-RAY DIFFRACTION
3REJ	2.55	X-RAY DIFFRACTION
3REK	2.6	X-RAY DIFFRACTION
3REL	2.7	X-RAY DIFFRACTION
3RER	1.7	X-RAY DIFFRACTION
3RG5	2.0	X-RAY DIFFRACTION
3RH4	1.918	X-RAY DIFFRACTION
3RH5	2.096	X-RAY DIFFRACTION
3RH6	2.048	X-RAY DIFFRACTION
3RI4	3.0	X-RAY DIFFRACTION
3RJE	2.1	X-RAY DIFFRACTION
3RJF	2.3	X-RAY DIFFRACTION
3RJG	2.0	X-RAY DIFFRACTION
3RJH	2.2	X-RAY DIFFRACTION
3RJI	2.3	X-RAY DIFFRACTION
3RJJ	2.0	X-RAY DIFFRACTION
3RJK	2.1	X-RAY DIFFRACTION
3RKF	2.5	X-RAY DIFFRACTION
3RKQ	1.7	X-RAY DIFFRACTION
3RMA	2.84	X-RAY DIFFRACTION
3RMB	2.65	X-RAY DIFFRACTION
3RMC	3.0	X-RAY DIFFRACTION
3RMD	2.98	X-RAY DIFFRACTION
3RMP	2.21	X-RAY DIFFRACTION
3RN2	2.55	X-RAY DIFFRACTION
3RN5	2.5	X-RAY DIFFRACTION
3RNU	2.502	X-RAY DIFFRACTION
3RR7	1.95	X-RAY DIFFRACTION
3RR8	2.4	X-RAY DIFFRACTION
3RRG	2.3	X-RAY DIFFRACTION
3RRH	1.8	X-RAY DIFFRACTION
3RTJ	3.0	X-RAY DIFFRACTION
3RTV	1.9	X-RAY DIFFRACTION
3RW6	2.3	X-RAY DIFFRACTION
3RWU	2.33	X-RAY DIFFRACTION
3RZD	3.3	X-RAY DIFFRACTION
3RZG	1.62	X-RAY DIFFRACTION
3RZH	2.25	X-RAY DIFFRACTION
3RZJ	2.5	X-RAY DIFFRACTION
3RZK	2.78	X-RAY DIFFRACTION
3RZL	2.6	X-RAY DIFFRACTION
3RZM	3.06	X-RAY DIFFRACTION
3RZO	3.0	X-RAY DIFFRACTION
3S14	2.85	X-RAY DIFFRACTION
3S15	3.3	X-RAY DIFFRACTION
3S16	3.241	X-RAY DIFFRACTION
3S17	3.2	X-RAY DIFFRACTION
3S1M	3.13	X-RAY DIFFRACTION
3S1N	3.1	X-RAY DIFFRACTION
3S1Q	3.3	X-RAY DIFFRACTION
3S1R	3.2	X-RAY DIFFRACTION
3S2D	3.2	X-RAY DIFFRACTION
3S2H	3.3	X-RAY DIFFRACTION
3S3M	2.49	X-RAY DIFFRACTION
3S3N	2.49	X-RAY DIFFRACTION
3S3O	2.55	X-RAY DIFFRACTION
3S49	2.3	X-RAY DIFFRACTION
3S4G	6.0	X-RAY DIFFRACTION
3S4P	2.56	X-RAY DIFFRACTION
3S57	1.6	X-RAY DIFFRACTION
3S5A	1.7	X-RAY DIFFRACTION
3S6I	2.28	X-RAY DIFFRACTION
3S7C	1.1	X-RAY DIFFRACTION
3S8Q	2.1	X-RAY DIFFRACTION
3S8U	1.2	X-RAY DIFFRACTION
3S9H	1.95	X-RAY DIFFRACTION
3SAR	1.95	X-RAY DIFFRACTION
3SAS	2.05	X-RAY DIFFRACTION
3SAT	2.15	X-RAY DIFFRACTION
3SAU	1.65	X-RAY DIFFRACTION
3SAV	2.125	X-RAY DIFFRACTION
3SAW	2.35	X-RAY DIFFRACTION
3SBJ	2.1	X-RAY DIFFRACTION
3SC8	2.302	X-RAY DIFFRACTION
3SCX	2.35	X-RAY DIFFRACTION
3SD3	1.95	X-RAY DIFFRACTION
3SD8	1.67	X-RAY DIFFRACTION
3SI6	1.85	X-RAY DIFFRACTION
3SI8	2.15	X-RAY DIFFRACTION
3SIU	2.626	X-RAY DIFFRACTION
3SIV	3.304	X-RAY DIFFRACTION
3SJ2	1.36	X-RAY DIFFRACTION
3SJJ	2.38	X-RAY DIFFRACTION
3SJM	1.35	X-RAY DIFFRACTION
3SKI	2.3	X-RAY DIFFRACTION
3SKL	2.9	X-RAY DIFFRACTION
3SKR	3.1	X-RAY DIFFRACTION
3SKT	3.1	X-RAY DIFFRACTION
3SKW	2.95	X-RAY DIFFRACTION
3SKZ	2.605	X-RAY DIFFRACTION
3SLM	2.7	X-RAY DIFFRACTION
3SLP	2.3	X-RAY DIFFRACTION
3SLQ	2.5	X-RAY DIFFRACTION
3SM4	1.88	X-RAY DIFFRACTION
3SN2	2.99	X-RAY DIFFRACTION
3SNN	2.0	X-RAY DIFFRACTION
3SNP	2.8	X-RAY DIFFRACTION
3SPD	1.912	X-RAY DIFFRACTION
3SPL	2.101	X-RAY DIFFRACTION
3SPY	2.14	X-RAY DIFFRACTION
3SPZ	2.43	X-RAY DIFFRACTION
3SQ0	2.0	X-RAY DIFFRACTION
3SQ1	1.82	X-RAY DIFFRACTION
3SQ2	2.1	X-RAY DIFFRACTION
3SQ4	2.23	X-RAY DIFFRACTION
3SQI	2.8245	X-RAY DIFFRACTION
3SQW	1.909	X-RAY DIFFRACTION
3SQX	2.112	X-RAY DIFFRACTION
3SSC	2.1	X-RAY DIFFRACTION
3SSD	2.2	X-RAY DIFFRACTION
3SSE	2.7	X-RAY DIFFRACTION
3SSF	1.6	X-RAY DIFFRACTION
3SUH	2.65	X-RAY DIFFRACTION
3SUN	2.42	X-RAY DIFFRACTION
3SUO	2.23	X-RAY DIFFRACTION
3SUP	2.32	X-RAY DIFFRACTION
3SUQ	3.15	X-RAY DIFFRACTION
3SUX	2.9	X-RAY DIFFRACTION
3SUY	3.21	X-RAY DIFFRACTION
3SV3	2.1	X-RAY DIFFRACTION
3SV4	1.99	X-RAY DIFFRACTION
3SWM	4.25	X-RAY DIFFRACTION
3SWP	4.113	X-RAY DIFFRACTION
3SYW	1.57	X-RAY DIFFRACTION
3SYZ	1.952	X-RAY DIFFRACTION
3SZ2	2.15	X-RAY DIFFRACTION
3SZ5	2.8	X-RAY DIFFRACTION
3SZQ	2.353	X-RAY DIFFRACTION
3SZX	2.204	X-RAY DIFFRACTION
3T1H	3.11	X-RAY DIFFRACTION
3T1Y	2.8	X-RAY DIFFRACTION
3T3F	1.9	X-RAY DIFFRACTION
3T3N	3.09	X-RAY DIFFRACTION
3T3O	2.5	X-RAY DIFFRACTION
3T4B	3.55	X-RAY DIFFRACTION
3T5E	2.1	X-RAY DIFFRACTION
3T5H	2.35	X-RAY DIFFRACTION
3T5J	2.4	X-RAY DIFFRACTION
3T5K	2.9	X-RAY DIFFRACTION
3T5L	2.9	X-RAY DIFFRACTION
3T5N	1.787	X-RAY DIFFRACTION
3T5Q	3.0	X-RAY DIFFRACTION
3T72	4.33	X-RAY DIFFRACTION
3T79	3.6113	X-RAY DIFFRACTION
3T86	1.9	X-RAY DIFFRACTION
3T8P	2.35	X-RAY DIFFRACTION
3TAB	2.8	X-RAY DIFFRACTION
3TAE	2.71	X-RAY DIFFRACTION
3TAF	3.0	X-RAY DIFFRACTION
3TAG	2.95	X-RAY DIFFRACTION
3TAN	1.53	X-RAY DIFFRACTION
3TAP	1.655	X-RAY DIFFRACTION
3TAQ	1.65	X-RAY DIFFRACTION
3TAR	1.6	X-RAY DIFFRACTION
3TCI	2.421	X-RAY DIFFRACTION
3TD0	1.6	X-RAY DIFFRACTION
3TD1	2.1	X-RAY DIFFRACTION
3TED	2.0	X-RAY DIFFRACTION
3TFR	2.0	X-RAY DIFFRACTION
3TFS	2.0	X-RAY DIFFRACTION
3THV	1.611	X-RAY DIFFRACTION
3THW	3.09	X-RAY DIFFRACTION
3THX	2.7	X-RAY DIFFRACTION
3THY	2.894	X-RAY DIFFRACTION
3THZ	4.3	X-RAY DIFFRACTION
3TI0	1.62	X-RAY DIFFRACTION
3TMM	2.5001	X-RAY DIFFRACTION
3TOK	1.74	X-RAY DIFFRACTION
3TQ1	2.556	X-RAY DIFFRACTION
3TQ6	2.45	X-RAY DIFFRACTION
3TRA	3.0	X-RAY DIFFRACTION
3TRZ	2.9	X-RAY DIFFRACTION
3TS0	2.763	X-RAY DIFFRACTION
3TS2	2.01	X-RAY DIFFRACTION
3TS8	2.8	X-RAY DIFFRACTION
3TU4	3.0	X-RAY DIFFRACTION
3TUP	3.05	X-RAY DIFFRACTION
3TVB	1.08	X-RAY DIFFRACTION
3TWH	1.79	X-RAY DIFFRACTION
3TWM	2.8	X-RAY DIFFRACTION
3TZR	2.212	X-RAY DIFFRACTION
3U05	1.27	X-RAY DIFFRACTION
3U08	1.25	X-RAY DIFFRACTION
3U0U	1.24	X-RAY DIFFRACTION
3U2B	2.402	X-RAY DIFFRACTION
3U2E	2.32	X-RAY DIFFRACTION
3U2N	1.25	X-RAY DIFFRACTION
3U38	2.13	X-RAY DIFFRACTION
3U3W	2.4	X-RAY DIFFRACTION
3U3Y	2.28	X-RAY DIFFRACTION
3U44	3.201	X-RAY DIFFRACTION
3U4M	2.0	X-RAY DIFFRACTION
3U4Q	2.8	X-RAY DIFFRACTION
3U56	2.1	X-RAY DIFFRACTION
3U58	2.613	X-RAY DIFFRACTION
3U5Z	3.5	X-RAY DIFFRACTION
3U60	3.34	X-RAY DIFFRACTION
3U61	3.2	X-RAY DIFFRACTION
3U6C	1.8	X-RAY DIFFRACTION
3U6D	1.87	X-RAY DIFFRACTION
3U6E	1.7	X-RAY DIFFRACTION
3U6F	2.3	X-RAY DIFFRACTION
3U6L	1.97	X-RAY DIFFRACTION
3U6M	2.1	X-RAY DIFFRACTION
3U6O	1.9	X-RAY DIFFRACTION
3U6P	1.6	X-RAY DIFFRACTION
3U6Q	1.981	X-RAY DIFFRACTION
3U6S	1.77	X-RAY DIFFRACTION
3U6Y	2.0	X-RAY DIFFRACTION
3U7F	1.8	X-RAY DIFFRACTION
3U7G	2.1	X-RAY DIFFRACTION
3U7H	2.0	X-RAY DIFFRACTION
3U89	0.96	X-RAY DIFFRACTION
3UBI	6.8046	X-RAY DIFFRACTION
3UBT	2.502	X-RAY DIFFRACTION
3UBY	2.0	X-RAY DIFFRACTION
3UCU	2.8	X-RAY DIFFRACTION
3UCZ	2.8	X-RAY DIFFRACTION
3UD3	3.1	X-RAY DIFFRACTION
3UD4	2.7	X-RAY DIFFRACTION
3UDG	2.4	X-RAY DIFFRACTION
3UFD	2.8	X-RAY DIFFRACTION
3UFJ	2.967	X-RAY DIFFRACTION
3UGM	3.0	X-RAY DIFFRACTION
3UGO	2.096	X-RAY DIFFRACTION
3UGP	2.697	X-RAY DIFFRACTION
3UIQ	1.879	X-RAY DIFFRACTION
3UK3	2.1	X-RAY DIFFRACTION
3UKB	1.42	X-RAY DIFFRACTION
3UKC	1.54	X-RAY DIFFRACTION
3UKE	1.68	X-RAY DIFFRACTION
3UKG	2.95	X-RAY DIFFRACTION
3ULD	1.6	X-RAY DIFFRACTION
3ULM	3.01	X-RAY DIFFRACTION
3ULN	2.72	X-RAY DIFFRACTION
3ULO	3.24	X-RAY DIFFRACTION
3ULP	2.1	X-RAY DIFFRACTION
3UM4	2.82	X-RAY DIFFRACTION
3UMY	1.9	X-RAY DIFFRACTION
3UO7	3.002	X-RAY DIFFRACTION
3UOB	3.011	X-RAY DIFFRACTION
3UPQ	1.95	X-RAY DIFFRACTION
3UPU	3.299	X-RAY DIFFRACTION
3UQ0	2.14	X-RAY DIFFRACTION
3UQ2	2.25	X-RAY DIFFRACTION
3US0	2.5	X-RAY DIFFRACTION
3US1	2.8	X-RAY DIFFRACTION
3US2	4.2	X-RAY DIFFRACTION
3UT9	2.2	X-RAY DIFFRACTION
3UTA	2.07	X-RAY DIFFRACTION
3UTB	2.2	X-RAY DIFFRACTION
3UVF	3.0	X-RAY DIFFRACTION
3UXP	2.723	X-RAY DIFFRACTION
3UXW	2.27	X-RAY DIFFRACTION
3UYB	1.5	X-RAY DIFFRACTION
3UYH	1.95	X-RAY DIFFRACTION
3UZS	4.52	X-RAY DIFFRACTION
3UZT	3.51	X-RAY DIFFRACTION
3V06	1.53	X-RAY DIFFRACTION
3V07	1.24	X-RAY DIFFRACTION
3V11	5.0	X-RAY DIFFRACTION
3V1Z	2.2	X-RAY DIFFRACTION
3V20	2.35	X-RAY DIFFRACTION
3V21	2.7	X-RAY DIFFRACTION
3V4I	2.7983	X-RAY DIFFRACTION
3V4R	3.25	X-RAY DIFFRACTION
3V6D	2.7048	X-RAY DIFFRACTION
3V6H	2.3	X-RAY DIFFRACTION
3V6J	2.3	X-RAY DIFFRACTION
3V6K	3.6	X-RAY DIFFRACTION
3V6T	1.85	X-RAY DIFFRACTION
3V6Y	2.5	X-RAY DIFFRACTION
3V71	2.902	X-RAY DIFFRACTION
3V72	2.49	X-RAY DIFFRACTION
3V74	2.3	X-RAY DIFFRACTION
3V79	3.85	X-RAY DIFFRACTION
3V7E	2.8	X-RAY DIFFRACTION
3V7J	2.25	X-RAY DIFFRACTION
3V7K	2.271	X-RAY DIFFRACTION
3V81	2.8503	X-RAY DIFFRACTION
3V9D	2.5	X-RAY DIFFRACTION
3V9S	2.1	X-RAY DIFFRACTION
3V9U	2.298	X-RAY DIFFRACTION
3V9W	1.702	X-RAY DIFFRACTION
3V9X	1.9	X-RAY DIFFRACTION
3V9Z	1.8	X-RAY DIFFRACTION
3VA0	2.201	X-RAY DIFFRACTION
3VA3	2.714	X-RAY DIFFRACTION
3VAF	2.49	X-RAY DIFFRACTION
3VAG	2.19	X-RAY DIFFRACTION
3VAH	2.5	X-RAY DIFFRACTION
3VAI	2.2	X-RAY DIFFRACTION
3VAJ	1.9	X-RAY DIFFRACTION
3VAK	2.17	X-RAY DIFFRACTION
3VAL	2.5	X-RAY DIFFRACTION
3VAM	2.4	X-RAY DIFFRACTION
3VD0	2.95	X-RAY DIFFRACTION
3VD1	2.95	X-RAY DIFFRACTION
3VD2	4.0	X-RAY DIFFRACTION
3VD6	1.98	X-RAY DIFFRACTION
3VDY	2.8	X-RAY DIFFRACTION
3VEA	2.55	X-RAY DIFFRACTION
3VEB	2.8	X-RAY DIFFRACTION
3VEK	2.63	X-RAY DIFFRACTION
3VH0	2.9	X-RAY DIFFRACTION
3VJR	2.4	X-RAY DIFFRACTION
3VK7	2.1	X-RAY DIFFRACTION
3VK8	2.0	X-RAY DIFFRACTION
3VKE	1.77	X-RAY DIFFRACTION
3VNU	3.2	X-RAY DIFFRACTION
3VNV	2.604	X-RAY DIFFRACTION
3VOK	2.0	X-RAY DIFFRACTION
3VRS	2.603	X-RAY DIFFRACTION
3VW3	2.5	X-RAY DIFFRACTION
3VW4	2.7	X-RAY DIFFRACTION
3VWB	2.416	X-RAY DIFFRACTION
3VXV	2.0	X-RAY DIFFRACTION
3VXX	2.204	X-RAY DIFFRACTION
3VYB	2.4	X-RAY DIFFRACTION
3VYQ	2.525	X-RAY DIFFRACTION
3VYX	2.29	X-RAY DIFFRACTION
3VYY	2.9	X-RAY DIFFRACTION
3W1K	7.5	X-RAY DIFFRACTION
3W2A	2.775	X-RAY DIFFRACTION
3W3C	2.431	X-RAY DIFFRACTION
3W3S	3.095	X-RAY DIFFRACTION
3W6V	2.95	X-RAY DIFFRACTION
3W96	3.0	X-RAY DIFFRACTION
3W97	3.2	X-RAY DIFFRACTION
3W98	3.42	X-RAY DIFFRACTION
3W99	3.0	X-RAY DIFFRACTION
3WA9	3.07	X-RAY DIFFRACTION
3WAA	3.2	X-RAY DIFFRACTION
3WAZ	3.0	X-RAY DIFFRACTION
3WBM	2.0	X-RAY DIFFRACTION
3WBO	0.98	X-RAY DIFFRACTION
3WC1	4.18	X-RAY DIFFRACTION
3WC2	3.641	X-RAY DIFFRACTION
3WFQ	3.619	X-RAY DIFFRACTION
3WFR	3.501	X-RAY DIFFRACTION
3WFS	3.311	X-RAY DIFFRACTION
3WGI	3.25	X-RAY DIFFRACTION
3WKJ	2.8	X-RAY DIFFRACTION
3WPC	1.6	X-RAY DIFFRACTION
3WPD	2.75	X-RAY DIFFRACTION
3WPE	2.38	X-RAY DIFFRACTION
3WPG	2.246	X-RAY DIFFRACTION
3WPH	2.327	X-RAY DIFFRACTION
3WPI	2.246	X-RAY DIFFRACTION
3WQY	3.3	X-RAY DIFFRACTION
3WQZ	3.489	X-RAY DIFFRACTION
3WRU	2.3	X-RAY DIFFRACTION
3WTP	2.67	X-RAY DIFFRACTION
3WTS	2.35	X-RAY DIFFRACTION
3WTT	2.35	X-RAY DIFFRACTION
3WTU	2.7	X-RAY DIFFRACTION
3WTV	2.7	X-RAY DIFFRACTION
3WTW	2.9	X-RAY DIFFRACTION
3WTX	2.8	X-RAY DIFFRACTION
3WTY	2.7	X-RAY DIFFRACTION
3WU1	2.4	X-RAY DIFFRACTION
3WVG	2.25	X-RAY DIFFRACTION
3WVH	2.54	X-RAY DIFFRACTION
3WVI	2.55	X-RAY DIFFRACTION
3WVK	2.0	X-RAY DIFFRACTION
3WVP	2.3	X-RAY DIFFRACTION
3WZI	2.9	X-RAY DIFFRACTION
3X1L	2.096	X-RAY DIFFRACTION
3X1S	2.805	X-RAY DIFFRACTION
3X1T	2.808	X-RAY DIFFRACTION
3X1U	3.25	X-RAY DIFFRACTION
3X1V	2.921	X-RAY DIFFRACTION
3ZC0	2.982	X-RAY DIFFRACTION
3ZD4	2.2	X-RAY DIFFRACTION
3ZD5	2.2	X-RAY DIFFRACTION
3ZD6	2.8	X-RAY DIFFRACTION
3ZD7	2.5	X-RAY DIFFRACTION
3ZDA	1.5	X-RAY DIFFRACTION
3ZDB	1.47	X-RAY DIFFRACTION
3ZDC	1.53	X-RAY DIFFRACTION
3ZDD	1.5	X-RAY DIFFRACTION
3ZGZ	2.4	X-RAY DIFFRACTION
3ZH2	2.1	X-RAY DIFFRACTION
3ZHM	2.6	X-RAY DIFFRACTION
3ZI5	3.2	X-RAY DIFFRACTION
3ZJT	2.2	X-RAY DIFFRACTION
3ZJU	2.4	X-RAY DIFFRACTION
3ZJV	2.31	X-RAY DIFFRACTION
3ZKC	3.0	X-RAY DIFFRACTION
3ZLA	3.2	X-RAY DIFFRACTION
3ZLJ	3.1	X-RAY DIFFRACTION
3ZN8	12.0	ELECTRON MICROSCOPY
3ZP5	2.0	X-RAY DIFFRACTION
3ZP8	1.55	X-RAY DIFFRACTION
3ZPL	2.8	X-RAY DIFFRACTION
3ZQC	2.9	X-RAY DIFFRACTION
3ZQL	2.99	X-RAY DIFFRACTION
3ZVK	2.5	X-RAY DIFFRACTION
3ZVM	1.997	X-RAY DIFFRACTION
3ZVN	2.15	X-RAY DIFFRACTION
400D	1.65	X-RAY DIFFRACTION
401D	2.2	X-RAY DIFFRACTION
402D	2.3	X-RAY DIFFRACTION
403D	1.4	X-RAY DIFFRACTION
404D	2.5	X-RAY DIFFRACTION
405D	2.5	X-RAY DIFFRACTION
406D	1.8	X-RAY DIFFRACTION
407D	2.2	X-RAY DIFFRACTION
408D	2.1	X-RAY DIFFRACTION
409D	2.5	X-RAY DIFFRACTION
410D	1.6	X-RAY DIFFRACTION
411D	1.93	X-RAY DIFFRACTION
412D	1.65	X-RAY DIFFRACTION
413D	1.8	X-RAY DIFFRACTION
414D	1.9	X-RAY DIFFRACTION
417D	1.5	X-RAY DIFFRACTION
418D	2.4	X-RAY DIFFRACTION
419D	2.2	X-RAY DIFFRACTION
420D	1.9	X-RAY DIFFRACTION
421D	1.8	X-RAY DIFFRACTION
422D	2.6	X-RAY DIFFRACTION
423D	1.6	X-RAY DIFFRACTION
424D	2.7	X-RAY DIFFRACTION
425D	2.8	X-RAY DIFFRACTION
426D	3.0	X-RAY DIFFRACTION
427D	1.1	X-RAY DIFFRACTION
428D	1.75	X-RAY DIFFRACTION
429D	2.7	X-RAY DIFFRACTION
430D	2.1	X-RAY DIFFRACTION
431D	1.15	X-RAY DIFFRACTION
432D	1.89	X-RAY DIFFRACTION
433D	2.1	X-RAY DIFFRACTION
434D	1.16	X-RAY DIFFRACTION
435D	1.4	X-RAY DIFFRACTION
436D	1.1	X-RAY DIFFRACTION
437D	1.6	X-RAY DIFFRACTION
438D	2.5	X-RAY DIFFRACTION
439D	1.6	X-RAY DIFFRACTION
440D	1.1	X-RAY DIFFRACTION
441D	1.5	X-RAY DIFFRACTION
442D	1.6	X-RAY DIFFRACTION
443D	1.6	X-RAY DIFFRACTION
444D	2.4	X-RAY DIFFRACTION
445D	2.6	X-RAY DIFFRACTION
446D	3.0	X-RAY DIFFRACTION
447D	2.2	X-RAY DIFFRACTION
448D	2.2	X-RAY DIFFRACTION
449D	2.1	X-RAY DIFFRACTION
452D	1.6	X-RAY DIFFRACTION
453D	1.8	X-RAY DIFFRACTION
454D	1.2	X-RAY DIFFRACTION
455D	1.43	X-RAY DIFFRACTION
456D	1.6	X-RAY DIFFRACTION
457D	2.0	X-RAY DIFFRACTION
458D	2.3	X-RAY DIFFRACTION
459D	2.3	X-RAY DIFFRACTION
460D	1.2	X-RAY DIFFRACTION
461D	1.5	X-RAY DIFFRACTION
462D	2.3	X-RAY DIFFRACTION
463D	1.45	X-RAY DIFFRACTION
464D	1.23	X-RAY DIFFRACTION
465D	1.6	X-RAY DIFFRACTION
466D	1.16	X-RAY DIFFRACTION
467D	2.16	X-RAY DIFFRACTION
468D	1.8	X-RAY DIFFRACTION
469D	1.7	X-RAY DIFFRACTION
470D	1.95	X-RAY DIFFRACTION
471D	2.7	X-RAY DIFFRACTION
472D	1.9	X-RAY DIFFRACTION
473D	1.58	X-RAY DIFFRACTION
474D	2.4	X-RAY DIFFRACTION
476D	1.3	X-RAY DIFFRACTION
477D	1.7	X-RAY DIFFRACTION
478D	2.2	X-RAY DIFFRACTION
479D	1.9	X-RAY DIFFRACTION
480D	1.5	X-RAY DIFFRACTION
481D	1.6	X-RAY DIFFRACTION
482D	1.54	X-RAY DIFFRACTION
483D	1.11	X-RAY DIFFRACTION
484D	\N	SOLUTION NMR
485D	0.97	X-RAY DIFFRACTION
486D	7.5	X-RAY DIFFRACTION
488D	3.1	X-RAY DIFFRACTION
4A04	2.58	X-RAY DIFFRACTION
4A08	3.0	X-RAY DIFFRACTION
4A09	3.1	X-RAY DIFFRACTION
4A0A	3.6	X-RAY DIFFRACTION
4A0B	3.8	X-RAY DIFFRACTION
4A0K	5.93	X-RAY DIFFRACTION
4A0L	7.4	X-RAY DIFFRACTION
4A12	3.15	X-RAY DIFFRACTION
4A15	2.2	X-RAY DIFFRACTION
4A2I	16.5	ELECTRON MICROSCOPY
4A2X	4.0	X-RAY DIFFRACTION
4A36	3.7	X-RAY DIFFRACTION
4A3B	3.5	X-RAY DIFFRACTION
4A3C	3.5	X-RAY DIFFRACTION
4A3D	3.4	X-RAY DIFFRACTION
4A3E	3.4	X-RAY DIFFRACTION
4A3F	3.5	X-RAY DIFFRACTION
4A3G	3.5	X-RAY DIFFRACTION
4A3I	3.8	X-RAY DIFFRACTION
4A3J	3.7	X-RAY DIFFRACTION
4A3K	3.5	X-RAY DIFFRACTION
4A3L	3.5	X-RAY DIFFRACTION
4A3M	3.9	X-RAY DIFFRACTION
4A4R	\N	SOLUTION NMR
4A4S	\N	SOLUTION NMR
4A4T	\N	SOLUTION NMR
4A4U	\N	SOLUTION NMR
4A75	1.75	X-RAY DIFFRACTION
4A76	1.92	X-RAY DIFFRACTION
4A8F	3.3	X-RAY DIFFRACTION
4A8K	3.5	X-RAY DIFFRACTION
4A8M	2.92	X-RAY DIFFRACTION
4A8Q	3.06	X-RAY DIFFRACTION
4A8S	2.9	X-RAY DIFFRACTION
4A8W	3.04	X-RAY DIFFRACTION
4A8Y	3.41	X-RAY DIFFRACTION
4A93	3.4	X-RAY DIFFRACTION
4AA6	2.6	X-RAY DIFFRACTION
4AAB	2.5	X-RAY DIFFRACTION
4AAD	3.1	X-RAY DIFFRACTION
4AAE	2.6	X-RAY DIFFRACTION
4AAF	2.5	X-RAY DIFFRACTION
4AAG	2.8	X-RAY DIFFRACTION
4ABT	2.22	X-RAY DIFFRACTION
4ADV	13.5	ELECTRON MICROSCOPY
4ADX	6.6	ELECTRON MICROSCOPY
4AFY	2.01	X-RAY DIFFRACTION
4AGZ	1.25	X-RAY DIFFRACTION
4AH0	1.2	X-RAY DIFFRACTION
4AH1	1.42	X-RAY DIFFRACTION
4AIJ	2.05	X-RAY DIFFRACTION
4AIK	1.85	X-RAY DIFFRACTION
4AIL	2.9	X-RAY DIFFRACTION
4AL5	2.0	X-RAY DIFFRACTION
4AL6	2.63	X-RAY DIFFRACTION
4AL7	2.32	X-RAY DIFFRACTION
4ALP	1.48	X-RAY DIFFRACTION
4AM3	3.0	X-RAY DIFFRACTION
4ANG	3.5	X-RAY DIFFRACTION
4AOB	2.95	X-RAY DIFFRACTION
4AQ7	2.5	X-RAY DIFFRACTION
4AQU	2.3	X-RAY DIFFRACTION
4AQX	2.2	X-RAY DIFFRACTION
4AQY	3.5	X-RAY DIFFRACTION
4ARC	2.0	X-RAY DIFFRACTION
4ARI	2.08	X-RAY DIFFRACTION
4AS1	2.02	X-RAY DIFFRACTION
4ASO	7.0	X-RAY DIFFRACTION
4ASS	7.0	X-RAY DIFFRACTION
4ATI	2.6	X-RAY DIFFRACTION
4ATK	2.95	X-RAY DIFFRACTION
4ATO	2.2	X-RAY DIFFRACTION
4AUW	2.9	X-RAY DIFFRACTION
4AV1	3.1	X-RAY DIFFRACTION
4AWL	3.08	X-RAY DIFFRACTION
4AY2	2.8	X-RAY DIFFRACTION
4B20	2.75	X-RAY DIFFRACTION
4B21	1.45	X-RAY DIFFRACTION
4B22	1.9	X-RAY DIFFRACTION
4B23	2.0	X-RAY DIFFRACTION
4B24	2.3	X-RAY DIFFRACTION
4B3G	2.85	X-RAY DIFFRACTION
4B3M	2.9	X-RAY DIFFRACTION
4B3O	3.3	X-RAY DIFFRACTION
4B3P	4.839	X-RAY DIFFRACTION
4B3Q	5.0	X-RAY DIFFRACTION
4B3R	3.0	X-RAY DIFFRACTION
4B3S	3.15	X-RAY DIFFRACTION
4B3T	3.0	X-RAY DIFFRACTION
4B5F	2.005	X-RAY DIFFRACTION
4B5G	2.75	X-RAY DIFFRACTION
4B5H	3.05	X-RAY DIFFRACTION
4B5I	2.555	X-RAY DIFFRACTION
4B5J	2.1	X-RAY DIFFRACTION
4B5M	2.758	X-RAY DIFFRACTION
4B5R	2.95	X-RAY DIFFRACTION
4B8D	4.79	X-RAY DIFFRACTION
4B8T	\N	SOLUTION NMR
4B9L	2.05	X-RAY DIFFRACTION
4B9M	2.05	X-RAY DIFFRACTION
4B9N	2.2	X-RAY DIFFRACTION
4B9S	1.73	X-RAY DIFFRACTION
4B9T	2.65	X-RAY DIFFRACTION
4B9U	2.1	X-RAY DIFFRACTION
4B9V	2.0	X-RAY DIFFRACTION
4BA2	2.501	X-RAY DIFFRACTION
4BAC	3.263	X-RAY DIFFRACTION
4BBL	18.0	ELECTRON MICROSCOPY
4BBS	3.6	X-RAY DIFFRACTION
4BDP	1.8	X-RAY DIFFRACTION
4BDY	2.52	X-RAY DIFFRACTION
4BDZ	2.85	X-RAY DIFFRACTION
4BE0	2.68	X-RAY DIFFRACTION
4BE1	2.71	X-RAY DIFFRACTION
4BE2	2.38	X-RAY DIFFRACTION
4BHH	3.4	X-RAY DIFFRACTION
4BHK	2.32	X-RAY DIFFRACTION
4BHM	2.7	X-RAY DIFFRACTION
4BKK	\N	ELECTRON MICROSCOPY
4BNA	2.3	X-RAY DIFFRACTION
4BNC	2.9	X-RAY DIFFRACTION
4BOC	2.65	X-RAY DIFFRACTION
4BPB	2.584	X-RAY DIFFRACTION
4BQA	2.5	X-RAY DIFFRACTION
4BS2	\N	SOLUTION NMR
4BTS	3.703	X-RAY DIFFRACTION
4BUL	2.6	X-RAY DIFFRACTION
4BW0	2.33	X-RAY DIFFRACTION
4BWJ	1.55	X-RAY DIFFRACTION
4BWM	1.749	X-RAY DIFFRACTION
4BXO	2.15	X-RAY DIFFRACTION
4BXX	3.28	X-RAY DIFFRACTION
4BY1	3.6	X-RAY DIFFRACTION
4BY7	3.15	X-RAY DIFFRACTION
4BY9	\N	SOLUTION NMR
4BZT	\N	SOLUTION NMR
4BZU	\N	SOLUTION NMR
4BZV	\N	SOLUTION NMR
4C2T	3.997	X-RAY DIFFRACTION
4C2U	2.55	X-RAY DIFFRACTION
4C30	3.0	X-RAY DIFFRACTION
4C3G	8.6	ELECTRON MICROSCOPY
4C40	2.2	X-RAY DIFFRACTION
4C4Q	8.5	ELECTRON MICROSCOPY
4C4W	2.95	X-RAY DIFFRACTION
4C5X	1.3	X-RAY DIFFRACTION
4C63	1.32	X-RAY DIFFRACTION
4C64	1.32	X-RAY DIFFRACTION
4C7O	2.6	X-RAY DIFFRACTION
4C8K	2.17	X-RAY DIFFRACTION
4C8L	1.7	X-RAY DIFFRACTION
4C8M	1.568	X-RAY DIFFRACTION
4C8N	1.88	X-RAY DIFFRACTION
4C8O	1.75	X-RAY DIFFRACTION
4C8Y	1.8	X-RAY DIFFRACTION
4C8Z	2.503	X-RAY DIFFRACTION
4C9D	3.0	X-RAY DIFFRACTION
4CCH	2.55	X-RAY DIFFRACTION
4CE4	4.9	ELECTRON MICROSCOPY
4CEH	3.24	X-RAY DIFFRACTION
4CEI	2.8	X-RAY DIFFRACTION
4CEJ	3.0	X-RAY DIFFRACTION
4CGZ	3.2	X-RAY DIFFRACTION
4CH1	\N	SOLUTION NMR
4CHU	2.489	X-RAY DIFFRACTION
4CIO	\N	SOLUTION NMR
4CIS	2.05	X-RAY DIFFRACTION
4CJA	2.651	X-RAY DIFFRACTION
4CN2	2.069	X-RAY DIFFRACTION
4CN3	2.35	X-RAY DIFFRACTION
4CN5	2.0	X-RAY DIFFRACTION
4CN7	2.34	X-RAY DIFFRACTION
4CQN	2.5	X-RAY DIFFRACTION
4CRO	3.9	X-RAY DIFFRACTION
4CRX	2.2	X-RAY DIFFRACTION
4CS1	2.0	X-RAY DIFFRACTION
4CSA	2.28	X-RAY DIFFRACTION
4CSF	2.598	X-RAY DIFFRACTION
4CSU	5.5	ELECTRON MICROSCOPY
4CXG	8.7	ELECTRON MICROSCOPY
4CXH	8.9	ELECTRON MICROSCOPY
4CYC	2.36	X-RAY DIFFRACTION
4D1Q	3.4	X-RAY DIFFRACTION
4D25	1.9	X-RAY DIFFRACTION
4D26	2.1	X-RAY DIFFRACTION
4D5L	9.0	ELECTRON MICROSCOPY
4D5N	9.0	ELECTRON MICROSCOPY
4D5Y	9.0	ELECTRON MICROSCOPY
4D61	9.0	ELECTRON MICROSCOPY
4D67	9.0	ELECTRON MICROSCOPY
4D6N	2.35	X-RAY DIFFRACTION
4D6O	2.2	X-RAY DIFFRACTION
4D8J	3.55	X-RAY DIFFRACTION
4D9X	2.44	X-RAY DIFFRACTION
4D9Y	2.1	X-RAY DIFFRACTION
4DA3	2.4	X-RAY DIFFRACTION
4DA4	2.6	X-RAY DIFFRACTION
4DAQ	2.754	X-RAY DIFFRACTION
4DAV	2.2	X-RAY DIFFRACTION
4DB2	3.157	X-RAY DIFFRACTION
4DB4	3.599	X-RAY DIFFRACTION
4DF4	2.2	X-RAY DIFFRACTION
4DF8	2.0	X-RAY DIFFRACTION
4DFJ	1.9	X-RAY DIFFRACTION
4DFK	1.647	X-RAY DIFFRACTION
4DFM	1.886	X-RAY DIFFRACTION
4DFP	2.0	X-RAY DIFFRACTION
4DIH	1.8	X-RAY DIFFRACTION
4DII	2.05	X-RAY DIFFRACTION
4DK9	2.76	X-RAY DIFFRACTION
4DKJ	2.15	X-RAY DIFFRACTION
4DKZ	1.8	X-RAY DIFFRACTION
4DL2	2.15	X-RAY DIFFRACTION
4DL3	2.1	X-RAY DIFFRACTION
4DL4	2.0	X-RAY DIFFRACTION
4DL5	2.92	X-RAY DIFFRACTION
4DL6	2.5	X-RAY DIFFRACTION
4DL7	1.97	X-RAY DIFFRACTION
4DLE	2.44	X-RAY DIFFRACTION
4DLG	1.89	X-RAY DIFFRACTION
4DM0	2.5	X-RAY DIFFRACTION
4DNB	2.0	X-RAY DIFFRACTION
4DO9	2.05	X-RAY DIFFRACTION
4DOA	2.051	X-RAY DIFFRACTION
4DOB	2.05	X-RAY DIFFRACTION
4DOC	1.949	X-RAY DIFFRACTION
4DPV	2.9	X-RAY DIFFRACTION
4DQI	1.69	X-RAY DIFFRACTION
4DQP	1.74	X-RAY DIFFRACTION
4DQQ	1.595	X-RAY DIFFRACTION
4DQR	1.95	X-RAY DIFFRACTION
4DQS	1.66	X-RAY DIFFRACTION
4DQY	3.25	X-RAY DIFFRACTION
4DR1	3.6	X-RAY DIFFRACTION
4DR2	3.249	X-RAY DIFFRACTION
4DR3	3.348	X-RAY DIFFRACTION
4DR4	3.969	X-RAY DIFFRACTION
4DR5	3.45	X-RAY DIFFRACTION
4DR6	3.3	X-RAY DIFFRACTION
4DR7	3.75	X-RAY DIFFRACTION
4DS4	1.681	X-RAY DIFFRACTION
4DS5	1.68	X-RAY DIFFRACTION
4DS6	3.644	X-RAY DIFFRACTION
4DSE	1.67	X-RAY DIFFRACTION
4DSF	1.661	X-RAY DIFFRACTION
4DSI	2.05	X-RAY DIFFRACTION
4DSJ	2.86	X-RAY DIFFRACTION
4DSK	2.18	X-RAY DIFFRACTION
4DSL	2.45	X-RAY DIFFRACTION
4DTJ	1.9	X-RAY DIFFRACTION
4DTM	1.95	X-RAY DIFFRACTION
4DTN	1.96	X-RAY DIFFRACTION
4DTO	2.05	X-RAY DIFFRACTION
4DTP	2.05	X-RAY DIFFRACTION
4DTR	2.04	X-RAY DIFFRACTION
4DTS	1.96	X-RAY DIFFRACTION
4DTU	1.86	X-RAY DIFFRACTION
4DTX	1.84	X-RAY DIFFRACTION
4DU1	2.15	X-RAY DIFFRACTION
4DU3	2.02	X-RAY DIFFRACTION
4DU4	2.28	X-RAY DIFFRACTION
4DUY	3.386	X-RAY DIFFRACTION
4DUZ	3.651	X-RAY DIFFRACTION
4DV0	3.853	X-RAY DIFFRACTION
4DV1	3.849	X-RAY DIFFRACTION
4DV2	3.646	X-RAY DIFFRACTION
4DV3	3.547	X-RAY DIFFRACTION
4DV4	3.651	X-RAY DIFFRACTION
4DV5	3.683	X-RAY DIFFRACTION
4DV6	3.297	X-RAY DIFFRACTION
4DV7	3.294	X-RAY DIFFRACTION
4DW7	3.08	X-RAY DIFFRACTION
4DWA	3.01	X-RAY DIFFRACTION
4DWI	1.85	X-RAY DIFFRACTION
4DWP	2.35	X-RAY DIFFRACTION
4DWY	1.61	X-RAY DIFFRACTION
4DY8	1.76	X-RAY DIFFRACTION
4DZS	3.14	X-RAY DIFFRACTION
4E0D	1.58	X-RAY DIFFRACTION
4E0G	2.2	X-RAY DIFFRACTION
4E0J	2.3	X-RAY DIFFRACTION
4E0P	2.2	X-RAY DIFFRACTION
4E0Y	2.4	X-RAY DIFFRACTION
4E0Z	2.42	X-RAY DIFFRACTION
4E10	2.506	X-RAY DIFFRACTION
4E1U	0.92	X-RAY DIFFRACTION
4E2R	1.67	X-RAY DIFFRACTION
4E3S	2.04	X-RAY DIFFRACTION
4E48	2.5	X-RAY DIFFRACTION
4E4O	1.72	X-RAY DIFFRACTION
4E54	2.85	X-RAY DIFFRACTION
4E58	1.952	X-RAY DIFFRACTION
4E59	1.54	X-RAY DIFFRACTION
4E5C	1.7	X-RAY DIFFRACTION
4E5Z	3.22	X-RAY DIFFRACTION
4E60	1.86	X-RAY DIFFRACTION
4E68	2.585	X-RAY DIFFRACTION
4E6B	1.47	X-RAY DIFFRACTION
4E78	2.9	X-RAY DIFFRACTION
4E7A	3.0	X-RAY DIFFRACTION
4E7H	2.5701	X-RAY DIFFRACTION
4E7I	2.5301	X-RAY DIFFRACTION
4E7J	3.1501	X-RAY DIFFRACTION
4E7K	3.02	X-RAY DIFFRACTION
4E7L	3.0001	X-RAY DIFFRACTION
4E7Y	1.7	X-RAY DIFFRACTION
4E8K	3.03	X-RAY DIFFRACTION
4E8M	3.5	X-RAY DIFFRACTION
4E8N	2.96	X-RAY DIFFRACTION
4E8P	3.28	X-RAY DIFFRACTION
4E8Q	2.84	X-RAY DIFFRACTION
4E8R	3.36	X-RAY DIFFRACTION
4E8S	1.24	X-RAY DIFFRACTION
4E8T	3.34	X-RAY DIFFRACTION
4E8V	3.995	X-RAY DIFFRACTION
4E8X	2.18	X-RAY DIFFRACTION
4E95	1.94	X-RAY DIFFRACTION
4E9F	1.79	X-RAY DIFFRACTION
4E9G	2.35	X-RAY DIFFRACTION
4E9H	3.0	X-RAY DIFFRACTION
4EA4	2.0	X-RAY DIFFRACTION
4EA5	2.14	X-RAY DIFFRACTION
4EBC	2.901	X-RAY DIFFRACTION
4EBD	2.571	X-RAY DIFFRACTION
4EBE	2.1	X-RAY DIFFRACTION
4ECQ	1.5	X-RAY DIFFRACTION
4ECR	1.892	X-RAY DIFFRACTION
4ECS	1.951	X-RAY DIFFRACTION
4ECT	1.795	X-RAY DIFFRACTION
4ECU	1.949	X-RAY DIFFRACTION
4ECV	1.521	X-RAY DIFFRACTION
4ECW	1.896	X-RAY DIFFRACTION
4ECX	1.744	X-RAY DIFFRACTION
4ECY	1.943	X-RAY DIFFRACTION
4ECZ	1.834	X-RAY DIFFRACTION
4ED0	1.653	X-RAY DIFFRACTION
4ED1	1.806	X-RAY DIFFRACTION
4ED2	1.711	X-RAY DIFFRACTION
4ED3	1.791	X-RAY DIFFRACTION
4ED5	2.0	X-RAY DIFFRACTION
4ED6	2.211	X-RAY DIFFRACTION
4ED7	1.717	X-RAY DIFFRACTION
4ED8	1.521	X-RAY DIFFRACTION
4EEY	2.32	X-RAY DIFFRACTION
4EFJ	2.8	X-RAY DIFFRACTION
4EGY	2.301	X-RAY DIFFRACTION
4EGZ	2.3	X-RAY DIFFRACTION
4EJT	3.0	X-RAY DIFFRACTION
4EJY	2.0	X-RAY DIFFRACTION
4EJZ	3.05	X-RAY DIFFRACTION
4ELT	2.2	X-RAY DIFFRACTION
4ELU	1.8	X-RAY DIFFRACTION
4ELV	1.9	X-RAY DIFFRACTION
4EN5	2.957	X-RAY DIFFRACTION
4ENA	2.85	X-RAY DIFFRACTION
4ENB	2.302	X-RAY DIFFRACTION
4ENC	2.272	X-RAY DIFFRACTION
4ENJ	3.0989	X-RAY DIFFRACTION
4ENK	3.0445	X-RAY DIFFRACTION
4ENM	2.8402	X-RAY DIFFRACTION
4ENN	2.8448	X-RAY DIFFRACTION
4EOT	2.855	X-RAY DIFFRACTION
4ER8	2.6	X-RAY DIFFRACTION
4ERD	2.589	X-RAY DIFFRACTION
4ERJ	3.0	X-RAY DIFFRACTION
4ERL	3.0	X-RAY DIFFRACTION
4ESJ	2.05	X-RAY DIFFRACTION
4ESV	3.2	X-RAY DIFFRACTION
4EUW	2.77	X-RAY DIFFRACTION
4EVV	2.39	X-RAY DIFFRACTION
4EW0	2.39	X-RAY DIFFRACTION
4EW4	2.791	X-RAY DIFFRACTION
4EYA	3.2	X-RAY DIFFRACTION
4EYH	2.9	X-RAY DIFFRACTION
4EYI	2.9	X-RAY DIFFRACTION
4EZ2	1.6	X-RAY DIFFRACTION
4EZ6	1.64	X-RAY DIFFRACTION
4EZ9	1.64	X-RAY DIFFRACTION
4F02	2.0	X-RAY DIFFRACTION
4F1H	1.662	X-RAY DIFFRACTION
4F1N	3.187	X-RAY DIFFRACTION
4F2J	2.64	X-RAY DIFFRACTION
4F2R	1.63	X-RAY DIFFRACTION
4F2S	1.651	X-RAY DIFFRACTION
4F2X	1.57	X-RAY DIFFRACTION
4F2Y	1.59	X-RAY DIFFRACTION
4F3O	1.57	X-RAY DIFFRACTION
4F3T	2.25	X-RAY DIFFRACTION
4F3U	1.401	X-RAY DIFFRACTION
4F41	2.5	X-RAY DIFFRACTION
4F43	2.354	X-RAY DIFFRACTION
4F4K	1.6	X-RAY DIFFRACTION
4F4N	1.3	X-RAY DIFFRACTION
4F4W	1.898	X-RAY DIFFRACTION
4F4X	2.049	X-RAY DIFFRACTION
4F4Y	2.338	X-RAY DIFFRACTION
4F4Z	2.305	X-RAY DIFFRACTION
4F50	2.215	X-RAY DIFFRACTION
4F5N	1.8	X-RAY DIFFRACTION
4F5O	2.0	X-RAY DIFFRACTION
4F5P	1.85	X-RAY DIFFRACTION
4F5Q	2.25	X-RAY DIFFRACTION
4F5R	2.2	X-RAY DIFFRACTION
4F6M	2.4	X-RAY DIFFRACTION
4F6N	2.8	X-RAY DIFFRACTION
4F8G	1.93	X-RAY DIFFRACTION
4F8I	2.0	X-RAY DIFFRACTION
4F8R	1.64	X-RAY DIFFRACTION
4F8U	2.0	X-RAY DIFFRACTION
4F8V	2.8	X-RAY DIFFRACTION
4FAQ	3.11	X-RAY DIFFRACTION
4FAR	2.86	X-RAY DIFFRACTION
4FAU	2.87	X-RAY DIFFRACTION
4FAW	2.7	X-RAY DIFFRACTION
4FAX	3.1	X-RAY DIFFRACTION
4FB0	3.22	X-RAY DIFFRACTION
4FB3	3.79	X-RAY DIFFRACTION
4FBT	2.0	X-RAY DIFFRACTION
4FBU	2.6	X-RAY DIFFRACTION
4FCY	3.706	X-RAY DIFFRACTION
4FE5	1.32	X-RAY DIFFRACTION
4FEJ	1.5	X-RAY DIFFRACTION
4FEL	1.6	X-RAY DIFFRACTION
4FEN	1.35	X-RAY DIFFRACTION
4FEO	1.6	X-RAY DIFFRACTION
4FEP	1.65	X-RAY DIFFRACTION
4FF1	2.47	X-RAY DIFFRACTION
4FF2	2.0	X-RAY DIFFRACTION
4FF3	1.997	X-RAY DIFFRACTION
4FF4	2.026	X-RAY DIFFRACTION
4FGN	3.2	X-RAY DIFFRACTION
4FJ5	2.05	X-RAY DIFFRACTION
4FJ7	1.9	X-RAY DIFFRACTION
4FJ8	2.19	X-RAY DIFFRACTION
4FJ9	1.97	X-RAY DIFFRACTION
4FJG	2.02	X-RAY DIFFRACTION
4FJH	2.11	X-RAY DIFFRACTION
4FJI	2.2	X-RAY DIFFRACTION
4FJJ	1.99	X-RAY DIFFRACTION
4FJK	2.0	X-RAY DIFFRACTION
4FJL	1.87	X-RAY DIFFRACTION
4FJM	2.02	X-RAY DIFFRACTION
4FJN	1.98	X-RAY DIFFRACTION
4FJX	2.11	X-RAY DIFFRACTION
4FK0	2.18	X-RAY DIFFRACTION
4FK2	1.98	X-RAY DIFFRACTION
4FK4	1.9	X-RAY DIFFRACTION
4FLT	2.9	X-RAY DIFFRACTION
4FLU	3.1	X-RAY DIFFRACTION
4FLV	2.7	X-RAY DIFFRACTION
4FLW	2.15	X-RAY DIFFRACTION
4FLX	2.9	X-RAY DIFFRACTION
4FLY	2.3	X-RAY DIFFRACTION
4FLZ	3.2	X-RAY DIFFRACTION
4FM0	3.12	X-RAY DIFFRACTION
4FM1	3.0	X-RAY DIFFRACTION
4FM2	2.9	X-RAY DIFFRACTION
4FM9	2.901	X-RAY DIFFRACTION
4FNC	2.493	X-RAY DIFFRACTION
4FNJ	1.95	X-RAY DIFFRACTION
4FO6	2.007	X-RAY DIFFRACTION
4FP6	1.28	X-RAY DIFFRACTION
4FPV	1.73	X-RAY DIFFRACTION
4FRG	2.95	X-RAY DIFFRACTION
4FRN	3.43	X-RAY DIFFRACTION
4FS1	2.5	X-RAY DIFFRACTION
4FS2	2.05	X-RAY DIFFRACTION
4FS5	1.3	X-RAY DIFFRACTION
4FS6	1.3	X-RAY DIFFRACTION
4FSJ	3.5	X-RAY DIFFRACTION
4FTB	2.7	X-RAY DIFFRACTION
4FTE	3.5	X-RAY DIFFRACTION
4FTH	3.004	X-RAY DIFFRACTION
4FTS	3.2	X-RAY DIFFRACTION
4FVU	2.91	X-RAY DIFFRACTION
4FWT	3.2	X-RAY DIFFRACTION
4FX4	3.1001	X-RAY DIFFRACTION
4FXD	3.0	X-RAY DIFFRACTION
4FXM	1.651	X-RAY DIFFRACTION
4FYD	3.1	X-RAY DIFFRACTION
4FZX	2.3	X-RAY DIFFRACTION
4FZY	2.5	X-RAY DIFFRACTION
4FZZ	2.8	X-RAY DIFFRACTION
4G0A	2.0995	X-RAY DIFFRACTION
4G0F	2.15	X-RAY DIFFRACTION
4G0R	2.7	X-RAY DIFFRACTION
4G0U	2.7	X-RAY DIFFRACTION
4G0V	2.548	X-RAY DIFFRACTION
4G0W	2.696	X-RAY DIFFRACTION
4G3I	2.5	X-RAY DIFFRACTION
4G4N	1.85	X-RAY DIFFRACTION
4G4O	1.95	X-RAY DIFFRACTION
4G4Q	1.86	X-RAY DIFFRACTION
4G4R	1.95	X-RAY DIFFRACTION
4G6P	2.641	X-RAY DIFFRACTION
4G6R	2.832	X-RAY DIFFRACTION
4G6S	2.84	X-RAY DIFFRACTION
4G7H	2.9	X-RAY DIFFRACTION
4G7O	2.993	X-RAY DIFFRACTION
4G7Z	3.815	X-RAY DIFFRACTION
4G82	3.1	X-RAY DIFFRACTION
4G83	4.0	X-RAY DIFFRACTION
4G92	1.8	X-RAY DIFFRACTION
4G9Z	2.03	X-RAY DIFFRACTION
4GAT	\N	SOLUTION NMR
4GC6	2.895	X-RAY DIFFRACTION
4GC7	2.89	X-RAY DIFFRACTION
4GCK	2.05	X-RAY DIFFRACTION
4GCL	2.65	X-RAY DIFFRACTION
4GCT	2.45	X-RAY DIFFRACTION
4GCW	3.0	X-RAY DIFFRACTION
4GDF	2.8	X-RAY DIFFRACTION
4GFB	2.99	X-RAY DIFFRACTION
4GFH	4.408	X-RAY DIFFRACTION
4GG4	2.501	X-RAY DIFFRACTION
4GHA	2.5	X-RAY DIFFRACTION
4GHL	2.02	X-RAY DIFFRACTION
4GJP	1.94	X-RAY DIFFRACTION
4GJR	1.85	X-RAY DIFFRACTION
4GJU	1.412	X-RAY DIFFRACTION
4GKJ	3.298	X-RAY DIFFRACTION
4GKK	3.2	X-RAY DIFFRACTION
4GL2	3.557	X-RAY DIFFRACTION
4GLC	1.831	X-RAY DIFFRACTION
4GLE	2.7	X-RAY DIFFRACTION
4GLG	1.72	X-RAY DIFFRACTION
4GLH	1.662	X-RAY DIFFRACTION
4GLX	1.9	X-RAY DIFFRACTION
4GMA	3.94	X-RAY DIFFRACTION
4GNX	2.8	X-RAY DIFFRACTION
4GOP	3.1	X-RAY DIFFRACTION
4GPW	3.0	X-RAY DIFFRACTION
4GPX	2.6	X-RAY DIFFRACTION
4GPY	2.8	X-RAY DIFFRACTION
4GQD	1.94	X-RAY DIFFRACTION
4GQJ	2.951	X-RAY DIFFRACTION
4GRE	1.7	X-RAY DIFFRACTION
4GS2	1.9	X-RAY DIFFRACTION
4GSG	2.0	X-RAY DIFFRACTION
4GSI	2.38	X-RAY DIFFRACTION
4GUO	3.19	X-RAY DIFFRACTION
4GUQ	3.7	X-RAY DIFFRACTION
4GV3	1.68	X-RAY DIFFRACTION
4GV6	1.98	X-RAY DIFFRACTION
4GV9	2.46	X-RAY DIFFRACTION
4GXI	1.949	X-RAY DIFFRACTION
4GXJ	2.2	X-RAY DIFFRACTION
4GXK	1.998	X-RAY DIFFRACTION
4GXY	3.05	X-RAY DIFFRACTION
4GZ0	2.113	X-RAY DIFFRACTION
4GZ1	1.5	X-RAY DIFFRACTION
4GZ2	1.85	X-RAY DIFFRACTION
4GZN	0.99	X-RAY DIFFRACTION
4GZY	3.5054	X-RAY DIFFRACTION
4GZZ	4.2927	X-RAY DIFFRACTION
4H0E	1.973	X-RAY DIFFRACTION
4H10	2.402	X-RAY DIFFRACTION
4H29	1.991	X-RAY DIFFRACTION
4H5A	1.42	X-RAY DIFFRACTION
4H5O	3.9	X-RAY DIFFRACTION
4H5P	2.15	X-RAY DIFFRACTION
4H5Q	2.7	X-RAY DIFFRACTION
4H8K	2.3	X-RAY DIFFRACTION
4HC7	2.65	X-RAY DIFFRACTION
4HC9	1.6	X-RAY DIFFRACTION
4HCA	2.8	X-RAY DIFFRACTION
4HCB	2.0	X-RAY DIFFRACTION
4HCC	2.96	X-RAY DIFFRACTION
4HDU	2.848	X-RAY DIFFRACTION
4HDV	2.702	X-RAY DIFFRACTION
4HF1	2.222	X-RAY DIFFRACTION
4HF2	2.99	X-RAY DIFFRACTION
4HHT	3.1	X-RAY DIFFRACTION
4HID	1.822	X-RAY DIFFRACTION
4HIF	0.85	X-RAY DIFFRACTION
4HIG	0.75	X-RAY DIFFRACTION
4HIK	1.636	X-RAY DIFFRACTION
4HIM	1.75	X-RAY DIFFRACTION
4HIO	1.753	X-RAY DIFFRACTION
4HIV	2.6	X-RAY DIFFRACTION
4HJ5	2.04	X-RAY DIFFRACTION
4HJ7	1.783	X-RAY DIFFRACTION
4HJ8	2.043	X-RAY DIFFRACTION
4HJ9	1.85	X-RAY DIFFRACTION
4HJA	2.1	X-RAY DIFFRACTION
4HJE	1.907	X-RAY DIFFRACTION
4HKQ	3.04	X-RAY DIFFRACTION
4HLI	1.99	X-RAY DIFFRACTION
4HLY	1.48	X-RAY DIFFRACTION
4HN5	1.902	X-RAY DIFFRACTION
4HN6	2.549	X-RAY DIFFRACTION
4HOR	1.861	X-RAY DIFFRACTION
4HOS	2.0	X-RAY DIFFRACTION
4HOT	2.501	X-RAY DIFFRACTION
4HP1	2.25	X-RAY DIFFRACTION
4HP3	2.05	X-RAY DIFFRACTION
4HQB	2.301	X-RAY DIFFRACTION
4HQE	2.299	X-RAY DIFFRACTION
4HQH	1.8	X-RAY DIFFRACTION
4HQI	1.7	X-RAY DIFFRACTION
4HQU	2.2	X-RAY DIFFRACTION
4HQX	2.3	X-RAY DIFFRACTION
4HRI	2.954	X-RAY DIFFRACTION
4HSB	1.9	X-RAY DIFFRACTION
4HT4	2.907	X-RAY DIFFRACTION
4HT8	1.9	X-RAY DIFFRACTION
4HT9	1.8	X-RAY DIFFRACTION
4HTU	1.489	X-RAY DIFFRACTION
4HUE	1.561	X-RAY DIFFRACTION
4HUF	1.69	X-RAY DIFFRACTION
4HUG	1.64	X-RAY DIFFRACTION
4HW1	3.1	X-RAY DIFFRACTION
4HYK	2.802	X-RAY DIFFRACTION
4I1G	1.25	X-RAY DIFFRACTION
4I27	2.6	X-RAY DIFFRACTION
4I28	2.15	X-RAY DIFFRACTION
4I29	2.2	X-RAY DIFFRACTION
4I2A	1.9	X-RAY DIFFRACTION
4I2B	2.2	X-RAY DIFFRACTION
4I2C	2.1	X-RAY DIFFRACTION
4I2E	2.0	X-RAY DIFFRACTION
4I2F	2.1	X-RAY DIFFRACTION
4I2G	2.5	X-RAY DIFFRACTION
4I2H	2.75	X-RAY DIFFRACTION
4I2O	1.77	X-RAY DIFFRACTION
4I3H	3.7	X-RAY DIFFRACTION
4I67	2.33	X-RAY DIFFRACTION
4I6Z	3.2	X-RAY DIFFRACTION
4I7Y	2.4	X-RAY DIFFRACTION
4I8T	3.0	X-RAY DIFFRACTION
4I9Q	2.3	X-RAY DIFFRACTION
4I9V	1.02	X-RAY DIFFRACTION
4IBU	1.7	X-RAY DIFFRACTION
4IBV	2.1	X-RAY DIFFRACTION
4IBW	1.791	X-RAY DIFFRACTION
4IEM	2.3936	X-RAY DIFFRACTION
4IFD	2.805	X-RAY DIFFRACTION
4IG8	2.7	X-RAY DIFFRACTION
4IHS	3.1	X-RAY DIFFRACTION
4IHT	3.0	X-RAY DIFFRACTION
4IHV	2.716	X-RAY DIFFRACTION
4IHW	2.7	X-RAY DIFFRACTION
4IHX	2.8	X-RAY DIFFRACTION
4IHY	2.9	X-RAY DIFFRACTION
4II9	1.66	X-RAY DIFFRACTION
4III	1.02	X-RAY DIFFRACTION
4IJ0	1.54	X-RAY DIFFRACTION
4IJS	3.2	X-RAY DIFFRACTION
4IKF	3.4	X-RAY DIFFRACTION
4ILL	2.484	X-RAY DIFFRACTION
4ILM	3.068	X-RAY DIFFRACTION
4IO9	3.2	X-RAY DIFFRACTION
4IOA	3.2	X-RAY DIFFRACTION
4IOC	3.6	X-RAY DIFFRACTION
4IQJ	3.2	X-RAY DIFFRACTION
4IQR	2.9	X-RAY DIFFRACTION
4IQS	2.6	X-RAY DIFFRACTION
4IQV	2.9	X-RAY DIFFRACTION
4IQW	2.6	X-RAY DIFFRACTION
4IQX	2.5	X-RAY DIFFRACTION
4IR1	2.38	X-RAY DIFFRACTION
4IR9	2.33	X-RAY DIFFRACTION
4IRC	2.67	X-RAY DIFFRACTION
4IRD	2.48	X-RAY DIFFRACTION
4IRI	2.77	X-RAY DIFFRACTION
4IRK	2.32	X-RAY DIFFRACTION
4IS1	2.1	X-RAY DIFFRACTION
4ITD	1.94	X-RAY DIFFRACTION
4ITQ	2.7	X-RAY DIFFRACTION
4IUF	2.752	X-RAY DIFFRACTION
4IVZ	3.1	X-RAY DIFFRACTION
4IWR	2.4	X-RAY DIFFRACTION
4IX7	1.581	X-RAY DIFFRACTION
4IZQ	2.04	X-RAY DIFFRACTION
4IZZ	2.502	X-RAY DIFFRACTION
4J00	3.004	X-RAY DIFFRACTION
4J01	3.246	X-RAY DIFFRACTION
4J19	2.9	X-RAY DIFFRACTION
4J1G	2.789	X-RAY DIFFRACTION
4J1J	2.65	X-RAY DIFFRACTION
4J2A	1.8	X-RAY DIFFRACTION
4J2B	2.04	X-RAY DIFFRACTION
4J2D	1.76	X-RAY DIFFRACTION
4J2E	2.02	X-RAY DIFFRACTION
4J2I	2.98	X-RAY DIFFRACTION
4J2X	2.85	X-RAY DIFFRACTION
4J39	1.7	X-RAY DIFFRACTION
4J3N	2.3	X-RAY DIFFRACTION
4J50	1.65	X-RAY DIFFRACTION
4J5V	2.15	X-RAY DIFFRACTION
4J7L	1.8	X-RAY DIFFRACTION
4J7M	1.7	X-RAY DIFFRACTION
4J8U	2.38	X-RAY DIFFRACTION
4J8V	2.58	X-RAY DIFFRACTION
4J8W	2.41	X-RAY DIFFRACTION
4J8X	2.87	X-RAY DIFFRACTION
4J9K	2.03	X-RAY DIFFRACTION
4J9L	1.85	X-RAY DIFFRACTION
4J9M	2.25	X-RAY DIFFRACTION
4J9N	1.956	X-RAY DIFFRACTION
4J9O	2.597	X-RAY DIFFRACTION
4J9P	2.3	X-RAY DIFFRACTION
4J9Q	1.96	X-RAY DIFFRACTION
4J9R	2.35	X-RAY DIFFRACTION
4J9S	1.95	X-RAY DIFFRACTION
4JAB	2.23	X-RAY DIFFRACTION
4JAH	1.5	X-RAY DIFFRACTION
4JBK	2.963	X-RAY DIFFRACTION
4JBM	2.218	X-RAY DIFFRACTION
4JCX	2.3	X-RAY DIFFRACTION
4JCY	1.8	X-RAY DIFFRACTION
4JD8	1.16	X-RAY DIFFRACTION
4JF2	2.28	X-RAY DIFFRACTION
4JGC	2.582	X-RAY DIFFRACTION
4JGN	1.86	X-RAY DIFFRACTION
4JI0	3.492	X-RAY DIFFRACTION
4JI1	3.144	X-RAY DIFFRACTION
4JI2	3.64	X-RAY DIFFRACTION
4JI3	3.35	X-RAY DIFFRACTION
4JI4	3.692	X-RAY DIFFRACTION
4JI5	3.85	X-RAY DIFFRACTION
4JI6	3.55	X-RAY DIFFRACTION
4JI7	3.5	X-RAY DIFFRACTION
4JI8	3.742	X-RAY DIFFRACTION
4JIY	1.91	X-RAY DIFFRACTION
4JJN	3.09	X-RAY DIFFRACTION
4JK0	2.3	X-RAY DIFFRACTION
4JL3	2.5	X-RAY DIFFRACTION
4JNG	2.12	X-RAY DIFFRACTION
4JNX	1.95	X-RAY DIFFRACTION
4JQD	2.75	X-RAY DIFFRACTION
4JRC	2.673	X-RAY DIFFRACTION
4JRD	1.0	X-RAY DIFFRACTION
4JRP	1.95	X-RAY DIFFRACTION
4JRQ	3.0	X-RAY DIFFRACTION
4JRT	2.6	X-RAY DIFFRACTION
4JS4	3.1	X-RAY DIFFRACTION
4JS5	3.5	X-RAY DIFFRACTION
4JUO	6.53	X-RAY DIFFRACTION
4JUZ	2.65	X-RAY DIFFRACTION
4JV0	2.95	X-RAY DIFFRACTION
4JV1	2.3	X-RAY DIFFRACTION
4JV2	2.74	X-RAY DIFFRACTION
4JV5	3.162	X-RAY DIFFRACTION
4JVH	3.501	X-RAY DIFFRACTION
4JVY	2.853	X-RAY DIFFRACTION
4JWM	2.0	X-RAY DIFFRACTION
4JWN	2.39	X-RAY DIFFRACTION
4JXX	2.3	X-RAY DIFFRACTION
4JXZ	2.4	X-RAY DIFFRACTION
4JYA	3.098	X-RAY DIFFRACTION
4JYZ	2.5	X-RAY DIFFRACTION
4JZU	1.7	X-RAY DIFFRACTION
4JZV	2.2	X-RAY DIFFRACTION
4K0K	3.4	X-RAY DIFFRACTION
4K1G	1.9	X-RAY DIFFRACTION
4K27	2.35	X-RAY DIFFRACTION
4K31	1.415	X-RAY DIFFRACTION
4K32	2.5	X-RAY DIFFRACTION
4K4G	2.15	X-RAY DIFFRACTION
4K4H	2.1	X-RAY DIFFRACTION
4K4I	2.25	X-RAY DIFFRACTION
4K4S	2.4	X-RAY DIFFRACTION
4K4T	2.75	X-RAY DIFFRACTION
4K4U	2.85	X-RAY DIFFRACTION
4K4V	2.63	X-RAY DIFFRACTION
4K4W	2.69	X-RAY DIFFRACTION
4K4X	2.37	X-RAY DIFFRACTION
4K4Y	2.72	X-RAY DIFFRACTION
4K4Z	2.17	X-RAY DIFFRACTION
4K50	2.93	X-RAY DIFFRACTION
4K8X	2.28	X-RAY DIFFRACTION
4K8Z	2.29	X-RAY DIFFRACTION
4K96	2.084	X-RAY DIFFRACTION
4K97	2.41	X-RAY DIFFRACTION
4K98	1.94	X-RAY DIFFRACTION
4K99	1.95	X-RAY DIFFRACTION
4K9A	2.264	X-RAY DIFFRACTION
4K9B	2.26	X-RAY DIFFRACTION
4KA4	2.6	X-RAY DIFFRACTION
4KAZ	1.9	X-RAY DIFFRACTION
4KB0	2.004	X-RAY DIFFRACTION
4KB1	1.8	X-RAY DIFFRACTION
4KB6	3.0754	X-RAY DIFFRACTION
4KBD	\N	SOLUTION NMR
4KDP	3.6	X-RAY DIFFRACTION
4KFC	2.53	X-RAY DIFFRACTION
4KGC	2.69	X-RAY DIFFRACTION
4KHN	2.55	X-RAY DIFFRACTION
4KHP	3.1	X-RAY DIFFRACTION
4KHQ	2.186	X-RAY DIFFRACTION
4KHS	2.12	X-RAY DIFFRACTION
4KHU	2.05	X-RAY DIFFRACTION
4KHW	2.371	X-RAY DIFFRACTION
4KHY	2.25	X-RAY DIFFRACTION
4KI2	3.3	X-RAY DIFFRACTION
4KI4	2.45	X-RAY DIFFRACTION
4KI6	2.55	X-RAY DIFFRACTION
4KIS	3.2	X-RAY DIFFRACTION
4KJI	3.2	X-RAY DIFFRACTION
4KLD	1.916	X-RAY DIFFRACTION
4KLE	1.97	X-RAY DIFFRACTION
4KLF	1.85	X-RAY DIFFRACTION
4KLG	1.701	X-RAY DIFFRACTION
4KLH	1.876	X-RAY DIFFRACTION
4KLI	1.597	X-RAY DIFFRACTION
4KLJ	1.799	X-RAY DIFFRACTION
4KLL	1.841	X-RAY DIFFRACTION
4KLM	1.747	X-RAY DIFFRACTION
4KLO	1.845	X-RAY DIFFRACTION
4KLQ	1.999	X-RAY DIFFRACTION
4KLS	1.978	X-RAY DIFFRACTION
4KLT	1.979	X-RAY DIFFRACTION
4KLU	1.97	X-RAY DIFFRACTION
4KMF	1.7	X-RAY DIFFRACTION
4KNQ	1.82	X-RAY DIFFRACTION
4KNY	2.945	X-RAY DIFFRACTION
4KOE	3.02	X-RAY DIFFRACTION
4KPE	3.43	X-RAY DIFFRACTION
4KPF	3.24	X-RAY DIFFRACTION
4KPY	2.406	X-RAY DIFFRACTION
4KQ0	2.1	X-RAY DIFFRACTION
4KQY	3.02	X-RAY DIFFRACTION
4KR2	3.292	X-RAY DIFFRACTION
4KR3	3.235	X-RAY DIFFRACTION
4KR6	2.85	X-RAY DIFFRACTION
4KR7	3.421	X-RAY DIFFRACTION
4KR9	3.5	X-RAY DIFFRACTION
4KRE	1.754	X-RAY DIFFRACTION
4KRF	2.101	X-RAY DIFFRACTION
4KTG	1.92	X-RAY DIFFRACTION
4KTQ	2.5	X-RAY DIFFRACTION
4KUD	3.203	X-RAY DIFFRACTION
4KVB	4.198	X-RAY DIFFRACTION
4KW0	1.49	X-RAY DIFFRACTION
4KWX	1.3	X-RAY DIFFRACTION
4KXT	2.294	X-RAY DIFFRACTION
4KYW	2.35	X-RAY DIFFRACTION
4KYY	2.35	X-RAY DIFFRACTION
4KZ2	3.05	X-RAY DIFFRACTION
4KZD	2.186	X-RAY DIFFRACTION
4KZE	2.404	X-RAY DIFFRACTION
4KZX	7.809	X-RAY DIFFRACTION
4KZY	7.01	X-RAY DIFFRACTION
4KZZ	7.0305	X-RAY DIFFRACTION
4L0A	1.7	X-RAY DIFFRACTION
4L0Y	2.5	X-RAY DIFFRACTION
4L0Z	2.7	X-RAY DIFFRACTION
4L18	2.3	X-RAY DIFFRACTION
4L24	2.7	X-RAY DIFFRACTION
4L25	1.1	X-RAY DIFFRACTION
4L26	1.4	X-RAY DIFFRACTION
4L47	3.22000098079	X-RAY DIFFRACTION
4L5K	2.71	X-RAY DIFFRACTION
4L5R	1.873	X-RAY DIFFRACTION
4L5S	2.94	X-RAY DIFFRACTION
4L62	2.9	X-RAY DIFFRACTION
4L71	3.90000100875	X-RAY DIFFRACTION
4L81	2.95	X-RAY DIFFRACTION
4L8H	2.4	X-RAY DIFFRACTION
4L8R	2.6	X-RAY DIFFRACTION
4LB5	2.0	X-RAY DIFFRACTION
4LB6	1.8	X-RAY DIFFRACTION
4LCK	3.2	X-RAY DIFFRACTION
4LD0	3.75	X-RAY DIFFRACTION
4LD9	3.306	X-RAY DIFFRACTION
4LDX	2.9	X-RAY DIFFRACTION
4LEL	3.90000024172	X-RAY DIFFRACTION
4LEY	2.5	X-RAY DIFFRACTION
4LEZ	2.36	X-RAY DIFFRACTION
4LF4	3.3421	X-RAY DIFFRACTION
4LF5	3.753	X-RAY DIFFRACTION
4LF6	3.3052	X-RAY DIFFRACTION
4LF7	3.1484	X-RAY DIFFRACTION
4LF8	3.1484	X-RAY DIFFRACTION
4LF9	3.2811	X-RAY DIFFRACTION
4LFA	3.6461	X-RAY DIFFRACTION
4LFB	3.009	X-RAY DIFFRACTION
4LFC	3.602	X-RAY DIFFRACTION
4LFZ	3.92000059074	X-RAY DIFFRACTION
4LG0	2.19	X-RAY DIFFRACTION
4LG2	2.7	X-RAY DIFFRACTION
4LG7	2.5	X-RAY DIFFRACTION
4LGT	1.3	X-RAY DIFFRACTION
4LJ0	2.15	X-RAY DIFFRACTION
4LJR	1.8	X-RAY DIFFRACTION
4LLL	3.036	X-RAY DIFFRACTION
4LLN	2.842	X-RAY DIFFRACTION
4LMG	2.2	X-RAY DIFFRACTION
4LMZ	2.78	X-RAY DIFFRACTION
4LNQ	2.0	X-RAY DIFFRACTION
4LNT	2.94000009954	X-RAY DIFFRACTION
4LOX	1.98	X-RAY DIFFRACTION
4LQ0	2.68	X-RAY DIFFRACTION
4LQ3	2.6	X-RAY DIFFRACTION
4LSK	3.48000627319	X-RAY DIFFRACTION
4LT5	2.893	X-RAY DIFFRACTION
4LT8	3.14000177152	X-RAY DIFFRACTION
4LTF	1.5	X-RAY DIFFRACTION
4LTG	1.18	X-RAY DIFFRACTION
4LTH	1.6	X-RAY DIFFRACTION
4LTI	1.41	X-RAY DIFFRACTION
4LTJ	1.8	X-RAY DIFFRACTION
4LTK	1.45	X-RAY DIFFRACTION
4LTL	2.07	X-RAY DIFFRACTION
4LUP	1.2	X-RAY DIFFRACTION
4LVI	1.9	X-RAY DIFFRACTION
4LVJ	2.17	X-RAY DIFFRACTION
4LVK	2.37	X-RAY DIFFRACTION
4LVL	2.2	X-RAY DIFFRACTION
4LVM	3.1	X-RAY DIFFRACTION
4LVS	2.002	X-RAY DIFFRACTION
4LVV	2.1	X-RAY DIFFRACTION
4LVW	1.768	X-RAY DIFFRACTION
4LVX	1.9	X-RAY DIFFRACTION
4LVY	2.0	X-RAY DIFFRACTION
4LVZ	1.77	X-RAY DIFFRACTION
4LW0	1.889	X-RAY DIFFRACTION
4LX5	2.13	X-RAY DIFFRACTION
4LX6	2.15	X-RAY DIFFRACTION
4LY2	2.1	X-RAY DIFFRACTION
4LZ1	1.65	X-RAY DIFFRACTION
4LZ4	2.56	X-RAY DIFFRACTION
4LZG	1.599	X-RAY DIFFRACTION
4M04	1.898	X-RAY DIFFRACTION
4M0A	1.85	X-RAY DIFFRACTION
4M2Y	2.27	X-RAY DIFFRACTION
4M2Z	2.85	X-RAY DIFFRACTION
4M30	2.501	X-RAY DIFFRACTION
4M3I	2.1	X-RAY DIFFRACTION
4M3R	2.07	X-RAY DIFFRACTION
4M3T	1.9	X-RAY DIFFRACTION
4M3U	2.07	X-RAY DIFFRACTION
4M3V	2.05	X-RAY DIFFRACTION
4M3W	2.1	X-RAY DIFFRACTION
4M3X	2.2	X-RAY DIFFRACTION
4M3Y	1.86	X-RAY DIFFRACTION
4M3Z	1.84	X-RAY DIFFRACTION
4M41	2.15	X-RAY DIFFRACTION
4M42	2.04	X-RAY DIFFRACTION
4M45	1.89	X-RAY DIFFRACTION
4M47	2.37	X-RAY DIFFRACTION
4M4O	2.0	X-RAY DIFFRACTION
4M59	2.46	X-RAY DIFFRACTION
4M6D	2.68	X-RAY DIFFRACTION
4M6F	4.99	X-RAY DIFFRACTION
4M7A	2.781	X-RAY DIFFRACTION
4M7D	2.595	X-RAY DIFFRACTION
4M8B	2.61	X-RAY DIFFRACTION
4M8O	2.2	X-RAY DIFFRACTION
4M94	2.14	X-RAY DIFFRACTION
4M95	1.72	X-RAY DIFFRACTION
4M9E	1.851	X-RAY DIFFRACTION
4M9G	2.01	X-RAY DIFFRACTION
4M9H	2.394	X-RAY DIFFRACTION
4M9J	2.038	X-RAY DIFFRACTION
4M9L	2.091	X-RAY DIFFRACTION
4M9N	2.275	X-RAY DIFFRACTION
4M9V	0.969	X-RAY DIFFRACTION
4MCE	2.205	X-RAY DIFFRACTION
4MCF	1.899	X-RAY DIFFRACTION
4MDE	1.8	X-RAY DIFFRACTION
4MDF	1.727	X-RAY DIFFRACTION
4MDX	1.5	X-RAY DIFFRACTION
4MEG	3.1	X-RAY DIFFRACTION
4MEH	3.12	X-RAY DIFFRACTION
4MF2	2.4	X-RAY DIFFRACTION
4MF8	2.32	X-RAY DIFFRACTION
4MFA	2.27	X-RAY DIFFRACTION
4MFC	2.13	X-RAY DIFFRACTION
4MFF	2.55	X-RAY DIFFRACTION
4MG2	2.3	X-RAY DIFFRACTION
4MGM	3.2	X-RAY DIFFRACTION
4MGN	3.2	X-RAY DIFFRACTION
4MGT	2.6	X-RAY DIFFRACTION
4MGU	3.5	X-RAY DIFFRACTION
4MGW	1.93	X-RAY DIFFRACTION
4MHG	2.199	X-RAY DIFFRACTION
4MHT	2.7	X-RAY DIFFRACTION
4MJ9	0.97	X-RAY DIFFRACTION
4MKW	1.219	X-RAY DIFFRACTION
4MKY	2.4	X-RAY DIFFRACTION
4MNB	1.4	X-RAY DIFFRACTION
4MS5	2.23	X-RAY DIFFRACTION
4MS9	1.32	X-RAY DIFFRACTION
4MSB	1.55	X-RAY DIFFRACTION
4MSR	1.2	X-RAY DIFFRACTION
4MTD	2.5	X-RAY DIFFRACTION
4MTE	2.5	X-RAY DIFFRACTION
4MZR	2.9	X-RAY DIFFRACTION
4N0O	2.65	X-RAY DIFFRACTION
4N0T	1.7	X-RAY DIFFRACTION
4N2Q	2.8	X-RAY DIFFRACTION
4N2S	3.0	X-RAY DIFFRACTION
4N41	2.248	X-RAY DIFFRACTION
4N47	2.823	X-RAY DIFFRACTION
4N48	2.704	X-RAY DIFFRACTION
4N56	2.2	X-RAY DIFFRACTION
4N5S	1.67	X-RAY DIFFRACTION
4N76	2.89	X-RAY DIFFRACTION
4NCA	2.489	X-RAY DIFFRACTION
4NCB	2.189	X-RAY DIFFRACTION
4NDF	1.944	X-RAY DIFFRACTION
4NDG	2.541	X-RAY DIFFRACTION
4NDH	1.848	X-RAY DIFFRACTION
4NDI	1.9	X-RAY DIFFRACTION
4NDY	6.999	X-RAY DIFFRACTION
4NE1	6.499	X-RAY DIFFRACTION
4NFO	1.96	X-RAY DIFFRACTION
4NFP	1.85	X-RAY DIFFRACTION
4NFQ	1.7	X-RAY DIFFRACTION
4NGB	2.25	X-RAY DIFFRACTION
4NGC	2.104	X-RAY DIFFRACTION
4NGD	1.958	X-RAY DIFFRACTION
4NGF	3.101	X-RAY DIFFRACTION
4NGG	2.6	X-RAY DIFFRACTION
4NH3	2.616	X-RAY DIFFRACTION
4NH5	2.55	X-RAY DIFFRACTION
4NH6	2.551	X-RAY DIFFRACTION
4NHA	3.401	X-RAY DIFFRACTION
4NHJ	2.701	X-RAY DIFFRACTION
4NI7	2.4	X-RAY DIFFRACTION
4NI9	2.55	X-RAY DIFFRACTION
4NIA	1.82	X-RAY DIFFRACTION
4NID	1.58	X-RAY DIFFRACTION
4NIG	1.52	X-RAY DIFFRACTION
4NIH	1.374	X-RAY DIFFRACTION
4NII	1.622	X-RAY DIFFRACTION
4NKU	1.94	X-RAY DIFFRACTION
4NL3	3.1	X-RAY DIFFRACTION
4NLF	1.0	X-RAY DIFFRACTION
4NLG	2.4	X-RAY DIFFRACTION
4NLK	2.494	X-RAY DIFFRACTION
4NLN	2.261	X-RAY DIFFRACTION
4NLZ	2.683	X-RAY DIFFRACTION
4NM1	2.415	X-RAY DIFFRACTION
4NM2	2.524	X-RAY DIFFRACTION
4NM6	2.026	X-RAY DIFFRACTION
4NMG	1.01	X-RAY DIFFRACTION
4NNU	2.81	X-RAY DIFFRACTION
4NOD	2.897	X-RAY DIFFRACTION
4NOE	2.2	X-RAY DIFFRACTION
4NQA	3.102	X-RAY DIFFRACTION
4NRW	2.845	X-RAY DIFFRACTION
4NW3	2.82	X-RAY DIFFRACTION
4NXH	1.158	X-RAY DIFFRACTION
4NXM	3.65	X-RAY DIFFRACTION
4NXN	3.544	X-RAY DIFFRACTION
4NXZ	2.557	X-RAY DIFFRACTION
4NY8	2.246	X-RAY DIFFRACTION
4NYA	2.65	X-RAY DIFFRACTION
4NYB	3.1	X-RAY DIFFRACTION
4NYC	3.15	X-RAY DIFFRACTION
4NYD	2.9	X-RAY DIFFRACTION
4NYG	3.05	X-RAY DIFFRACTION
4O0I	2.203	X-RAY DIFFRACTION
4O26	3.001	X-RAY DIFFRACTION
4O3M	2.3	X-RAY DIFFRACTION
4O3N	1.579	X-RAY DIFFRACTION
4O3O	1.698	X-RAY DIFFRACTION
4O3P	1.72	X-RAY DIFFRACTION
4O3Q	1.72	X-RAY DIFFRACTION
4O3R	1.62	X-RAY DIFFRACTION
4O3S	1.717	X-RAY DIFFRACTION
4O41	1.2	X-RAY DIFFRACTION
4O5C	2.363	X-RAY DIFFRACTION
4O5E	2.532	X-RAY DIFFRACTION
4O5K	2.058	X-RAY DIFFRACTION
4O5W	1.6	X-RAY DIFFRACTION
4O5X	1.6	X-RAY DIFFRACTION
4O5Y	1.75	X-RAY DIFFRACTION
4O5Z	1.75	X-RAY DIFFRACTION
4O6A	1.859	X-RAY DIFFRACTION
4O8J	2.04	X-RAY DIFFRACTION
4O9M	2.295	X-RAY DIFFRACTION
4OAU	2.6	X-RAY DIFFRACTION
4OAV	2.1	X-RAY DIFFRACTION
4OCB	0.75	X-RAY DIFFRACTION
4OCD	2.1	X-RAY DIFFRACTION
4OE1	2.8	X-RAY DIFFRACTION
4OFA	1.55	X-RAY DIFFRACTION
4OFE	2.15	X-RAY DIFFRACTION
4OFH	2.22	X-RAY DIFFRACTION
4OHY	2.0	X-RAY DIFFRACTION
4OHZ	2.4	X-RAY DIFFRACTION
4OI0	2.2	X-RAY DIFFRACTION
4OI1	2.3	X-RAY DIFFRACTION
4OI7	3.104	X-RAY DIFFRACTION
4OI8	3.101	X-RAY DIFFRACTION
4OIN	2.8	X-RAY DIFFRACTION
4OIO	3.1	X-RAY DIFFRACTION
4OIP	3.4	X-RAY DIFFRACTION
4OIQ	3.624	X-RAY DIFFRACTION
4OIR	3.105	X-RAY DIFFRACTION
4OJI	2.3	X-RAY DIFFRACTION
4OKL	1.65	X-RAY DIFFRACTION
4OL8	3.1	X-RAY DIFFRACTION
4OLA	2.3	X-RAY DIFFRACTION
4OLB	2.899	X-RAY DIFFRACTION
4OLN	1.7	X-RAY DIFFRACTION
4OMY	3.062	X-RAY DIFFRACTION
4ON0	3.0	X-RAY DIFFRACTION
4OND	2.253	X-RAY DIFFRACTION
4OO1	3.3	X-RAY DIFFRACTION
4OO8	2.5	X-RAY DIFFRACTION
4OOG	2.5	X-RAY DIFFRACTION
4OOR	2.701	X-RAY DIFFRACTION
4OPJ	1.541	X-RAY DIFFRACTION
4OPK	1.539	X-RAY DIFFRACTION
4OPX	3.314	X-RAY DIFFRACTION
4OQ8	1.45	X-RAY DIFFRACTION
4OQ9	1.45	X-RAY DIFFRACTION
4OQA	3.65	X-RAY DIFFRACTION
4OQB	3.362	X-RAY DIFFRACTION
4OQU	3.2	X-RAY DIFFRACTION
4OSH	2.201	X-RAY DIFFRACTION
4OSI	2.849	X-RAY DIFFRACTION
4OSJ	2.79	X-RAY DIFFRACTION
4OSK	2.398	X-RAY DIFFRACTION
4OSL	2.447	X-RAY DIFFRACTION
4OSM	2.454	X-RAY DIFFRACTION
4OSQ	2.256	X-RAY DIFFRACTION
4OSR	1.944	X-RAY DIFFRACTION
4OSS	2.397	X-RAY DIFFRACTION
4OST	1.996	X-RAY DIFFRACTION
4OSV	1.996	X-RAY DIFFRACTION
4OSW	2.302	X-RAY DIFFRACTION
4OSZ	2.614	X-RAY DIFFRACTION
4OT0	2.491	X-RAY DIFFRACTION
4OT3	1.944	X-RAY DIFFRACTION
4OTO	2.588	X-RAY DIFFRACTION
4OU6	1.96	X-RAY DIFFRACTION
4OU7	2.83	X-RAY DIFFRACTION
4OV7	2.701	X-RAY DIFFRACTION
4OWW	2.3	X-RAY DIFFRACTION
4OWX	2.3	X-RAY DIFFRACTION
4OX9	3.8035	X-RAY DIFFRACTION
4P0P	2.8	X-RAY DIFFRACTION
4P0Q	2.851	X-RAY DIFFRACTION
4P0R	6.501	X-RAY DIFFRACTION
4P0S	6.0	X-RAY DIFFRACTION
4P1D	1.55	X-RAY DIFFRACTION
4P20	2.7	X-RAY DIFFRACTION
4P2H	1.987	X-RAY DIFFRACTION
4P3E	3.5	X-RAY DIFFRACTION
4P3S	2.3	X-RAY DIFFRACTION
4P3T	1.6	X-RAY DIFFRACTION
4P3U	3.0	X-RAY DIFFRACTION
4P43	2.0	X-RAY DIFFRACTION
4P4M	1.9185	X-RAY DIFFRACTION
4P4O	2.3001	X-RAY DIFFRACTION
4P4P	2.2973	X-RAY DIFFRACTION
4P5J	1.9912	X-RAY DIFFRACTION
4P6F	3.6	X-RAY DIFFRACTION
4P70	3.68	X-RAY DIFFRACTION
4P8Z	3.85	X-RAY DIFFRACTION
4P97	1.86	X-RAY DIFFRACTION
4P9R	2.703	X-RAY DIFFRACTION
4P9U	3.208	X-RAY DIFFRACTION
4PAR	2.89	X-RAY DIFFRACTION
4PBA	3.301	X-RAY DIFFRACTION
4PCB	2.5	X-RAY DIFFRACTION
4PCJ	1.9	X-RAY DIFFRACTION
4PCO	1.32	X-RAY DIFFRACTION
4PCZ	1.7	X-RAY DIFFRACTION
4PD2	1.65	X-RAY DIFFRACTION
4PDB	2.6	X-RAY DIFFRACTION
4PDG	2.4	X-RAY DIFFRACTION
4PDI	2.1	X-RAY DIFFRACTION
4PDQ	3.0	X-RAY DIFFRACTION
4PE8	2.894	X-RAY DIFFRACTION
4PEH	2.1	X-RAY DIFFRACTION
4PEI	1.95	X-RAY DIFFRACTION
4PGQ	2.3	X-RAY DIFFRACTION
4PGX	2.077	X-RAY DIFFRACTION
4PGY	2.26	X-RAY DIFFRACTION
4PH5	2.55	X-RAY DIFFRACTION
4PHA	2.52	X-RAY DIFFRACTION
4PHD	2.21	X-RAY DIFFRACTION
4PHE	2.15	X-RAY DIFFRACTION
4PHP	2.6	X-RAY DIFFRACTION
4PHY	3.1	X-RAY DIFFRACTION
4PJO	3.3	X-RAY DIFFRACTION
4PKD	2.5	X-RAY DIFFRACTION
4PLB	2.69	X-RAY DIFFRACTION
4PLX	3.1	X-RAY DIFFRACTION
4PMI	3.2	X-RAY DIFFRACTION
4PMW	2.95	X-RAY DIFFRACTION
4POG	3.203	X-RAY DIFFRACTION
4PPX	2.08	X-RAY DIFFRACTION
4PQU	2.508	X-RAY DIFFRACTION
4PQV	2.463	X-RAY DIFFRACTION
4PR6	2.3	X-RAY DIFFRACTION
4PRF	2.395	X-RAY DIFFRACTION
4PSO	2.9	X-RAY DIFFRACTION
4PTF	2.809	X-RAY DIFFRACTION
4PU3	3.39	X-RAY DIFFRACTION
4PU4	3.786	X-RAY DIFFRACTION
4PUO	2.901	X-RAY DIFFRACTION
4PUQ	1.6	X-RAY DIFFRACTION
4PW5	2.204	X-RAY DIFFRACTION
4PW6	3.789	X-RAY DIFFRACTION
4PW7	2.001	X-RAY DIFFRACTION
4PWD	3.0	X-RAY DIFFRACTION
4PWM	1.95	X-RAY DIFFRACTION
4PXI	3.2	X-RAY DIFFRACTION
4PY5	2.1	X-RAY DIFFRACTION
4PZI	2.15	X-RAY DIFFRACTION
4PZQ	2.24	X-RAY DIFFRACTION
4Q0B	3.3	X-RAY DIFFRACTION
4Q0R	2.75	X-RAY DIFFRACTION
4Q0W	2.1	X-RAY DIFFRACTION
4Q0Z	2.398	X-RAY DIFFRACTION
4Q10	2.7	X-RAY DIFFRACTION
4Q43	2.45	X-RAY DIFFRACTION
4Q44	2.71	X-RAY DIFFRACTION
4Q45	2.176	X-RAY DIFFRACTION
4Q4Z	2.9	X-RAY DIFFRACTION
4Q5S	3.0	X-RAY DIFFRACTION
4Q5V	2.52	X-RAY DIFFRACTION
4Q8E	1.549	X-RAY DIFFRACTION
4Q8F	2.797	X-RAY DIFFRACTION
4Q9Q	2.45	X-RAY DIFFRACTION
4Q9R	3.12	X-RAY DIFFRACTION
4QC7	1.9	X-RAY DIFFRACTION
4QCB	2.89	X-RAY DIFFRACTION
4QCL	2.2	X-RAY DIFFRACTION
4QEI	2.875	X-RAY DIFFRACTION
4QEN	2.002	X-RAY DIFFRACTION
4QEO	2.0	X-RAY DIFFRACTION
4QEP	3.1	X-RAY DIFFRACTION
4QG3	2.0	X-RAY DIFFRACTION
4QGU	2.545	X-RAY DIFFRACTION
4QI2	3.0	X-RAY DIFFRACTION
4QIK	1.9	X-RAY DIFFRACTION
4QIL	2.9	X-RAY DIFFRACTION
4QIO	0.95	X-RAY DIFFRACTION
4QJD	3.1	X-RAY DIFFRACTION
4QJH	3.88	X-RAY DIFFRACTION
4QJU	2.16	X-RAY DIFFRACTION
4QK8	3.05	X-RAY DIFFRACTION
4QK9	3.05	X-RAY DIFFRACTION
4QKA	3.2	X-RAY DIFFRACTION
4QKK	1.4	X-RAY DIFFRACTION
4QLC	3.503	X-RAY DIFFRACTION
4QLM	2.721	X-RAY DIFFRACTION
4QLN	2.65	X-RAY DIFFRACTION
4QM6	1.5	X-RAY DIFFRACTION
4QM7	1.8	X-RAY DIFFRACTION
4QOZ	2.304	X-RAY DIFFRACTION
4QPQ	3.106	X-RAY DIFFRACTION
4QPX	1.86	X-RAY DIFFRACTION
4QQB	2.8	X-RAY DIFFRACTION
4QQW	2.664	X-RAY DIFFRACTION
4QQX	3.34	X-RAY DIFFRACTION
4QQY	3.12	X-RAY DIFFRACTION
4QQZ	2.93	X-RAY DIFFRACTION
4QR9	2.0	X-RAY DIFFRACTION
4QTJ	2.1	X-RAY DIFFRACTION
4QTK	2.99	X-RAY DIFFRACTION
4QTR	3.2	X-RAY DIFFRACTION
4QU6	1.75	X-RAY DIFFRACTION
4QU7	2.5	X-RAY DIFFRACTION
4QVC	1.99	X-RAY DIFFRACTION
4QVD	1.972	X-RAY DIFFRACTION
4QVI	1.9	X-RAY DIFFRACTION
4QW8	2.29	X-RAY DIFFRACTION
4QW9	2.4	X-RAY DIFFRACTION
4QWA	2.2	X-RAY DIFFRACTION
4QWB	1.8	X-RAY DIFFRACTION
4QWC	2.4	X-RAY DIFFRACTION
4QWD	2.05	X-RAY DIFFRACTION
4QWE	2.2	X-RAY DIFFRACTION
4QYZ	3.0303	X-RAY DIFFRACTION
4QZ8	2.7	X-RAY DIFFRACTION
4QZ9	2.05	X-RAY DIFFRACTION
4QZA	2.15	X-RAY DIFFRACTION
4QZB	2.15	X-RAY DIFFRACTION
4QZC	2.75	X-RAY DIFFRACTION
4QZD	2.7	X-RAY DIFFRACTION
4QZE	2.25	X-RAY DIFFRACTION
4QZF	2.6	X-RAY DIFFRACTION
4QZG	2.75	X-RAY DIFFRACTION
4QZH	2.6	X-RAY DIFFRACTION
4QZI	2.65	X-RAY DIFFRACTION
4R0D	3.676	X-RAY DIFFRACTION
4R15	0.97	X-RAY DIFFRACTION
4R22	2.6	X-RAY DIFFRACTION
4R24	2.25	X-RAY DIFFRACTION
4R28	3.055	X-RAY DIFFRACTION
4R2A	1.591	X-RAY DIFFRACTION
4R2C	1.89	X-RAY DIFFRACTION
4R2D	2.088	X-RAY DIFFRACTION
4R2E	1.84	X-RAY DIFFRACTION
4R2P	1.788	X-RAY DIFFRACTION
4R2Q	1.54	X-RAY DIFFRACTION
4R2R	2.089	X-RAY DIFFRACTION
4R2S	2.489	X-RAY DIFFRACTION
4R3I	1.8	X-RAY DIFFRACTION
4R44	2.695	X-RAY DIFFRACTION
4R45	1.9	X-RAY DIFFRACTION
4R47	1.85	X-RAY DIFFRACTION
4R48	2.33	X-RAY DIFFRACTION
4R49	1.28	X-RAY DIFFRACTION
4R4A	1.49	X-RAY DIFFRACTION
4R4D	1.29	X-RAY DIFFRACTION
4R4E	2.57	X-RAY DIFFRACTION
4R4P	3.07	X-RAY DIFFRACTION
4R4V	3.07	X-RAY DIFFRACTION
4R55	1.8	X-RAY DIFFRACTION
4R56	2.3	X-RAY DIFFRACTION
4R5P	2.894	X-RAY DIFFRACTION
4R63	1.85	X-RAY DIFFRACTION
4R64	2.2	X-RAY DIFFRACTION
4R65	1.95	X-RAY DIFFRACTION
4R66	2.25	X-RAY DIFFRACTION
4R6M	2.357	X-RAY DIFFRACTION
4R79	3.1	X-RAY DIFFRACTION
4R89	4.002	X-RAY DIFFRACTION
4R8A	3.2	X-RAY DIFFRACTION
4R8I	2.05	X-RAY DIFFRACTION
4R8J	1.21	X-RAY DIFFRACTION
4R8P	3.2846	X-RAY DIFFRACTION
4R8U	2.3	X-RAY DIFFRACTION
4RB1	2.75	X-RAY DIFFRACTION
4RB2	2.82	X-RAY DIFFRACTION
4RB3	2.6	X-RAY DIFFRACTION
4RBO	3.3	X-RAY DIFFRACTION
4RBQ	1.05	X-RAY DIFFRACTION
4RBY	1.19	X-RAY DIFFRACTION
4RBZ	1.18	X-RAY DIFFRACTION
4RC0	1.13	X-RAY DIFFRACTION
4RCJ	1.6	X-RAY DIFFRACTION
4RCM	1.8	X-RAY DIFFRACTION
4RD5	2.7	X-RAY DIFFRACTION
4RDM	2.7	X-RAY DIFFRACTION
4RDU	1.85	X-RAY DIFFRACTION
4RDX	2.55	X-RAY DIFFRACTION
4RE7	2.181	X-RAY DIFFRACTION
4REA	3.81	X-RAY DIFFRACTION
4REB	4.2	X-RAY DIFFRACTION
4REC	2.2	X-RAY DIFFRACTION
4RGE	2.89	X-RAY DIFFRACTION
4RGF	3.2008	X-RAY DIFFRACTION
4RHD	1.7	X-RAY DIFFRACTION
4RI8	2.9	X-RAY DIFFRACTION
4RI9	2.9	X-RAY DIFFRACTION
4RIA	3.0	X-RAY DIFFRACTION
4RIB	3.25	X-RAY DIFFRACTION
4RIC	2.8	X-RAY DIFFRACTION
4RIM	2.3	X-RAY DIFFRACTION
4RIP	2.1	X-RAY DIFFRACTION
4RJ1	0.92	X-RAY DIFFRACTION
4RKG	2.5	X-RAY DIFFRACTION
4RKH	2.0	X-RAY DIFFRACTION
4RKV	0.88	X-RAY DIFFRACTION
4RMO	2.2	X-RAY DIFFRACTION
4RNE	1.01	X-RAY DIFFRACTION
4RNK	2.08	X-RAY DIFFRACTION
4RNM	2.144	X-RAY DIFFRACTION
4RNN	1.808	X-RAY DIFFRACTION
4RNO	2.82	X-RAY DIFFRACTION
4RO4	2.04	X-RAY DIFFRACTION
4RO7	2.03	X-RAY DIFFRACTION
4RO8	2.08	X-RAY DIFFRACTION
4ROC	1.9	X-RAY DIFFRACTION
4ROD	2.7	X-RAY DIFFRACTION
4ROE	2.2	X-RAY DIFFRACTION
4ROG	2.08	X-RAY DIFFRACTION
4ROK	2.16	X-RAY DIFFRACTION
4RON	2.39	X-RAY DIFFRACTION
4ROO	2.37	X-RAY DIFFRACTION
4ROY	2.09	X-RAY DIFFRACTION
4ROZ	2.08	X-RAY DIFFRACTION
4RP0	2.19	X-RAY DIFFRACTION
4RP1	2.27	X-RAY DIFFRACTION
4RP2	2.32	X-RAY DIFFRACTION
4RPX	1.9	X-RAY DIFFRACTION
4RPY	1.9	X-RAY DIFFRACTION
4RPZ	2.19	X-RAY DIFFRACTION
4RQ0	2.2	X-RAY DIFFRACTION
4RQ1	2.7	X-RAY DIFFRACTION
4RQ2	2.2	X-RAY DIFFRACTION
4RQ3	2.0	X-RAY DIFFRACTION
4RQ4	2.1	X-RAY DIFFRACTION
4RQ5	2.32	X-RAY DIFFRACTION
4RQ6	2.25	X-RAY DIFFRACTION
4RQ7	2.0	X-RAY DIFFRACTION
4RQ8	2.0	X-RAY DIFFRACTION
4RQE	4.0	X-RAY DIFFRACTION
4RQF	3.503	X-RAY DIFFRACTION
4RT2	1.92	X-RAY DIFFRACTION
4RT3	1.92	X-RAY DIFFRACTION
4RTJ	1.99	X-RAY DIFFRACTION
4RTK	1.96	X-RAY DIFFRACTION
4RTL	2.193	X-RAY DIFFRACTION
4RTM	2.5	X-RAY DIFFRACTION
4RTN	2.59	X-RAY DIFFRACTION
4RTO	2.69	X-RAY DIFFRACTION
4RTP	2.39	X-RAY DIFFRACTION
4RTQ	1.997	X-RAY DIFFRACTION
4RTR	2.393	X-RAY DIFFRACTION
4RTS	2.49	X-RAY DIFFRACTION
4RU9	2.65	X-RAY DIFFRACTION
4RUA	3.07	X-RAY DIFFRACTION
4RUC	2.9	X-RAY DIFFRACTION
4RUL	2.9	X-RAY DIFFRACTION
4RUM	2.6426	X-RAY DIFFRACTION
4RVE	3.0	X-RAY DIFFRACTION
4RWN	2.0	X-RAY DIFFRACTION
4RWO	2.2	X-RAY DIFFRACTION
4RWP	2.25	X-RAY DIFFRACTION
4RZD	2.75	X-RAY DIFFRACTION
4RZR	2.2	X-RAY DIFFRACTION
4S04	3.2	X-RAY DIFFRACTION
4S05	3.8	X-RAY DIFFRACTION
4S0H	2.817	X-RAY DIFFRACTION
4S0N	1.501	X-RAY DIFFRACTION
4S20	4.7	X-RAY DIFFRACTION
4S2Q	2.7	X-RAY DIFFRACTION
4S2X	1.5	X-RAY DIFFRACTION
4S2Y	1.6	X-RAY DIFFRACTION
4S3N	2.0	X-RAY DIFFRACTION
4SKN	2.9	X-RAY DIFFRACTION
4TMU	2.4	X-RAY DIFFRACTION
4TNA	2.5	X-RAY DIFFRACTION
4TNT	2.3938	X-RAY DIFFRACTION
4TQR	1.58	X-RAY DIFFRACTION
4TQS	2.06	X-RAY DIFFRACTION
4TRA	3.0	X-RAY DIFFRACTION
4TS0	2.8	X-RAY DIFFRACTION
4TS2	2.884	X-RAY DIFFRACTION
4TU0	2.3	X-RAY DIFFRACTION
4TU7	2.087	X-RAY DIFFRACTION
4TU8	1.918	X-RAY DIFFRACTION
4TU9	1.992	X-RAY DIFFRACTION
4TUA	3.6	X-RAY DIFFRACTION
4TUB	3.6	X-RAY DIFFRACTION
4TUC	3.6	X-RAY DIFFRACTION
4TUD	3.6	X-RAY DIFFRACTION
4TUE	3.5	X-RAY DIFFRACTION
4TUG	3.55	X-RAY DIFFRACTION
4TUI	3.59	X-RAY DIFFRACTION
4TUP	1.8	X-RAY DIFFRACTION
4TUQ	2.367	X-RAY DIFFRACTION
4TUR	2.169	X-RAY DIFFRACTION
4TUS	2.42	X-RAY DIFFRACTION
4TUW	2.902	X-RAY DIFFRACTION
4TUX	3.08	X-RAY DIFFRACTION
4TV0	2.601	X-RAY DIFFRACTION
4TVX	3.24	X-RAY DIFFRACTION
4TYN	2.959	X-RAY DIFFRACTION
4TYW	2.197	X-RAY DIFFRACTION
4TYY	2.74	X-RAY DIFFRACTION
4TZ0	2.35	X-RAY DIFFRACTION
4TZ6	3.209	X-RAY DIFFRACTION
4TZD	3.2	X-RAY DIFFRACTION
4TZP	8.503	X-RAY DIFFRACTION
4TZV	5.03	X-RAY DIFFRACTION
4TZW	4.671	X-RAY DIFFRACTION
4TZX	2.01	X-RAY DIFFRACTION
4TZY	2.57	X-RAY DIFFRACTION
4TZZ	3.64	X-RAY DIFFRACTION
4U0Y	1.91	X-RAY DIFFRACTION
4U1U	2.95	X-RAY DIFFRACTION
4U1V	3.0	X-RAY DIFFRACTION
4U20	2.9	X-RAY DIFFRACTION
4U24	2.9	X-RAY DIFFRACTION
4U25	2.9	X-RAY DIFFRACTION
4U26	2.8	X-RAY DIFFRACTION
4U27	2.8	X-RAY DIFFRACTION
4U34	1.35	X-RAY DIFFRACTION
4U35	1.55	X-RAY DIFFRACTION
4U37	1.55	X-RAY DIFFRACTION
4U38	1.8	X-RAY DIFFRACTION
4U3L	1.482	X-RAY DIFFRACTION
4U3M	3.0	X-RAY DIFFRACTION
4U3N	3.2	X-RAY DIFFRACTION
4U3O	1.8	X-RAY DIFFRACTION
4U3P	1.866	X-RAY DIFFRACTION
4U3R	1.701	X-RAY DIFFRACTION
4U3U	2.9	X-RAY DIFFRACTION
4U47	1.952	X-RAY DIFFRACTION
4U4N	3.1	X-RAY DIFFRACTION
4U4O	3.6	X-RAY DIFFRACTION
4U4Q	3.0	X-RAY DIFFRACTION
4U4R	2.801	X-RAY DIFFRACTION
4U4U	3.0	X-RAY DIFFRACTION
4U4Y	3.2	X-RAY DIFFRACTION
4U4Z	3.1	X-RAY DIFFRACTION
4U50	3.2	X-RAY DIFFRACTION
4U51	3.2	X-RAY DIFFRACTION
4U52	3.0	X-RAY DIFFRACTION
4U53	3.3	X-RAY DIFFRACTION
4U55	3.2	X-RAY DIFFRACTION
4U56	3.45	X-RAY DIFFRACTION
4U5M	1.5	X-RAY DIFFRACTION
4U67	3.65	X-RAY DIFFRACTION
4U6F	3.1	X-RAY DIFFRACTION
4U6K	1.5	X-RAY DIFFRACTION
4U6L	1.9	X-RAY DIFFRACTION
4U6M	1.9	X-RAY DIFFRACTION
4U6P	2.593	X-RAY DIFFRACTION
4U78	1.501	X-RAY DIFFRACTION
4U7B	3.09	X-RAY DIFFRACTION
4U7C	2.8	X-RAY DIFFRACTION
4U7D	3.4	X-RAY DIFFRACTION
4U7U	3.003	X-RAY DIFFRACTION
4U8A	1.48	X-RAY DIFFRACTION
4U8B	1.31	X-RAY DIFFRACTION
4U8C	1.24	X-RAY DIFFRACTION
4U8T	2.7	X-RAY DIFFRACTION
4U92	1.5	X-RAY DIFFRACTION
4U9M	3.13	X-RAY DIFFRACTION
4UAW	1.9	X-RAY DIFFRACTION
4UAY	1.984	X-RAY DIFFRACTION
4UAZ	1.88	X-RAY DIFFRACTION
4UB1	2.341	X-RAY DIFFRACTION
4UB2	2.51	X-RAY DIFFRACTION
4UB3	2.06	X-RAY DIFFRACTION
4UB4	1.954	X-RAY DIFFRACTION
4UB5	2.15	X-RAY DIFFRACTION
4UBB	1.9	X-RAY DIFFRACTION
4UBC	2.0	X-RAY DIFFRACTION
4UDV	3.35	ELECTRON MICROSCOPY
4UE4	7.0	ELECTRON MICROSCOPY
4UE5	9.0	ELECTRON MICROSCOPY
4UER	6.47	ELECTRON MICROSCOPY
4UFT	4.3	ELECTRON MICROSCOPY
4UG0	3.6	ELECTRON MICROSCOPY
4UJC	9.5	ELECTRON MICROSCOPY
4UJD	8.9	ELECTRON MICROSCOPY
4UJE	6.9	ELECTRON MICROSCOPY
4UMK	3.096	X-RAY DIFFRACTION
4UMM	11.6	ELECTRON MICROSCOPY
4UN3	2.593	X-RAY DIFFRACTION
4UN4	2.371	X-RAY DIFFRACTION
4UN5	2.4	X-RAY DIFFRACTION
4UN7	2.7	X-RAY DIFFRACTION
4UN8	2.6	X-RAY DIFFRACTION
4UN9	2.734	X-RAY DIFFRACTION
4UNA	2.3	X-RAY DIFFRACTION
4UNB	2.55	X-RAY DIFFRACTION
4UNC	2.3	X-RAY DIFFRACTION
4UNO	1.95	X-RAY DIFFRACTION
4UQG	2.0	X-RAY DIFFRACTION
4UQM	1.35	X-RAY DIFFRACTION
4USG	1.973	X-RAY DIFFRACTION
4UT0	2.4	X-RAY DIFFRACTION
4UUS	2.55	X-RAY DIFFRACTION
4UUV	2.8	X-RAY DIFFRACTION
4UX5	2.4	X-RAY DIFFRACTION
4UY8	3.8	ELECTRON MICROSCOPY
4UYJ	3.35	X-RAY DIFFRACTION
4UYK	3.22	X-RAY DIFFRACTION
4UZB	2.865	X-RAY DIFFRACTION
4V19	3.4	ELECTRON MICROSCOPY
4V1M	6.6	ELECTRON MICROSCOPY
4V1N	7.8	ELECTRON MICROSCOPY
4V1O	9.7	ELECTRON MICROSCOPY
4V2S	3.48	X-RAY DIFFRACTION
4V3P	34.0	ELECTRON MICROSCOPY
4V42	5.5	X-RAY DIFFRACTION
4V47	12.3	ELECTRON MICROSCOPY
4V48	11.5	ELECTRON MICROSCOPY
4V49	8.7	X-RAY DIFFRACTION
4V4A	9.5	X-RAY DIFFRACTION
4V4B	11.7	ELECTRON MICROSCOPY
4V4F	1.9	X-RAY DIFFRACTION
4V4G	11.5	X-RAY DIFFRACTION
4V4H	3.46	X-RAY DIFFRACTION
4V4I	3.71	X-RAY DIFFRACTION
4V4J	3.83	X-RAY DIFFRACTION
4V4N	9.0	ELECTRON MICROSCOPY
4V4P	5.5	X-RAY DIFFRACTION
4V4Q	3.46	X-RAY DIFFRACTION
4V4R	5.9	X-RAY DIFFRACTION
4V4S	6.76	X-RAY DIFFRACTION
4V4T	6.46	X-RAY DIFFRACTION
4V4V	15.0	ELECTRON MICROSCOPY
4V4W	15.0	ELECTRON MICROSCOPY
4V4X	5.0	X-RAY DIFFRACTION
4V4Y	5.5	X-RAY DIFFRACTION
4V4Z	4.51	X-RAY DIFFRACTION
4V50	3.22	X-RAY DIFFRACTION
4V51	2.8	X-RAY DIFFRACTION
4V52	3.21	X-RAY DIFFRACTION
4V53	3.54	X-RAY DIFFRACTION
4V54	3.3	X-RAY DIFFRACTION
4V55	4.0	X-RAY DIFFRACTION
4V56	3.93	X-RAY DIFFRACTION
4V57	3.5	X-RAY DIFFRACTION
4V5A	3.5	X-RAY DIFFRACTION
4V5B	3.74	X-RAY DIFFRACTION
4V5C	3.3	X-RAY DIFFRACTION
4V5D	3.5	X-RAY DIFFRACTION
4V5E	3.45	X-RAY DIFFRACTION
4V5F	3.6	X-RAY DIFFRACTION
4V5G	3.6	X-RAY DIFFRACTION
4V5H	5.8	ELECTRON MICROSCOPY
4V5J	3.1	X-RAY DIFFRACTION
4V5K	3.2	X-RAY DIFFRACTION
4V5L	3.1	X-RAY DIFFRACTION
4V5M	7.8	ELECTRON MICROSCOPY
4V5N	7.6	ELECTRON MICROSCOPY
4V5O	3.93	X-RAY DIFFRACTION
4V5P	3.1	X-RAY DIFFRACTION
4V5Q	3.1	X-RAY DIFFRACTION
4V5R	3.1	X-RAY DIFFRACTION
4V5S	3.1	X-RAY DIFFRACTION
4V5V	3.6	X-RAY DIFFRACTION
4V5X	11.5	ELECTRON MICROSCOPY
4V5Y	4.45	X-RAY DIFFRACTION
4V5Z	8.7	ELECTRON MICROSCOPY
4V61	9.4	ELECTRON MICROSCOPY
4V63	3.207	X-RAY DIFFRACTION
4V64	3.5	X-RAY DIFFRACTION
4V65	9.0	ELECTRON MICROSCOPY
4V66	9.0	ELECTRON MICROSCOPY
4V67	3.0	X-RAY DIFFRACTION
4V68	6.4	ELECTRON MICROSCOPY
4V69	6.7	ELECTRON MICROSCOPY
4V6A	3.1	X-RAY DIFFRACTION
4V6C	3.19	X-RAY DIFFRACTION
4V6D	3.814	X-RAY DIFFRACTION
4V6E	3.712	X-RAY DIFFRACTION
4V6F	3.1	X-RAY DIFFRACTION
4V6G	3.5	X-RAY DIFFRACTION
4V6I	8.8	ELECTRON MICROSCOPY
4V6K	8.25	ELECTRON MICROSCOPY
4V6L	13.2	ELECTRON MICROSCOPY
4V6M	7.1	ELECTRON MICROSCOPY
4V6N	12.1	ELECTRON MICROSCOPY
4V6O	14.7	ELECTRON MICROSCOPY
4V6P	13.5	ELECTRON MICROSCOPY
4V6Q	11.5	ELECTRON MICROSCOPY
4V6R	11.5	ELECTRON MICROSCOPY
4V6S	13.1	ELECTRON MICROSCOPY
4V6T	8.3	ELECTRON MICROSCOPY
4V6U	6.6	ELECTRON MICROSCOPY
4V6V	9.8	ELECTRON MICROSCOPY
4V6W	6.0	ELECTRON MICROSCOPY
4V6X	5.0	ELECTRON MICROSCOPY
4V6Y	12.0	ELECTRON MICROSCOPY
4V6Z	12.0	ELECTRON MICROSCOPY
4V70	17.0	ELECTRON MICROSCOPY
4V71	20.0	ELECTRON MICROSCOPY
4V72	13.0	ELECTRON MICROSCOPY
4V73	15.0	ELECTRON MICROSCOPY
4V74	17.0	ELECTRON MICROSCOPY
4V75	12.0	ELECTRON MICROSCOPY
4V76	17.0	ELECTRON MICROSCOPY
4V77	17.0	ELECTRON MICROSCOPY
4V78	20.0	ELECTRON MICROSCOPY
4V79	15.0	ELECTRON MICROSCOPY
4V7A	9.0	ELECTRON MICROSCOPY
4V7B	6.8	ELECTRON MICROSCOPY
4V7C	7.6	ELECTRON MICROSCOPY
4V7D	7.6	ELECTRON MICROSCOPY
4V7E	5.5	ELECTRON MICROSCOPY
4V7F	8.7	ELECTRON MICROSCOPY
4V7H	8.9	ELECTRON MICROSCOPY
4V7I	9.6	ELECTRON MICROSCOPY
4V7J	3.3	X-RAY DIFFRACTION
4V7K	3.6	X-RAY DIFFRACTION
4V7L	3.0	X-RAY DIFFRACTION
4V7M	3.45	X-RAY DIFFRACTION
4V7P	3.62	X-RAY DIFFRACTION
4V7R	4.0	X-RAY DIFFRACTION
4V7S	3.2547	X-RAY DIFFRACTION
4V7T	3.1942	X-RAY DIFFRACTION
4V7U	3.1	X-RAY DIFFRACTION
4V7V	3.2891	X-RAY DIFFRACTION
4V7W	3.0	X-RAY DIFFRACTION
4V7X	3.0	X-RAY DIFFRACTION
4V7Y	3.0	X-RAY DIFFRACTION
4V7Z	3.1	X-RAY DIFFRACTION
4V83	3.5	X-RAY DIFFRACTION
4V84	3.4	X-RAY DIFFRACTION
4V85	3.2	X-RAY DIFFRACTION
4V87	3.1	X-RAY DIFFRACTION
4V88	3.0	X-RAY DIFFRACTION
4V89	3.7	X-RAY DIFFRACTION
4V8A	3.2	X-RAY DIFFRACTION
4V8B	3.0	X-RAY DIFFRACTION
4V8C	3.3	X-RAY DIFFRACTION
4V8D	3.0	X-RAY DIFFRACTION
4V8E	3.3	X-RAY DIFFRACTION
4V8F	3.3	X-RAY DIFFRACTION
4V8G	3.0	X-RAY DIFFRACTION
4V8H	3.1	X-RAY DIFFRACTION
4V8I	2.7	X-RAY DIFFRACTION
4V8J	3.9	X-RAY DIFFRACTION
4V8M	5.57	ELECTRON MICROSCOPY
4V8N	3.1	X-RAY DIFFRACTION
4V8O	3.8	X-RAY DIFFRACTION
4V8P	3.52	X-RAY DIFFRACTION
4V8Q	3.1	X-RAY DIFFRACTION
4V8S	4.323	X-RAY DIFFRACTION
4V8T	8.1	ELECTRON MICROSCOPY
4V8U	3.7	X-RAY DIFFRACTION
4V8X	3.35	X-RAY DIFFRACTION
4V8Y	4.3	ELECTRON MICROSCOPY
4V8Z	6.6	ELECTRON MICROSCOPY
4V90	2.95	X-RAY DIFFRACTION
4V91	3.7	ELECTRON MICROSCOPY
4V92	3.7	ELECTRON MICROSCOPY
4V95	3.2	X-RAY DIFFRACTION
4V97	3.516	X-RAY DIFFRACTION
4V99	2.9	X-RAY DIFFRACTION
4V9A	3.2999	X-RAY DIFFRACTION
4V9B	3.1	X-RAY DIFFRACTION
4V9C	3.3	X-RAY DIFFRACTION
4V9D	3.0	X-RAY DIFFRACTION
4V9E	3.4	X-RAY DIFFRACTION
4V9F	2.404	X-RAY DIFFRACTION
4V9H	2.857	X-RAY DIFFRACTION
4V9I	3.3	X-RAY DIFFRACTION
4V9J	3.86	X-RAY DIFFRACTION
4V9K	3.5	X-RAY DIFFRACTION
4V9L	3.5	X-RAY DIFFRACTION
4V9M	4.0	X-RAY DIFFRACTION
4V9N	3.4	X-RAY DIFFRACTION
4V9O	2.9	X-RAY DIFFRACTION
4V9P	2.9	X-RAY DIFFRACTION
4V9Q	3.4	X-RAY DIFFRACTION
4V9R	3.0	X-RAY DIFFRACTION
4V9S	3.1	X-RAY DIFFRACTION
4W29	3.8	X-RAY DIFFRACTION
4W2E	2.9	X-RAY DIFFRACTION
4W2F	2.4	X-RAY DIFFRACTION
4W2G	2.55	X-RAY DIFFRACTION
4W2H	2.7	X-RAY DIFFRACTION
4W2I	2.7	X-RAY DIFFRACTION
4W4G	3.3	X-RAY DIFFRACTION
4W5N	2.9	X-RAY DIFFRACTION
4W5O	1.802	X-RAY DIFFRACTION
4W5Q	3.101	X-RAY DIFFRACTION
4W5R	2.5	X-RAY DIFFRACTION
4W5T	2.5	X-RAY DIFFRACTION
4W90	3.118	X-RAY DIFFRACTION
4W92	3.209	X-RAY DIFFRACTION
4W9M	2.7	X-RAY DIFFRACTION
4WAL	2.2	X-RAY DIFFRACTION
4WAN	1.8	X-RAY DIFFRACTION
4WB2	1.8	X-RAY DIFFRACTION
4WB3	2.0	X-RAY DIFFRACTION
4WC2	2.8	X-RAY DIFFRACTION
4WC3	3.1	X-RAY DIFFRACTION
4WC4	3.501	X-RAY DIFFRACTION
4WC5	3.41	X-RAY DIFFRACTION
4WC6	3.41	X-RAY DIFFRACTION
4WC7	3.102	X-RAY DIFFRACTION
4WCE	3.526	X-RAY DIFFRACTION
4WCG	1.5	X-RAY DIFFRACTION
4WF1	3.09	X-RAY DIFFRACTION
4WF9	3.427	X-RAY DIFFRACTION
4WFA	3.392	X-RAY DIFFRACTION
4WFB	3.43	X-RAY DIFFRACTION
4WFL	2.49	X-RAY DIFFRACTION
4WFM	3.1	X-RAY DIFFRACTION
4WFN	3.54	X-RAY DIFFRACTION
4WJ3	3.705	X-RAY DIFFRACTION
4WJ4	3.294	X-RAY DIFFRACTION
4WK8	3.4006	X-RAY DIFFRACTION
4WKJ	2.8	X-RAY DIFFRACTION
4WKR	3.2	X-RAY DIFFRACTION
4WLS	2.105	X-RAY DIFFRACTION
4WLW	2.8	X-RAY DIFFRACTION
4WO2	1.82	X-RAY DIFFRACTION
4WO3	2.73	X-RAY DIFFRACTION
4WOI	3.0	X-RAY DIFFRACTION
4WPO	2.8	X-RAY DIFFRACTION
4WQ1	3.1	X-RAY DIFFRACTION
4WQF	2.8	X-RAY DIFFRACTION
4WQR	3.15	X-RAY DIFFRACTION
4WQS	4.306	X-RAY DIFFRACTION
4WQU	2.8	X-RAY DIFFRACTION
4WQY	2.8	X-RAY DIFFRACTION
4WR6	3.05	X-RAY DIFFRACTION
4WRA	3.05	X-RAY DIFFRACTION
4WRO	3.05	X-RAY DIFFRACTION
4WRT	2.7	X-RAY DIFFRACTION
4WSA	3.4	X-RAY DIFFRACTION
4WSB	2.65	X-RAY DIFFRACTION
4WSD	2.95	X-RAY DIFFRACTION
4WSM	3.3	X-RAY DIFFRACTION
4WT1	3.05	X-RAY DIFFRACTION
4WT8	3.4	X-RAY DIFFRACTION
4WTA	2.8	X-RAY DIFFRACTION
4WTC	2.75	X-RAY DIFFRACTION
4WTD	2.7	X-RAY DIFFRACTION
4WTE	2.9	X-RAY DIFFRACTION
4WTF	2.65	X-RAY DIFFRACTION
4WTG	2.9	X-RAY DIFFRACTION
4WTI	2.8	X-RAY DIFFRACTION
4WTJ	2.2	X-RAY DIFFRACTION
4WTK	2.5	X-RAY DIFFRACTION
4WTL	2.0	X-RAY DIFFRACTION
4WTM	2.15	X-RAY DIFFRACTION
4WU1	3.2	X-RAY DIFFRACTION
4WU4	2.3	X-RAY DIFFRACTION
4WU8	2.45	X-RAY DIFFRACTION
4WU9	2.6	X-RAY DIFFRACTION
4WUH	2.294	X-RAY DIFFRACTION
4WUL	2.4	X-RAY DIFFRACTION
4WUZ	2.38	X-RAY DIFFRACTION
4WWC	2.903	X-RAY DIFFRACTION
4WWW	3.1	X-RAY DIFFRACTION
4WX9	3.0	X-RAY DIFFRACTION
4WZD	3.1	X-RAY DIFFRACTION
4WZJ	3.6	X-RAY DIFFRACTION
4WZM	2.52	X-RAY DIFFRACTION
4WZO	3.3	X-RAY DIFFRACTION
4WZQ	2.8	X-RAY DIFFRACTION
4WZS	3.78	X-RAY DIFFRACTION
4WZW	2.9516	X-RAY DIFFRACTION
4X0A	3.505	X-RAY DIFFRACTION
4X0B	3.2	X-RAY DIFFRACTION
4X0G	3.2065	X-RAY DIFFRACTION
4X0P	3.911	X-RAY DIFFRACTION
4X0Q	3.9	X-RAY DIFFRACTION
4X18	1.05	X-RAY DIFFRACTION
4X1A	0.89	X-RAY DIFFRACTION
4X23	3.5	X-RAY DIFFRACTION
4X2B	2.94	X-RAY DIFFRACTION
4X4B	2.8	X-RAY DIFFRACTION
4X4C	2.8	X-RAY DIFFRACTION
4X4D	2.8	X-RAY DIFFRACTION
4X4E	2.8	X-RAY DIFFRACTION
4X4F	2.8	X-RAY DIFFRACTION
4X4G	2.8	X-RAY DIFFRACTION
4X4H	2.8	X-RAY DIFFRACTION
4X4I	2.8	X-RAY DIFFRACTION
4X4N	2.953	X-RAY DIFFRACTION
4X4O	3.201	X-RAY DIFFRACTION
4X4P	3.0	X-RAY DIFFRACTION
4X4Q	3.15	X-RAY DIFFRACTION
4X4R	3.202	X-RAY DIFFRACTION
4X4S	3.25	X-RAY DIFFRACTION
4X4T	2.5	X-RAY DIFFRACTION
4X4U	2.7	X-RAY DIFFRACTION
4X4V	2.6	X-RAY DIFFRACTION
4X5V	2.15	X-RAY DIFFRACTION
4X62	3.4492	X-RAY DIFFRACTION
4X64	3.35	X-RAY DIFFRACTION
4X65	3.345	X-RAY DIFFRACTION
4X66	3.446	X-RAY DIFFRACTION
4X67	4.1	X-RAY DIFFRACTION
4X6A	3.96	X-RAY DIFFRACTION
4X9E	3.1	X-RAY DIFFRACTION
4X9J	1.412	X-RAY DIFFRACTION
4XA5	1.9	X-RAY DIFFRACTION
4XBF	2.803	X-RAY DIFFRACTION
4XCO	2.9	X-RAY DIFFRACTION
4XEG	1.72	X-RAY DIFFRACTION
4XEJ	3.8	X-RAY DIFFRACTION
4XIC	2.69	X-RAY DIFFRACTION
4XID	2.701	X-RAY DIFFRACTION
4XIU	2.5	X-RAY DIFFRACTION
4XJN	3.11	X-RAY DIFFRACTION
4XK0	1.08	X-RAY DIFFRACTION
4XLN	4.0	X-RAY DIFFRACTION
4XLP	4.0	X-RAY DIFFRACTION
4XLQ	4.6	X-RAY DIFFRACTION
4XLR	4.3	X-RAY DIFFRACTION
4XLS	4.01	X-RAY DIFFRACTION
4XNO	1.985	X-RAY DIFFRACTION
4XNR	2.21	X-RAY DIFFRACTION
4XO0	1.7	X-RAY DIFFRACTION
4XPC	1.68	X-RAY DIFFRACTION
4XPE	1.78	X-RAY DIFFRACTION
4XQ8	2.798	X-RAY DIFFRACTION
4XQJ	1.9	X-RAY DIFFRACTION
4XQK	2.7	X-RAY DIFFRACTION
4XQN	2.3	X-RAY DIFFRACTION
4XQQ	3.05	X-RAY DIFFRACTION
4XQZ	2.151	X-RAY DIFFRACTION
4XR0	2.8	X-RAY DIFFRACTION
4XR1	2.4	X-RAY DIFFRACTION
4XR2	2.35	X-RAY DIFFRACTION
4XR3	2.7	X-RAY DIFFRACTION
4XRH	3.0	X-RAY DIFFRACTION
4XRM	1.6	X-RAY DIFFRACTION
4XRS	3.5	X-RAY DIFFRACTION
4XSN	1.452	X-RAY DIFFRACTION
4XUJ	3.18	X-RAY DIFFRACTION
4XUS	2.4	X-RAY DIFFRACTION
4XVI	3.1	X-RAY DIFFRACTION
4XVK	2.95	X-RAY DIFFRACTION
4XVL	3.301	X-RAY DIFFRACTION
4XVM	3.2	X-RAY DIFFRACTION
4XW0	1.81	X-RAY DIFFRACTION
4XW1	2.302	X-RAY DIFFRACTION
4XW7	2.5	X-RAY DIFFRACTION
4XWF	1.8	X-RAY DIFFRACTION
4XWW	1.7	X-RAY DIFFRACTION
4XXE	3.2	X-RAY DIFFRACTION
4XYQ	2.4	X-RAY DIFFRACTION
4XZF	1.38	X-RAY DIFFRACTION
4XZQ	2.4	X-RAY DIFFRACTION
4Y00	3.0	X-RAY DIFFRACTION
4Y0F	2.648	X-RAY DIFFRACTION
4Y1I	2.85	X-RAY DIFFRACTION
4Y1J	2.24	X-RAY DIFFRACTION
4Y1M	3.0	X-RAY DIFFRACTION
4Y1N	3.0	X-RAY DIFFRACTION
4Y1O	2.95	X-RAY DIFFRACTION
4Y27	0.998	X-RAY DIFFRACTION
4Y4O	2.3	X-RAY DIFFRACTION
4Y4P	2.5	X-RAY DIFFRACTION
4Y52	3.5	X-RAY DIFFRACTION
4Y5W	3.104	X-RAY DIFFRACTION
4Y60	1.75	X-RAY DIFFRACTION
4Y7N	3.3	X-RAY DIFFRACTION
4Y91	2.656	X-RAY DIFFRACTION
4YAZ	2.0	X-RAY DIFFRACTION
4YB0	2.121	X-RAY DIFFRACTION
4YB1	2.081	X-RAY DIFFRACTION
4YBB	2.1	X-RAY DIFFRACTION
4YCO	2.1	X-RAY DIFFRACTION
4YCP	2.55	X-RAY DIFFRACTION
4YCX	2.1	X-RAY DIFFRACTION
4YD1	1.75	X-RAY DIFFRACTION
4YD2	2.471	X-RAY DIFFRACTION
4YEW	2.683	X-RAY DIFFRACTION
4YEX	3.2	X-RAY DIFFRACTION
4YEY	3.354	X-RAY DIFFRACTION
4YF0	2.79	X-RAY DIFFRACTION
4YFH	3.49	X-RAY DIFFRACTION
4YFT	2.914	X-RAY DIFFRACTION
4YFU	1.5	X-RAY DIFFRACTION
4YG1	3.25	X-RAY DIFFRACTION
4YG4	3.5	X-RAY DIFFRACTION
4YG7	3.77	X-RAY DIFFRACTION
4YGI	2.6	X-RAY DIFFRACTION
4YHH	3.417	X-RAY DIFFRACTION
4YHW	3.25	X-RAY DIFFRACTION
4YHX	2.15	X-RAY DIFFRACTION
4YIG	2.7	X-RAY DIFFRACTION
4YIR	3.0501	X-RAY DIFFRACTION
4YIS	2.89	X-RAY DIFFRACTION
4YIT	3.24	X-RAY DIFFRACTION
4YJ0	3.814	X-RAY DIFFRACTION
4YKL	2.25	X-RAY DIFFRACTION
4YLN	5.5	X-RAY DIFFRACTION
4YLO	6.0	X-RAY DIFFRACTION
4YLP	5.5	X-RAY DIFFRACTION
4YM5	4.005	X-RAY DIFFRACTION
4YM6	3.514	X-RAY DIFFRACTION
4YMC	1.88	X-RAY DIFFRACTION
4YMM	2.199	X-RAY DIFFRACTION
4YMN	2.591	X-RAY DIFFRACTION
4YMO	2.148	X-RAY DIFFRACTION
4YN4	2.243	X-RAY DIFFRACTION
4YN6	2.301	X-RAY DIFFRACTION
4YNQ	2.8	X-RAY DIFFRACTION
4YO2	3.073	X-RAY DIFFRACTION
4YOE	1.92	X-RAY DIFFRACTION
4YOQ	2.21	X-RAY DIFFRACTION
4YOV	2.05	X-RAY DIFFRACTION
4YOW	2.5	X-RAY DIFFRACTION
4YOX	2.05	X-RAY DIFFRACTION
4YOY	1.95	X-RAY DIFFRACTION
4YP3	1.89	X-RAY DIFFRACTION
4YPB	3.4	X-RAY DIFFRACTION
4YPH	2.32	X-RAY DIFFRACTION
4YPR	2.59	X-RAY DIFFRACTION
4YQW	2.064	X-RAY DIFFRACTION
4YR0	1.78	X-RAY DIFFRACTION
4YR2	1.95	X-RAY DIFFRACTION
4YR3	2.0	X-RAY DIFFRACTION
4YRV	2.8	X-RAY DIFFRACTION
4YS3	3.0	X-RAY DIFFRACTION
4YS5	1.65	X-RAY DIFFRACTION
4YVI	3.01	X-RAY DIFFRACTION
4YVJ	2.9	X-RAY DIFFRACTION
4YVK	3.002	X-RAY DIFFRACTION
4YY3	3.6	X-RAY DIFFRACTION
4YYE	2.301	X-RAY DIFFRACTION
4YZV	3.1	X-RAY DIFFRACTION
4Z0C	2.3	X-RAY DIFFRACTION
4Z1X	2.8	X-RAY DIFFRACTION
4Z1Z	3.2	X-RAY DIFFRACTION
4Z20	3.2	X-RAY DIFFRACTION
4Z2C	3.19	X-RAY DIFFRACTION
4Z2D	3.38	X-RAY DIFFRACTION
4Z2E	3.46	X-RAY DIFFRACTION
4Z31	2.5	X-RAY DIFFRACTION
4Z3A	1.72	X-RAY DIFFRACTION
4Z3C	1.57	X-RAY DIFFRACTION
4Z3O	3.44	X-RAY DIFFRACTION
4Z3S	2.65	X-RAY DIFFRACTION
4Z47	1.45	X-RAY DIFFRACTION
4Z4B	1.9652	X-RAY DIFFRACTION
4Z4C	2.303	X-RAY DIFFRACTION
4Z4D	1.6	X-RAY DIFFRACTION
4Z4E	1.8	X-RAY DIFFRACTION
4Z4F	2.8	X-RAY DIFFRACTION
4Z4G	2.7	X-RAY DIFFRACTION
4Z4H	2.504	X-RAY DIFFRACTION
4Z4I	2.801	X-RAY DIFFRACTION
4Z4Q	3.04	X-RAY DIFFRACTION
4Z53	3.26	X-RAY DIFFRACTION
4Z58	2.5	X-RAY DIFFRACTION
4Z59	2.3	X-RAY DIFFRACTION
4Z5C	2.5	X-RAY DIFFRACTION
4Z5D	2.15	X-RAY DIFFRACTION
4Z5H	2.1	X-RAY DIFFRACTION
4Z5T	2.8	X-RAY DIFFRACTION
4Z66	2.5	X-RAY DIFFRACTION
4Z6C	2.677	X-RAY DIFFRACTION
4Z6D	2.51	X-RAY DIFFRACTION
4Z6E	2.752	X-RAY DIFFRACTION
4Z6F	2.444	X-RAY DIFFRACTION
4Z7B	2.02	X-RAY DIFFRACTION
4Z7K	3.0	X-RAY DIFFRACTION
4Z7L	3.503	X-RAY DIFFRACTION
4Z7Z	1.83	X-RAY DIFFRACTION
4Z8C	2.9	X-RAY DIFFRACTION
4Z8F	1.75	X-RAY DIFFRACTION
4Z92	3.1	X-RAY DIFFRACTION
4ZBN	2.447	X-RAY DIFFRACTION
4ZC7	3.041	X-RAY DIFFRACTION
4ZCF	2.6	X-RAY DIFFRACTION
4ZDO	2.65	X-RAY DIFFRACTION
4ZDP	2.703	X-RAY DIFFRACTION
4ZER	3.1	X-RAY DIFFRACTION
4ZHN	1.333	X-RAY DIFFRACTION
4ZKK	1.801	X-RAY DIFFRACTION
4ZLD	1.6	X-RAY DIFFRACTION
4ZLR	2.3	X-RAY DIFFRACTION
4ZM0	3.17	X-RAY DIFFRACTION
4ZM2	3.88	X-RAY DIFFRACTION
4ZNP	2.94	X-RAY DIFFRACTION
4ZPK	3.6	X-RAY DIFFRACTION
4ZPR	3.902	X-RAY DIFFRACTION
4ZQ9	2.6	X-RAY DIFFRACTION
4ZSF	1.8	X-RAY DIFFRACTION
4ZSN	3.6	X-RAY DIFFRACTION
4ZT0	2.9	X-RAY DIFFRACTION
4ZT9	3.1	X-RAY DIFFRACTION
4ZTF	2.7	X-RAY DIFFRACTION
4ZTJ	2.67	X-RAY DIFFRACTION
4ZTU	3.299	X-RAY DIFFRACTION
4ZTZ	3.442	X-RAY DIFFRACTION
4ZUX	3.82	X-RAY DIFFRACTION
4ZYD	2.682	X-RAY DIFFRACTION
4ZYM	2.53	X-RAY DIFFRACTION
5A0M	2.9	X-RAY DIFFRACTION
5A0T	2.283	X-RAY DIFFRACTION
5A0V	2.8	X-RAY DIFFRACTION
5A0W	2.2	X-RAY DIFFRACTION
5A17	\N	SOLUTION NMR
5A18	\N	SOLUTION NMR
5A2Q	3.9	ELECTRON MICROSCOPY
5A2T	5.6	ELECTRON MICROSCOPY
5A39	2.8	X-RAY DIFFRACTION
5A3D	1.8	X-RAY DIFFRACTION
5A72	2.6	X-RAY DIFFRACTION
5A74	2.5	X-RAY DIFFRACTION
5A77	2.5	X-RAY DIFFRACTION
5A78	2.5	X-RAY DIFFRACTION
5A79	4.1	ELECTRON MICROSCOPY
5A7A	4.1	ELECTRON MICROSCOPY
5A8L	3.8	ELECTRON MICROSCOPY
5A9Z	4.7	ELECTRON MICROSCOPY
5AA0	5.0	ELECTRON MICROSCOPY
5ADY	4.5	ELECTRON MICROSCOPY
5AFI	2.9	ELECTRON MICROSCOPY
5AH5	2.1	X-RAY DIFFRACTION
5AJ0	3.5	ELECTRON MICROSCOPY
5AJ3	3.6	ELECTRON MICROSCOPY
5AJ4	3.8	ELECTRON MICROSCOPY
5AK9	2.601	X-RAY DIFFRACTION
5AKA	5.7	ELECTRON MICROSCOPY
5AKF	2.45	X-RAY DIFFRACTION
5AKM	2.4	X-RAY DIFFRACTION
5AKN	2.75	X-RAY DIFFRACTION
5AMQ	3.0	X-RAY DIFFRACTION
5AMR	2.57	X-RAY DIFFRACTION
5AN9	3.3	ELECTRON MICROSCOPY
5ANA	2.25	X-RAY DIFFRACTION
5ANB	4.1	ELECTRON MICROSCOPY
5ANC	4.2	ELECTRON MICROSCOPY
5AOR	2.08	X-RAY DIFFRACTION
5AOX	2.04	X-RAY DIFFRACTION
5APN	3.91	ELECTRON MICROSCOPY
5APO	3.41	ELECTRON MICROSCOPY
5AV5	2.4	X-RAY DIFFRACTION
5AV6	2.2	X-RAY DIFFRACTION
5AV8	2.2	X-RAY DIFFRACTION
5AV9	2.2	X-RAY DIFFRACTION
5AVB	2.4	X-RAY DIFFRACTION
5AVC	2.4	X-RAY DIFFRACTION
5AWH	2.0	X-RAY DIFFRACTION
5AXE	0.95	X-RAY DIFFRACTION
5AXF	1.13	X-RAY DIFFRACTION
5AXM	2.21	X-RAY DIFFRACTION
5AXN	2.703	X-RAY DIFFRACTION
5AXW	2.7	X-RAY DIFFRACTION
5AY2	1.3	X-RAY DIFFRACTION
5AY3	1.2	X-RAY DIFFRACTION
5AY4	1.7	X-RAY DIFFRACTION
5AY8	2.8	X-RAY DIFFRACTION
5B0Y	2.557	X-RAY DIFFRACTION
5B0Z	1.987	X-RAY DIFFRACTION
5B1L	2.35	X-RAY DIFFRACTION
5B1M	2.34	X-RAY DIFFRACTION
5B24	3.6	X-RAY DIFFRACTION
5B2I	3.0	X-RAY DIFFRACTION
5B2J	2.6	X-RAY DIFFRACTION
5B2O	1.7	X-RAY DIFFRACTION
5B2P	1.7	X-RAY DIFFRACTION
5B2Q	1.7	X-RAY DIFFRACTION
5B2R	2.0	X-RAY DIFFRACTION
5B2S	2.2	X-RAY DIFFRACTION
5B2T	2.2	X-RAY DIFFRACTION
5B31	2.2	X-RAY DIFFRACTION
5B32	2.35	X-RAY DIFFRACTION
5B33	2.925	X-RAY DIFFRACTION
5B40	3.33	X-RAY DIFFRACTION
5B43	2.8	X-RAY DIFFRACTION
5B63	3.0	X-RAY DIFFRACTION
5B7J	\N	SOLUTION NMR
5B81	\N	SOLUTION NMR
5BJO	2.35	X-RAY DIFFRACTION
5BJP	2.51	X-RAY DIFFRACTION
5BK4	3.9	ELECTRON MICROSCOPY
5BKL	2.94	X-RAY DIFFRACTION
5BKN	3.0	X-RAY DIFFRACTION
5BMZ	3.001	X-RAY DIFFRACTION
5BNA	2.6	X-RAY DIFFRACTION
5BNG	3.5	X-RAY DIFFRACTION
5BNH	1.7	X-RAY DIFFRACTION
5BOL	1.981	X-RAY DIFFRACTION
5BOM	2.0002	X-RAY DIFFRACTION
5BOX	2.5	X-RAY DIFFRACTION
5BPC	2.0	X-RAY DIFFRACTION
5BPD	2.4	X-RAY DIFFRACTION
5BPI	3.198	X-RAY DIFFRACTION
5BR8	3.4	X-RAY DIFFRACTION
5BS3	2.65	X-RAY DIFFRACTION
5BS8	2.399	X-RAY DIFFRACTION
5BT2	2.2	X-RAY DIFFRACTION
5BTA	2.55	X-RAY DIFFRACTION
5BTC	2.55	X-RAY DIFFRACTION
5BTD	2.497	X-RAY DIFFRACTION
5BTE	2.4	X-RAY DIFFRACTION
5BTF	2.61	X-RAY DIFFRACTION
5BTG	2.5	X-RAY DIFFRACTION
5BTI	2.501	X-RAY DIFFRACTION
5BTL	2.5	X-RAY DIFFRACTION
5BTM	2.778	X-RAY DIFFRACTION
5BTN	2.5	X-RAY DIFFRACTION
5BTP	2.816	X-RAY DIFFRACTION
5BUA	1.812	X-RAY DIFFRACTION
5BUD	1.99	X-RAY DIFFRACTION
5BXW	2.15	X-RAY DIFFRACTION
5BYG	2.5	X-RAY DIFFRACTION
5BYM	2.708	X-RAY DIFFRACTION
5BZ1	2.15	X-RAY DIFFRACTION
5BZ5	2.8	X-RAY DIFFRACTION
5BZ7	2.03	X-RAY DIFFRACTION
5BZ9	2.1	X-RAY DIFFRACTION
5BZU	2.501	X-RAY DIFFRACTION
5BZV	2.354	X-RAY DIFFRACTION
5BZY	2.4	X-RAY DIFFRACTION
5C0W	4.6	X-RAY DIFFRACTION
5C0X	3.812	X-RAY DIFFRACTION
5C0Y	2.1	X-RAY DIFFRACTION
5C3E	3.7	X-RAY DIFFRACTION
5C44	3.95	X-RAY DIFFRACTION
5C45	2.93	X-RAY DIFFRACTION
5C4A	4.2	X-RAY DIFFRACTION
5C4J	4.0	X-RAY DIFFRACTION
5C4X	4.0	X-RAY DIFFRACTION
5C51	3.426	X-RAY DIFFRACTION
5C52	3.637	X-RAY DIFFRACTION
5C53	3.567	X-RAY DIFFRACTION
5C5J	2.1	X-RAY DIFFRACTION
5C5W	1.25	X-RAY DIFFRACTION
5C7U	3.05	X-RAY DIFFRACTION
5C7W	3.22	X-RAY DIFFRACTION
5C8E	3.89	X-RAY DIFFRACTION
5C9H	3.0	X-RAY DIFFRACTION
5CA7	2.522	X-RAY DIFFRACTION
5CBX	2.0	X-RAY DIFFRACTION
5CBY	1.997	X-RAY DIFFRACTION
5CBZ	2.2	X-RAY DIFFRACTION
5CC0	2.405	X-RAY DIFFRACTION
5CC1	2.302	X-RAY DIFFRACTION
5CCB	2.0	X-RAY DIFFRACTION
5CCW	1.89	X-RAY DIFFRACTION
5CCX	2.1	X-RAY DIFFRACTION
5CD1	3.6	X-RAY DIFFRACTION
5CD4	3.2	X-RAY DIFFRACTION
5CDB	1.7	X-RAY DIFFRACTION
5CDM	2.5	X-RAY DIFFRACTION
5CDN	2.79	X-RAY DIFFRACTION
5CDO	3.15	X-RAY DIFFRACTION
5CDP	2.45	X-RAY DIFFRACTION
5CDQ	2.95	X-RAY DIFFRACTION
5CDR	2.65	X-RAY DIFFRACTION
5CG8	2.702	X-RAY DIFFRACTION
5CG9	2.693	X-RAY DIFFRACTION
5CH0	1.4	X-RAY DIFFRACTION
5CHG	2.9	X-RAY DIFFRACTION
5CHI	2.472	X-RAY DIFFRACTION
5CHZ	1.83	X-RAY DIFFRACTION
5CIY	1.594	X-RAY DIFFRACTION
5CIZ	5.0098	X-RAY DIFFRACTION
5CJ7	2.901	X-RAY DIFFRACTION
5CJY	1.55	X-RAY DIFFRACTION
5CKI	2.985	X-RAY DIFFRACTION
5CKK	2.801	X-RAY DIFFRACTION
5CKY	2.62	X-RAY DIFFRACTION
5CL3	1.971	X-RAY DIFFRACTION
5CL4	1.866	X-RAY DIFFRACTION
5CL5	1.569	X-RAY DIFFRACTION
5CL6	1.541	X-RAY DIFFRACTION
5CL7	1.44	X-RAY DIFFRACTION
5CL8	1.38	X-RAY DIFFRACTION
5CL9	1.538	X-RAY DIFFRACTION
5CLA	1.541	X-RAY DIFFRACTION
5CLB	1.766	X-RAY DIFFRACTION
5CLC	1.729	X-RAY DIFFRACTION
5CLD	1.541	X-RAY DIFFRACTION
5CLE	1.73	X-RAY DIFFRACTION
5CLV	2.5	X-RAY DIFFRACTION
5CM3	2.302	X-RAY DIFFRACTION
5CMX	2.98	X-RAY DIFFRACTION
5CNQ	2.602	X-RAY DIFFRACTION
5CNR	2.59	X-RAY DIFFRACTION
5CO0	2.65	X-RAY DIFFRACTION
5CO8	2.4	X-RAY DIFFRACTION
5CP2	2.36	X-RAY DIFFRACTION
5CP6	2.6	X-RAY DIFFRACTION
5CPI	2.902	X-RAY DIFFRACTION
5CPJ	3.15	X-RAY DIFFRACTION
5CPK	2.632	X-RAY DIFFRACTION
5CQQ	3.1	X-RAY DIFFRACTION
5CR0	2.75	X-RAY DIFFRACTION
5CR2	2.9	X-RAY DIFFRACTION
5CRJ	2.59	X-RAY DIFFRACTION
5CRK	2.48	X-RAY DIFFRACTION
5CRX	2.7	X-RAY DIFFRACTION
5CV2	2.693	X-RAY DIFFRACTION
5CWR	2.5	X-RAY DIFFRACTION
5CY1	3.4	X-RAY DIFFRACTION
5CY2	4.0	X-RAY DIFFRACTION
5CYS	2.45	X-RAY DIFFRACTION
5CZP	3.2999592266	X-RAY DIFFRACTION
5CZZ	2.6	X-RAY DIFFRACTION
5D0A	2.1	X-RAY DIFFRACTION
5D0B	2.645	X-RAY DIFFRACTION
5D23	1.95	X-RAY DIFFRACTION
5D2Q	2.4	X-RAY DIFFRACTION
5D2S	2.2	X-RAY DIFFRACTION
5D39	3.2	X-RAY DIFFRACTION
5D3G	2.3	X-RAY DIFFRACTION
5D46	2.8	X-RAY DIFFRACTION
5D49	1.99	X-RAY DIFFRACTION
5D4B	2.66	X-RAY DIFFRACTION
5D4C	3.28	X-RAY DIFFRACTION
5D4D	3.0	X-RAY DIFFRACTION
5D4E	3.08	X-RAY DIFFRACTION
5D4R	2.07	X-RAY DIFFRACTION
5D4S	1.972	X-RAY DIFFRACTION
5D5L	2.5	X-RAY DIFFRACTION
5D5U	2.91	X-RAY DIFFRACTION
5D5V	2.55	X-RAY DIFFRACTION
5D5W	2.35	X-RAY DIFFRACTION
5D5X	2.4	X-RAY DIFFRACTION
5D6G	3.3	X-RAY DIFFRACTION
5D8B	3.63	X-RAY DIFFRACTION
5D8C	2.25	X-RAY DIFFRACTION
5D8F	2.35	X-RAY DIFFRACTION
5D8H	2.8	X-RAY DIFFRACTION
5D8K	1.728	X-RAY DIFFRACTION
5D8L	2.069	X-RAY DIFFRACTION
5D8T	1.2	X-RAY DIFFRACTION
5D99	0.97	X-RAY DIFFRACTION
5D9I	1.7	X-RAY DIFFRACTION
5D9Y	1.971	X-RAY DIFFRACTION
5DA6	1.05	X-RAY DIFFRACTION
5DAC	2.503	X-RAY DIFFRACTION
5DAM	1.95	X-RAY DIFFRACTION
5DAR	2.9	X-RAY DIFFRACTION
5DAT	3.15	X-RAY DIFFRACTION
5DB6	2.83	X-RAY DIFFRACTION
5DB7	2.209	X-RAY DIFFRACTION
5DB8	2.547	X-RAY DIFFRACTION
5DB9	2.45	X-RAY DIFFRACTION
5DBA	1.965	X-RAY DIFFRACTION
5DBB	2.25	X-RAY DIFFRACTION
5DBC	2.402	X-RAY DIFFRACTION
5DC3	3.25	X-RAY DIFFRACTION
5DCV	3.401	X-RAY DIFFRACTION
5DDG	3.06	X-RAY DIFFRACTION
5DDM	2.802	X-RAY DIFFRACTION
5DDO	3.1	X-RAY DIFFRACTION
5DDP	2.302	X-RAY DIFFRACTION
5DDQ	2.4	X-RAY DIFFRACTION
5DDR	2.605	X-RAY DIFFRACTION
5DE5	3.0011	X-RAY DIFFRACTION
5DE8	3.1003	X-RAY DIFFRACTION
5DEA	2.7973	X-RAY DIFFRACTION
5DEK	1.993	X-RAY DIFFRACTION
5DER	1.8	X-RAY DIFFRACTION
5DET	1.95	X-RAY DIFFRACTION
5DEU	1.801	X-RAY DIFFRACTION
5DEV	1.71	X-RAY DIFFRACTION
5DFE	3.09997551079	X-RAY DIFFRACTION
5DFF	1.57	X-RAY DIFFRACTION
5DFH	1.949	X-RAY DIFFRACTION
5DFI	1.63	X-RAY DIFFRACTION
5DFJ	1.85	X-RAY DIFFRACTION
5DG0	1.8	X-RAY DIFFRACTION
5DG7	2.26	X-RAY DIFFRACTION
5DG8	2.12	X-RAY DIFFRACTION
5DG9	2.15	X-RAY DIFFRACTION
5DGA	2.3	X-RAY DIFFRACTION
5DGB	1.79	X-RAY DIFFRACTION
5DGE	3.45	X-RAY DIFFRACTION
5DGF	3.3	X-RAY DIFFRACTION
5DGV	3.1	X-RAY DIFFRACTION
5DH6	2.784	X-RAY DIFFRACTION
5DH7	3.064	X-RAY DIFFRACTION
5DH8	3.297	X-RAY DIFFRACTION
5DHB	1.8	X-RAY DIFFRACTION
5DHC	1.55	X-RAY DIFFRACTION
5DI2	2.989	X-RAY DIFFRACTION
5DI4	2.948	X-RAY DIFFRACTION
5DKW	2.689	X-RAY DIFFRACTION
5DLF	1.97	X-RAY DIFFRACTION
5DLG	2.351	X-RAY DIFFRACTION
5DLJ	2.6	X-RAY DIFFRACTION
5DLO	1.401	X-RAY DIFFRACTION
5DM6	2.9	X-RAY DIFFRACTION
5DM7	3.0	X-RAY DIFFRACTION
5DNB	1.4	X-RAY DIFFRACTION
5DNM	2.81	X-RAY DIFFRACTION
5DNN	2.8	X-RAY DIFFRACTION
5DNO	1.8	X-RAY DIFFRACTION
5DNY	3.11	X-RAY DIFFRACTION
5DO4	1.859	X-RAY DIFFRACTION
5DO5	1.2	X-RAY DIFFRACTION
5DOX	3.1	X-RAY DIFFRACTION
5DOY	2.6	X-RAY DIFFRACTION
5DQG	2.29	X-RAY DIFFRACTION
5DQH	1.99	X-RAY DIFFRACTION
5DQI	2.3	X-RAY DIFFRACTION
5DQK	2.707	X-RAY DIFFRACTION
5DQT	3.1	X-RAY DIFFRACTION
5DQU	4.5	X-RAY DIFFRACTION
5DQZ	2.7	X-RAY DIFFRACTION
5DS4	3.2	X-RAY DIFFRACTION
5DS5	2.951	X-RAY DIFFRACTION
5DS6	3.352	X-RAY DIFFRACTION
5DS9	2.561	X-RAY DIFFRACTION
5DSA	1.6896	X-RAY DIFFRACTION
5DSB	1.4959	X-RAY DIFFRACTION
5DTD	2.642	X-RAY DIFFRACTION
5DTO	2.603	X-RAY DIFFRACTION
5DUI	2.306	X-RAY DIFFRACTION
5DUN	2.64	X-RAY DIFFRACTION
5DV7	3.5	X-RAY DIFFRACTION
5DWA	1.5	X-RAY DIFFRACTION
5DWB	2.4	X-RAY DIFFRACTION
5DWW	2.79	X-RAY DIFFRACTION
5DWX	2.71	X-RAY DIFFRACTION
5DY0	3.0	X-RAY DIFFRACTION
5E01	2.3	X-RAY DIFFRACTION
5E02	3.8	X-RAY DIFFRACTION
5E08	2.38	X-RAY DIFFRACTION
5E17	3.2	X-RAY DIFFRACTION
5E18	3.3	X-RAY DIFFRACTION
5E24	2.14	X-RAY DIFFRACTION
5E36	1.6	X-RAY DIFFRACTION
5E3H	2.7	X-RAY DIFFRACTION
5E3L	2.66	X-RAY DIFFRACTION
5E3M	2.886	X-RAY DIFFRACTION
5E3N	2.66	X-RAY DIFFRACTION
5E3O	2.78	X-RAY DIFFRACTION
5E41	1.8	X-RAY DIFFRACTION
5E54	2.3	X-RAY DIFFRACTION
5E5A	2.809	X-RAY DIFFRACTION
5E5O	2.36	X-RAY DIFFRACTION
5E5S	2.29	X-RAY DIFFRACTION
5E63	2.6	X-RAY DIFFRACTION
5E67	2.2	X-RAY DIFFRACTION
5E69	1.85	X-RAY DIFFRACTION
5E6A	2.197	X-RAY DIFFRACTION
5E6B	2.25	X-RAY DIFFRACTION
5E6C	2.2	X-RAY DIFFRACTION
5E6D	2.4	X-RAY DIFFRACTION
5E6M	2.927	X-RAY DIFFRACTION
5E7K	3.2	X-RAY DIFFRACTION
5E81	2.95	X-RAY DIFFRACTION
5E8I	3.45	X-RAY DIFFRACTION
5EAN	2.36	X-RAY DIFFRACTION
5EAO	2.988	X-RAY DIFFRACTION
5EAQ	3.201	X-RAY DIFFRACTION
5EAX	3.05	X-RAY DIFFRACTION
5EBI	1.09	X-RAY DIFFRACTION
5ED1	2.77	X-RAY DIFFRACTION
5ED2	2.95	X-RAY DIFFRACTION
5ED4	2.4	X-RAY DIFFRACTION
5EDN	3.2	X-RAY DIFFRACTION
5EDW	2.62	X-RAY DIFFRACTION
5EEA	2.195	X-RAY DIFFRACTION
5EEU	1.98	X-RAY DIFFRACTION
5EEV	1.98	X-RAY DIFFRACTION
5EEW	1.98	X-RAY DIFFRACTION
5EEX	1.98	X-RAY DIFFRACTION
5EEY	1.98	X-RAY DIFFRACTION
5EEZ	1.98	X-RAY DIFFRACTION
5EF0	1.98	X-RAY DIFFRACTION
5EF1	1.98	X-RAY DIFFRACTION
5EF2	1.98	X-RAY DIFFRACTION
5EF3	1.98	X-RAY DIFFRACTION
5EF6	3.0	X-RAY DIFFRACTION
5EG0	3.101	X-RAY DIFFRACTION
5EG6	2.094	X-RAY DIFFRACTION
5EGB	1.977	X-RAY DIFFRACTION
5EGO	2.54	X-RAY DIFFRACTION
5EH2	2.05	X-RAY DIFFRACTION
5EI9	1.921	X-RAY DIFFRACTION
5EIM	1.54	X-RAY DIFFRACTION
5EIX	3.35	X-RAY DIFFRACTION
5EJK	3.8	X-RAY DIFFRACTION
5EL4	3.15	X-RAY DIFFRACTION
5EL5	3.15	X-RAY DIFFRACTION
5EL6	3.1	X-RAY DIFFRACTION
5EL7	3.15	X-RAY DIFFRACTION
5ELH	1.8	X-RAY DIFFRACTION
5ELK	2.3	X-RAY DIFFRACTION
5ELR	2.3	X-RAY DIFFRACTION
5ELS	2.873	X-RAY DIFFRACTION
5ELT	2.13	X-RAY DIFFRACTION
5ELX	1.81	X-RAY DIFFRACTION
5EMC	2.3	X-RAY DIFFRACTION
5EME	1.15	X-RAY DIFFRACTION
5EMF	1.14	X-RAY DIFFRACTION
5EMO	3.03	X-RAY DIFFRACTION
5EMP	2.3	X-RAY DIFFRACTION
5EMQ	2.3	X-RAY DIFFRACTION
5EN1	2.58	X-RAY DIFFRACTION
5EOS	4.7	X-RAY DIFFRACTION
5EOZ	2.088	X-RAY DIFFRACTION
5EPI	4.1	X-RAY DIFFRACTION
5ESP	2.995	X-RAY DIFFRACTION
5ET2	1.39	X-RAY DIFFRACTION
5ET9	1.83	X-RAY DIFFRACTION
5EV1	2.037	X-RAY DIFFRACTION
5EV2	1.86	X-RAY DIFFRACTION
5EV3	1.5	X-RAY DIFFRACTION
5EV4	1.57	X-RAY DIFFRACTION
5EW1	2.95	X-RAY DIFFRACTION
5EW2	3.59	X-RAY DIFFRACTION
5EW4	1.47	X-RAY DIFFRACTION
5EW7	1.75	X-RAY DIFFRACTION
5EWB	1.694	X-RAY DIFFRACTION
5EWE	1.66	X-RAY DIFFRACTION
5EWF	1.782	X-RAY DIFFRACTION
5EWG	1.75	X-RAY DIFFRACTION
5EX7	2.6	X-RAY DIFFRACTION
5EXH	1.3	X-RAY DIFFRACTION
5EYB	2.7	X-RAY DIFFRACTION
5EYO	2.39	X-RAY DIFFRACTION
5EYQ	2.3	X-RAY DIFFRACTION
5EZF	1.65	X-RAY DIFFRACTION
5F0Q	2.21	X-RAY DIFFRACTION
5F0S	3.0	X-RAY DIFFRACTION
5F26	3.0	X-RAY DIFFRACTION
5F3W	3.11	X-RAY DIFFRACTION
5F55	2.6	X-RAY DIFFRACTION
5F56	2.3	X-RAY DIFFRACTION
5F5F	3.0	X-RAY DIFFRACTION
5F5H	2.23	X-RAY DIFFRACTION
5F6C	3.002	X-RAY DIFFRACTION
5F7Q	2.4	X-RAY DIFFRACTION
5F8A	1.76	X-RAY DIFFRACTION
5F8G	2.78	X-RAY DIFFRACTION
5F8H	2.45	X-RAY DIFFRACTION
5F8I	2.503	X-RAY DIFFRACTION
5F8J	2.675	X-RAY DIFFRACTION
5F8K	2.8	X-RAY DIFFRACTION
5F8L	2.812	X-RAY DIFFRACTION
5F8M	2.83	X-RAY DIFFRACTION
5F8N	2.484	X-RAY DIFFRACTION
5F98	3.28	X-RAY DIFFRACTION
5F99	2.63	X-RAY DIFFRACTION
5F9F	2.601	X-RAY DIFFRACTION
5F9H	3.1	X-RAY DIFFRACTION
5F9I	3.0	X-RAY DIFFRACTION
5F9L	2.592	X-RAY DIFFRACTION
5F9N	2.23	X-RAY DIFFRACTION
5F9R	3.4	X-RAY DIFFRACTION
5FB2	1.8	X-RAY DIFFRACTION
5FCI	3.4	X-RAY DIFFRACTION
5FCJ	3.1	X-RAY DIFFRACTION
5FD3	2.42	X-RAY DIFFRACTION
5FDK	3.208	X-RAY DIFFRACTION
5FDU	2.9	X-RAY DIFFRACTION
5FDV	2.8	X-RAY DIFFRACTION
5FF8	1.7	X-RAY DIFFRACTION
5FFJ	2.84	X-RAY DIFFRACTION
5FGP	2.0	X-RAY DIFFRACTION
5FHD	2.0	X-RAY DIFFRACTION
5FHE	2.9	X-RAY DIFFRACTION
5FHJ	1.68	X-RAY DIFFRACTION
5FHL	1.791	X-RAY DIFFRACTION
5FJ0	2.2	X-RAY DIFFRACTION
5FJ1	2.75	X-RAY DIFFRACTION
5FJ4	2.95	X-RAY DIFFRACTION
5FJ8	3.9	ELECTRON MICROSCOPY
5FJC	1.71	X-RAY DIFFRACTION
5FK1	2.5	X-RAY DIFFRACTION
5FK2	2.6	X-RAY DIFFRACTION
5FK3	2.5	X-RAY DIFFRACTION
5FK4	2.43	X-RAY DIFFRACTION
5FK5	3.315	X-RAY DIFFRACTION
5FK6	2.5	X-RAY DIFFRACTION
5FKD	3.0	X-RAY DIFFRACTION
5FKE	2.8	X-RAY DIFFRACTION
5FKF	2.8	X-RAY DIFFRACTION
5FKG	2.95	X-RAY DIFFRACTION
5FKH	2.65	X-RAY DIFFRACTION
5FKV	8.04	ELECTRON MICROSCOPY
5FKW	7.3	ELECTRON MICROSCOPY
5FLM	3.4	ELECTRON MICROSCOPY
5FLV	3.005	X-RAY DIFFRACTION
5FLX	3.9	ELECTRON MICROSCOPY
5FMF	6.0	ELECTRON MICROSCOPY
5FMP	2.26	X-RAY DIFFRACTION
5FMZ	3.4	X-RAY DIFFRACTION
5FN1	3.9	ELECTRON MICROSCOPY
5FQ5	2.136	X-RAY DIFFRACTION
5FRM	2.58	X-RAY DIFFRACTION
5FRN	2.85	X-RAY DIFFRACTION
5FRO	2.67	X-RAY DIFFRACTION
5FTE	3.19	X-RAY DIFFRACTION
5FUR	8.5	ELECTRON MICROSCOPY
5FVC	4.17	X-RAY DIFFRACTION
5FW1	2.499	X-RAY DIFFRACTION
5FW2	2.676	X-RAY DIFFRACTION
5FW3	2.7	X-RAY DIFFRACTION
5FYW	4.35	ELECTRON MICROSCOPY
5FZ5	8.8	ELECTRON MICROSCOPY
5G2X	3.8	ELECTRON MICROSCOPY
5G2Y	4.5	ELECTRON MICROSCOPY
5G32	2.2	X-RAY DIFFRACTION
5G33	2.4	X-RAY DIFFRACTION
5G34	1.9	X-RAY DIFFRACTION
5G35	2.0	X-RAY DIFFRACTION
5G4T	2.751	X-RAY DIFFRACTION
5G4U	2.65	X-RAY DIFFRACTION
5G4V	2.87	X-RAY DIFFRACTION
5G5T	2.85	X-RAY DIFFRACTION
5GAD	3.7	ELECTRON MICROSCOPY
5GAE	3.33	ELECTRON MICROSCOPY
5GAF	4.3	ELECTRON MICROSCOPY
5GAG	3.8	ELECTRON MICROSCOPY
5GAH	3.8	ELECTRON MICROSCOPY
5GAK	3.88	ELECTRON MICROSCOPY
5GAM	3.7	ELECTRON MICROSCOPY
5GAN	3.7	ELECTRON MICROSCOPY
5GAO	4.2	ELECTRON MICROSCOPY
5GAP	3.6	ELECTRON MICROSCOPY
5GAT	\N	SOLUTION NMR
5GIN	3.308	X-RAY DIFFRACTION
5GIO	3.604	X-RAY DIFFRACTION
5GIP	3.129	X-RAY DIFFRACTION
5GJB	1.702	X-RAY DIFFRACTION
5GKE	2.4	X-RAY DIFFRACTION
5GKF	2.8	X-RAY DIFFRACTION
5GKG	2.6	X-RAY DIFFRACTION
5GKH	2.9	X-RAY DIFFRACTION
5GKI	2.9	X-RAY DIFFRACTION
5GKP	2.3	X-RAY DIFFRACTION
5GKR	2.1	X-RAY DIFFRACTION
5GM6	3.5	ELECTRON MICROSCOPY
5GMF	2.5	X-RAY DIFFRACTION
5GMG	2.6	X-RAY DIFFRACTION
5GMK	3.4	ELECTRON MICROSCOPY
5GNJ	2.7	X-RAY DIFFRACTION
5GPC	2.8	X-RAY DIFFRACTION
5GQ9	2.7	X-RAY DIFFRACTION
5GSE	3.14	X-RAY DIFFRACTION
5GSK	1.05	X-RAY DIFFRACTION
5GSU	3.1	X-RAY DIFFRACTION
5GT0	2.82	X-RAY DIFFRACTION
5GT3	2.91	X-RAY DIFFRACTION
5GTC	2.7	X-RAY DIFFRACTION
5GUH	2.4	X-RAY DIFFRACTION
5GUN	2.588	X-RAY DIFFRACTION
5GWI	2.737	X-RAY DIFFRACTION
5GWJ	2.566	X-RAY DIFFRACTION
5GWK	3.152	X-RAY DIFFRACTION
5GWL	\N	SOLUTION NMR
5GWQ	\N	SOLUTION NMR
5GXH	1.8	X-RAY DIFFRACTION
5GXI	1.85	X-RAY DIFFRACTION
5GXQ	2.85	X-RAY DIFFRACTION
5GZB	2.704	X-RAY DIFFRACTION
5H0R	3.9	ELECTRON MICROSCOPY
5H1B	4.4	ELECTRON MICROSCOPY
5H1C	4.5	ELECTRON MICROSCOPY
5H1K	1.9	X-RAY DIFFRACTION
5H1L	2.1	X-RAY DIFFRACTION
5H1S	3.5	ELECTRON MICROSCOPY
5H3R	2.67	X-RAY DIFFRACTION
5H3U	2.499	X-RAY DIFFRACTION
5H4P	3.07	ELECTRON MICROSCOPY
5H58	3.991	X-RAY DIFFRACTION
5H5U	3.01	ELECTRON MICROSCOPY
5H8W	2.2	X-RAY DIFFRACTION
5H9E	3.21	X-RAY DIFFRACTION
5H9F	2.45	X-RAY DIFFRACTION
5HAB	2.3	X-RAY DIFFRACTION
5HAU	3.0	X-RAY DIFFRACTION
5HAW	1.89	X-RAY DIFFRACTION
5HBU	2.6	X-RAY DIFFRACTION
5HBW	1.9	X-RAY DIFFRACTION
5HBX	1.7	X-RAY DIFFRACTION
5HBY	1.18	X-RAY DIFFRACTION
5HC9	2.9	X-RAY DIFFRACTION
5HCH	2.9	X-RAY DIFFRACTION
5HCP	2.894	X-RAY DIFFRACTION
5HCQ	2.801	X-RAY DIFFRACTION
5HCR	2.8	X-RAY DIFFRACTION
5HD1	2.7	X-RAY DIFFRACTION
5HDN	1.68	X-RAY DIFFRACTION
5HF7	1.54	X-RAY DIFFRACTION
5HHH	2.363	X-RAY DIFFRACTION
5HHI	2.517	X-RAY DIFFRACTION
5HIX	2.48	X-RAY DIFFRACTION
5HJZ	1.976	X-RAY DIFFRACTION
5HK0	2.25	X-RAY DIFFRACTION
5HK3	1.56	X-RAY DIFFRACTION
5HKC	1.68	X-RAY DIFFRACTION
5HKV	3.66	X-RAY DIFFRACTION
5HL7	3.55	X-RAY DIFFRACTION
5HLF	2.95	X-RAY DIFFRACTION
5HLG	3.0	X-RAY DIFFRACTION
5HLH	3.0	X-RAY DIFFRACTION
5HLK	2.0	X-RAY DIFFRACTION
5HLT	2.672	X-RAY DIFFRACTION
5HN2	1.5	X-RAY DIFFRACTION
5HNF	1.546	X-RAY DIFFRACTION
5HNH	1.876	X-RAY DIFFRACTION
5HNJ	1.24	X-RAY DIFFRACTION
5HNK	2.22	X-RAY DIFFRACTION
5HNQ	2.4	X-RAY DIFFRACTION
5HO4	1.85	X-RAY DIFFRACTION
5HOD	2.682	X-RAY DIFFRACTION
5HOO	3.3	X-RAY DIFFRACTION
5HP1	2.9	X-RAY DIFFRACTION
5HP2	2.983	X-RAY DIFFRACTION
5HP3	3.091	X-RAY DIFFRACTION
5HP4	1.86	X-RAY DIFFRACTION
5HQ2	4.5	X-RAY DIFFRACTION
5HQF	\N	SOLUTION NMR
5HQQ	\N	SOLUTION NMR
5HR4	2.5964	X-RAY DIFFRACTION
5HR6	2.88	X-RAY DIFFRACTION
5HR7	2.4	X-RAY DIFFRACTION
5HR9	2.2	X-RAY DIFFRACTION
5HRB	1.7	X-RAY DIFFRACTION
5HRD	1.8	X-RAY DIFFRACTION
5HRE	1.75	X-RAY DIFFRACTION
5HRF	2.25	X-RAY DIFFRACTION
5HRG	2.0	X-RAY DIFFRACTION
5HRH	3.0	X-RAY DIFFRACTION
5HRI	2.2	X-RAY DIFFRACTION
5HRK	2.9	X-RAY DIFFRACTION
5HRL	2.4	X-RAY DIFFRACTION
5HRO	2.75	X-RAY DIFFRACTION
5HRT	1.997	X-RAY DIFFRACTION
5HRU	1.71	X-RAY DIFFRACTION
5HSO	2.5	X-RAY DIFFRACTION
5HSW	3.3	X-RAY DIFFRACTION
5HT2	1.43	X-RAY DIFFRACTION
5HTO	1.9	X-RAY DIFFRACTION
5I2D	4.405	X-RAY DIFFRACTION
5I2V	\N	SOLUTION NMR
5I36	5.123	X-RAY DIFFRACTION
5I3U	3.0	X-RAY DIFFRACTION
5I42	3.3	X-RAY DIFFRACTION
5I44	2.621	X-RAY DIFFRACTION
5I4A	1.949	X-RAY DIFFRACTION
5I4L	3.1	X-RAY DIFFRACTION
5I4S	2.46	X-RAY DIFFRACTION
5I50	2.701	X-RAY DIFFRACTION
5I6Q	4.912	X-RAY DIFFRACTION
5I6T	5.283	X-RAY DIFFRACTION
5I8Q	4.2	X-RAY DIFFRACTION
5I9D	2.596	X-RAY DIFFRACTION
5I9F	2.194	X-RAY DIFFRACTION
5I9G	2.288	X-RAY DIFFRACTION
5I9H	2.504	X-RAY DIFFRACTION
5IB7	2.99	X-RAY DIFFRACTION
5IB8	3.13	X-RAY DIFFRACTION
5IBB	2.96	X-RAY DIFFRACTION
5ID6	2.382	X-RAY DIFFRACTION
5IEM	\N	SOLUTION NMR
5IFF	1.9	X-RAY DIFFRACTION
5IHD	1.57	X-RAY DIFFRACTION
5III	1.8	X-RAY DIFFRACTION
5IIJ	1.724	X-RAY DIFFRACTION
5IIK	1.982	X-RAY DIFFRACTION
5IIL	1.96	X-RAY DIFFRACTION
5IIM	1.941	X-RAY DIFFRACTION
5IIN	2.15	X-RAY DIFFRACTION
5IIO	2.08	X-RAY DIFFRACTION
5IMQ	3.8	ELECTRON MICROSCOPY
5IMR	5.7	ELECTRON MICROSCOPY
5INK	2.15	X-RAY DIFFRACTION
5INL	1.551	X-RAY DIFFRACTION
5INO	3.205	X-RAY DIFFRACTION
5INP	1.947	X-RAY DIFFRACTION
5INQ	1.848	X-RAY DIFFRACTION
5IP2	3.3	X-RAY DIFFRACTION
5IP3	3.0	X-RAY DIFFRACTION
5IP8	1.76	X-RAY DIFFRACTION
5IPL	3.6	X-RAY DIFFRACTION
5IPM	4.2	X-RAY DIFFRACTION
5IPN	4.61	X-RAY DIFFRACTION
5IQR	3.0	ELECTRON MICROSCOPY
5IT7	3.6	ELECTRON MICROSCOPY
5IT8	3.12	X-RAY DIFFRACTION
5IT9	3.8	ELECTRON MICROSCOPY
5ITH	2.31	X-RAY DIFFRACTION
5ITR	2.46	X-RAY DIFFRACTION
5ITT	2.53	X-RAY DIFFRACTION
5ITU	2.41	X-RAY DIFFRACTION
5ITX	2.65	X-RAY DIFFRACTION
5ITY	2.48	X-RAY DIFFRACTION
5IU5	1.9	X-RAY DIFFRACTION
5IUD	3.3	X-RAY DIFFRACTION
5IV1	\N	SOLUTION NMR
5IVW	10.0	ELECTRON MICROSCOPY
5IWA	3.5	X-RAY DIFFRACTION
5IWI	1.98	X-RAY DIFFRACTION
5IWJ	1.88	X-RAY DIFFRACTION
5IWM	2.5	X-RAY DIFFRACTION
5IX7	1.398	X-RAY DIFFRACTION
5IY6	7.2	ELECTRON MICROSCOPY
5IY7	8.6	ELECTRON MICROSCOPY
5IY8	7.9	ELECTRON MICROSCOPY
5IY9	6.3	ELECTRON MICROSCOPY
5IYA	5.4	ELECTRON MICROSCOPY
5IYB	3.9	ELECTRON MICROSCOPY
5IYC	3.9	ELECTRON MICROSCOPY
5IYD	3.9	ELECTRON MICROSCOPY
5IYE	1.694	X-RAY DIFFRACTION
5IYG	1.701	X-RAY DIFFRACTION
5IYJ	1.701	X-RAY DIFFRACTION
5IZP	\N	SOLUTION NMR
5J01	3.39	X-RAY DIFFRACTION
5J02	3.493	X-RAY DIFFRACTION
5J05	\N	SOLUTION NMR
5J0E	2.81	X-RAY DIFFRACTION
5J0M	\N	SOLUTION NMR
5J0N	11.0	ELECTRON MICROSCOPY
5J0O	2.0	X-RAY DIFFRACTION
5J0P	2.2	X-RAY DIFFRACTION
5J0Q	2.0	X-RAY DIFFRACTION
5J0R	2.001	X-RAY DIFFRACTION
5J0S	2.0	X-RAY DIFFRACTION
5J0T	2.0	X-RAY DIFFRACTION
5J0U	2.1	X-RAY DIFFRACTION
5J0W	2.4	X-RAY DIFFRACTION
5J0X	2.0	X-RAY DIFFRACTION
5J0Y	2.0	X-RAY DIFFRACTION
5J1O	\N	SOLUTION NMR
5J29	2.2	X-RAY DIFFRACTION
5J2A	2.5	X-RAY DIFFRACTION
5J2B	2.5	X-RAY DIFFRACTION
5J2C	2.1	X-RAY DIFFRACTION
5J2D	2.1	X-RAY DIFFRACTION
5J2E	2.1	X-RAY DIFFRACTION
5J2F	2.1	X-RAY DIFFRACTION
5J2G	2.1	X-RAY DIFFRACTION
5J2H	2.3	X-RAY DIFFRACTION
5J2I	2.4	X-RAY DIFFRACTION
5J2J	2.2	X-RAY DIFFRACTION
5J2K	2.1	X-RAY DIFFRACTION
5J2M	2.432	X-RAY DIFFRACTION
5J2N	2.896	X-RAY DIFFRACTION
5J2P	2.53	X-RAY DIFFRACTION
5J2Q	2.789	X-RAY DIFFRACTION
5J2W	\N	SOLUTION NMR
5J2Y	2.4	X-RAY DIFFRACTION
5J30	3.2	X-RAY DIFFRACTION
5J37	2.3	X-RAY DIFFRACTION
5J3C	3.04	X-RAY DIFFRACTION
5J3E	2.6	X-RAY DIFFRACTION
5J3F	\N	SOLUTION NMR
5J3G	\N	SOLUTION NMR
5J3I	\N	SOLUTION NMR
5J4B	2.6	X-RAY DIFFRACTION
5J4C	2.8	X-RAY DIFFRACTION
5J4D	3.1	X-RAY DIFFRACTION
5J4P	\N	SOLUTION NMR
5J4W	\N	SOLUTION NMR
5J5B	2.8	X-RAY DIFFRACTION
5J5P	1.97	X-RAY DIFFRACTION
5J5Q	2.83	X-RAY DIFFRACTION
5J6U	\N	SOLUTION NMR
5J70	2.956	X-RAY DIFFRACTION
5J7L	3.0	X-RAY DIFFRACTION
5J88	3.32	X-RAY DIFFRACTION
5J8A	3.1	X-RAY DIFFRACTION
5J8B	2.6	X-RAY DIFFRACTION
5J91	2.96	X-RAY DIFFRACTION
5JAJ	1.5	X-RAY DIFFRACTION
5JB2	2.2	X-RAY DIFFRACTION
5JB3	5.34	ELECTRON MICROSCOPY
5JBG	2.0	X-RAY DIFFRACTION
5JBH	5.34	ELECTRON MICROSCOPY
5JBJ	3.58	X-RAY DIFFRACTION
5JC3	2.6	X-RAY DIFFRACTION
5JC7	2.75	X-RAY DIFFRACTION
5JC9	3.03	X-RAY DIFFRACTION
5JCF	2.6	X-RAY DIFFRACTION
5JCH	2.95	X-RAY DIFFRACTION
5JCS	9.5	ELECTRON MICROSCOPY
5JEA	2.65	X-RAY DIFFRACTION
5JEU	0.97	X-RAY DIFFRACTION
5JEV	0.99	X-RAY DIFFRACTION
5JGH	2.6	X-RAY DIFFRACTION
5JH0	2.18	X-RAY DIFFRACTION
5JJI	2.601	X-RAY DIFFRACTION
5JJK	3.15	X-RAY DIFFRACTION
5JJL	3.2	X-RAY DIFFRACTION
5JJU	2.312	X-RAY DIFFRACTION
5JJV	2.4	X-RAY DIFFRACTION
5JK0	2.1	X-RAY DIFFRACTION
5JLT	2.955	X-RAY DIFFRACTION
5JLW	2.088	X-RAY DIFFRACTION
5JLX	2.748	X-RAY DIFFRACTION
5JPQ	7.3	ELECTRON MICROSCOPY
5JRC	1.9	X-RAY DIFFRACTION
5JRE	2.1	X-RAY DIFFRACTION
5JRG	2.5	X-RAY DIFFRACTION
5JS1	2.499	X-RAY DIFFRACTION
5JS2	2.954	X-RAY DIFFRACTION
5JTE	3.6	ELECTRON MICROSCOPY
5JU4	2.0	X-RAY DIFFRACTION
5JU8	3.6	ELECTRON MICROSCOPY
5JUB	2.57	X-RAY DIFFRACTION
5JUM	2.6	X-RAY DIFFRACTION
5JUO	4.0	ELECTRON MICROSCOPY
5JUP	3.5	ELECTRON MICROSCOPY
5JUS	4.2	ELECTRON MICROSCOPY
5JUT	4.0	ELECTRON MICROSCOPY
5JUU	4.0	ELECTRON MICROSCOPY
5JVG	3.428	X-RAY DIFFRACTION
5JVH	3.58	X-RAY DIFFRACTION
5JVT	3.1	X-RAY DIFFRACTION
5JVW	2.0	X-RAY DIFFRACTION
5JW0	2.4	X-RAY DIFFRACTION
5JW2	3.1	X-RAY DIFFRACTION
5JXS	2.8	X-RAY DIFFRACTION
5JXY	1.71	X-RAY DIFFRACTION
5JZQ	0.78	X-RAY DIFFRACTION
5K07	2.0	X-RAY DIFFRACTION
5K0Y	5.8	ELECTRON MICROSCOPY
5K17	2.1	X-RAY DIFFRACTION
5K1Y	2.97	X-RAY DIFFRACTION
5K36	3.1	X-RAY DIFFRACTION
5K58	2.772	X-RAY DIFFRACTION
5K5H	3.108	X-RAY DIFFRACTION
5K5I	2.19	X-RAY DIFFRACTION
5K5J	2.287	X-RAY DIFFRACTION
5K5L	3.125	X-RAY DIFFRACTION
5K5O	3.2	X-RAY DIFFRACTION
5K5Q	2.649	X-RAY DIFFRACTION
5K5R	3.09	X-RAY DIFFRACTION
5K77	2.17	X-RAY DIFFRACTION
5K78	2.64	X-RAY DIFFRACTION
5K7C	2.73	X-RAY DIFFRACTION
5K7D	2.68	X-RAY DIFFRACTION
5K7E	3.27	X-RAY DIFFRACTION
5K7Z	2.92	X-RAY DIFFRACTION
5K83	2.39	X-RAY DIFFRACTION
5K8H	1.069	X-RAY DIFFRACTION
5K97	2.102	X-RAY DIFFRACTION
5K98	3.99	X-RAY DIFFRACTION
5KAL	2.75	X-RAY DIFFRACTION
5KBD	2.8	X-RAY DIFFRACTION
5KBJ	3.09	X-RAY DIFFRACTION
5KCR	3.6	ELECTRON MICROSCOPY
5KCS	3.9	ELECTRON MICROSCOPY
5KE6	1.99	X-RAY DIFFRACTION
5KE7	2.06	X-RAY DIFFRACTION
5KE8	2.45	X-RAY DIFFRACTION
5KE9	2.336	X-RAY DIFFRACTION
5KEA	2.458	X-RAY DIFFRACTION
5KEB	2.453	X-RAY DIFFRACTION
5KEG	2.2	X-RAY DIFFRACTION
5KEK	3.098	X-RAY DIFFRACTION
5KEO	3.15	X-RAY DIFFRACTION
5KFA	1.51	X-RAY DIFFRACTION
5KFB	1.55	X-RAY DIFFRACTION
5KFC	1.5	X-RAY DIFFRACTION
5KFD	1.65	X-RAY DIFFRACTION
5KFE	1.55	X-RAY DIFFRACTION
5KFF	1.7	X-RAY DIFFRACTION
5KFG	1.55	X-RAY DIFFRACTION
5KFH	1.72	X-RAY DIFFRACTION
5KFI	1.65	X-RAY DIFFRACTION
5KFJ	1.7	X-RAY DIFFRACTION
5KFK	1.7	X-RAY DIFFRACTION
5KFL	1.65	X-RAY DIFFRACTION
5KFM	1.6	X-RAY DIFFRACTION
5KFN	1.45	X-RAY DIFFRACTION
5KFO	1.52	X-RAY DIFFRACTION
5KFP	1.7	X-RAY DIFFRACTION
5KFQ	1.55	X-RAY DIFFRACTION
5KFR	1.75	X-RAY DIFFRACTION
5KFS	1.46	X-RAY DIFFRACTION
5KFT	1.52	X-RAY DIFFRACTION
5KFU	1.55	X-RAY DIFFRACTION
5KFV	1.6	X-RAY DIFFRACTION
5KFW	1.62	X-RAY DIFFRACTION
5KFX	1.52	X-RAY DIFFRACTION
5KFY	1.7	X-RAY DIFFRACTION
5KFZ	1.44	X-RAY DIFFRACTION
5KG0	1.6	X-RAY DIFFRACTION
5KG1	1.62	X-RAY DIFFRACTION
5KG2	1.6	X-RAY DIFFRACTION
5KG3	1.7	X-RAY DIFFRACTION
5KG4	1.6	X-RAY DIFFRACTION
5KG5	1.6	X-RAY DIFFRACTION
5KG6	1.55	X-RAY DIFFRACTION
5KG7	1.75	X-RAY DIFFRACTION
5KGF	4.54	ELECTRON MICROSCOPY
5KGV	\N	SOLUTION NMR
5KH8	\N	SOLUTION NMR
5KI4	\N	SOLUTION NMR
5KI5	\N	SOLUTION NMR
5KI6	2.153	X-RAY DIFFRACTION
5KI7	\N	SOLUTION NMR
5KIB	\N	SOLUTION NMR
5KIE	\N	SOLUTION NMR
5KIF	\N	SOLUTION NMR
5KIH	\N	SOLUTION NMR
5KK1	3.38	X-RAY DIFFRACTION
5KK5	3.289	X-RAY DIFFRACTION
5KKQ	1.744	X-RAY DIFFRACTION
5KL1	3.701	X-RAY DIFFRACTION
5KL2	1.692	X-RAY DIFFRACTION
5KL3	1.449	X-RAY DIFFRACTION
5KL4	1.783	X-RAY DIFFRACTION
5KL5	2.289	X-RAY DIFFRACTION
5KL6	1.641	X-RAY DIFFRACTION
5KL7	1.579	X-RAY DIFFRACTION
5KL8	4.0	X-RAY DIFFRACTION
5KLA	1.14	X-RAY DIFFRACTION
5KMZ	\N	SOLUTION NMR
5KN8	1.81	X-RAY DIFFRACTION
5KN9	1.93	X-RAY DIFFRACTION
5KPS	3.9	ELECTRON MICROSCOPY
5KPV	4.1	ELECTRON MICROSCOPY
5KPW	3.9	ELECTRON MICROSCOPY
5KPX	3.9	ELECTRON MICROSCOPY
5KPY	2.0	X-RAY DIFFRACTION
5KQE	\N	SOLUTION NMR
5KRB	2.101	X-RAY DIFFRACTION
5KRG	1.6	X-RAY DIFFRACTION
5KSE	2.105	X-RAY DIFFRACTION
5KT2	2.488	X-RAY DIFFRACTION
5KT3	2.64	X-RAY DIFFRACTION
5KT4	2.78	X-RAY DIFFRACTION
5KT5	2.798	X-RAY DIFFRACTION
5KT6	3.54	X-RAY DIFFRACTION
5KT7	3.151	X-RAY DIFFRACTION
5KTJ	2.97	X-RAY DIFFRACTION
5KTV	2.35	X-RAY DIFFRACTION
5KUB	1.73	X-RAY DIFFRACTION
5KVJ	2.261	X-RAY DIFFRACTION
5KVY	1.95	X-RAY DIFFRACTION
5KW1	2.1	X-RAY DIFFRACTION
5KW6	1.91	X-RAY DIFFRACTION
5KX9	2.9	X-RAY DIFFRACTION
5L00	1.25	X-RAY DIFFRACTION
5L06	\N	SOLUTION NMR
5L0M	2.197	X-RAY DIFFRACTION
5L1I	2.78	X-RAY DIFFRACTION
5L1J	1.94	X-RAY DIFFRACTION
5L1K	1.82	X-RAY DIFFRACTION
5L1L	1.62	X-RAY DIFFRACTION
5L1Z	5.9	X-RAY DIFFRACTION
5L2G	\N	SOLUTION NMR
5L2L	1.55	X-RAY DIFFRACTION
5L2X	2.2	X-RAY DIFFRACTION
5L3P	3.7	ELECTRON MICROSCOPY
5L4O	2.799	X-RAY DIFFRACTION
5L6L	2.7	X-RAY DIFFRACTION
5L9X	1.9	X-RAY DIFFRACTION
5LCL	2.2	X-RAY DIFFRACTION
5LCM	1.9	X-RAY DIFFRACTION
5LD2	3.83	ELECTRON MICROSCOPY
5LEJ	2.7	X-RAY DIFFRACTION
5LEK	2.8	X-RAY DIFFRACTION
5LFS	1.85	X-RAY DIFFRACTION
5LFW	1.28	X-RAY DIFFRACTION
5LFX	1.56	X-RAY DIFFRACTION
5LGY	2.92	X-RAY DIFFRACTION
5LI0	3.8	ELECTRON MICROSCOPY
5LIG	\N	SOLUTION NMR
5LIT	1.25	X-RAY DIFFRACTION
5LJ3	3.8	ELECTRON MICROSCOPY
5LJ4	2.17	X-RAY DIFFRACTION
5LJ5	10.0	ELECTRON MICROSCOPY
5LKS	3.6	ELECTRON MICROSCOPY
5LL6	3.9	ELECTRON MICROSCOPY
5LM7	3.35	X-RAY DIFFRACTION
5LMN	3.55	ELECTRON MICROSCOPY
5LMO	4.3	ELECTRON MICROSCOPY
5LMP	5.35	ELECTRON MICROSCOPY
5LMQ	4.2	ELECTRON MICROSCOPY
5LMR	4.45	ELECTRON MICROSCOPY
5LMS	5.1	ELECTRON MICROSCOPY
5LMT	4.15	ELECTRON MICROSCOPY
5LMU	4.0	ELECTRON MICROSCOPY
5LMV	4.9	ELECTRON MICROSCOPY
5LQG	\N	SOLUTION NMR
5LQH	\N	SOLUTION NMR
5LQO	1.87	X-RAY DIFFRACTION
5LQT	1.5	X-RAY DIFFRACTION
5LQW	5.8	ELECTRON MICROSCOPY
5LR3	1.65	X-RAY DIFFRACTION
5LR4	1.8	X-RAY DIFFRACTION
5LR5	2.4	X-RAY DIFFRACTION
5LRS	2.9	X-RAY DIFFRACTION
5LS8	1.78	X-RAY DIFFRACTION
5LSN	\N	SOLUTION NMR
5LTA	2.621	X-RAY DIFFRACTION
5LTY	2.66	X-RAY DIFFRACTION
5LUX	3.23	X-RAY DIFFRACTION
5LWJ	\N	SOLUTION NMR
5LXU	2.14	X-RAY DIFFRACTION
5LYB	3.25	X-RAY DIFFRACTION
5LYS	2.32	X-RAY DIFFRACTION
5LYU	2.2	X-RAY DIFFRACTION
5LYV	2.35	X-RAY DIFFRACTION
5LZA	3.6	ELECTRON MICROSCOPY
5LZB	5.3	ELECTRON MICROSCOPY
5LZC	4.8	ELECTRON MICROSCOPY
5LZD	3.4	ELECTRON MICROSCOPY
5LZE	3.5	ELECTRON MICROSCOPY
5LZF	4.6	ELECTRON MICROSCOPY
5LZS	3.31	ELECTRON MICROSCOPY
5LZT	3.65	ELECTRON MICROSCOPY
5LZU	3.75	ELECTRON MICROSCOPY
5LZV	3.35	ELECTRON MICROSCOPY
5LZW	3.53	ELECTRON MICROSCOPY
5LZX	3.67	ELECTRON MICROSCOPY
5LZY	3.99	ELECTRON MICROSCOPY
5LZZ	3.47	ELECTRON MICROSCOPY
5M0H	2.65	X-RAY DIFFRACTION
5M0I	2.41	X-RAY DIFFRACTION
5M0J	2.8	X-RAY DIFFRACTION
5M0R	8.2	ELECTRON MICROSCOPY
5M1J	3.3	ELECTRON MICROSCOPY
5M1L	\N	SOLUTION NMR
5M1S	6.7	ELECTRON MICROSCOPY
5M1W	\N	SOLUTION NMR
5M2L	\N	SOLUTION NMR
5M3F	3.8	ELECTRON MICROSCOPY
5M3H	2.5	X-RAY DIFFRACTION
5M3J	3.5	X-RAY DIFFRACTION
5M4W	\N	SOLUTION NMR
5M5W	3.8	ELECTRON MICROSCOPY
5M5X	4.0	ELECTRON MICROSCOPY
5M5Y	4.0	ELECTRON MICROSCOPY
5M64	4.6	ELECTRON MICROSCOPY
5M68	2.64	X-RAY DIFFRACTION
5M73	3.4	X-RAY DIFFRACTION
5M8I	\N	SOLUTION NMR
5MBR	\N	SOLUTION NMR
5MC6	3.8	ELECTRON MICROSCOPY
5MCR	\N	SOLUTION NMR
5MCT	1.446	X-RAY DIFFRACTION
5MCU	1.7	X-RAY DIFFRACTION
5MCV	1.6	X-RAY DIFFRACTION
5MCW	1.897	X-RAY DIFFRACTION
5MDV	2.97	ELECTRON MICROSCOPY
5MDW	3.06	ELECTRON MICROSCOPY
5MDY	3.35	ELECTRON MICROSCOPY
5MDZ	3.1	ELECTRON MICROSCOPY
5ME0	13.5	ELECTRON MICROSCOPY
5ME1	13.5	ELECTRON MICROSCOPY
5MEI	3.5	X-RAY DIFFRACTION
5MEY	2.05	X-RAY DIFFRACTION
5MEZ	2.98	X-RAY DIFFRACTION
5MF0	3.03	X-RAY DIFFRACTION
5MF7	1.59	X-RAY DIFFRACTION
5MFX	1.598	X-RAY DIFFRACTION
5MG7	1.45	X-RAY DIFFRACTION
5MGA	3.0	X-RAY DIFFRACTION
5MGP	3.1	ELECTRON MICROSCOPY
5MHJ	2.117	X-RAY DIFFRACTION
5MHK	2.28	X-RAY DIFFRACTION
5MHT	2.7	X-RAY DIFFRACTION
5MJV	3.09	X-RAY DIFFRACTION
5MJX	\N	SOLUTION NMR
5ML7	3.3	X-RAY DIFFRACTION
5MLC	3.6	ELECTRON MICROSCOPY
5MLU	2.8	X-RAY DIFFRACTION
5MMA	2.55	X-RAY DIFFRACTION
5MMB	2.77	X-RAY DIFFRACTION
5MMI	3.2	ELECTRON MICROSCOPY
5MMJ	3.6	ELECTRON MICROSCOPY
5MMM	3.4	ELECTRON MICROSCOPY
5MPF	2.918	X-RAY DIFFRACTION
5MPG	\N	SOLUTION NMR
5MPL	\N	SOLUTION NMR
5MPS	3.85	ELECTRON MICROSCOPY
5MQ0	4.17	ELECTRON MICROSCOPY
5MQF	5.9	ELECTRON MICROSCOPY
5MRC	3.25	ELECTRON MICROSCOPY
5MRE	3.75	ELECTRON MICROSCOPY
5MRF	4.97	ELECTRON MICROSCOPY
5MRX	0.851	X-RAY DIFFRACTION
5MS0	9.8	ELECTRON MICROSCOPY
5MSF	2.8	X-RAY DIFFRACTION
5MSG	3.8	X-RAY DIFFRACTION
5MTA	\N	SOLUTION NMR
5MTG	\N	SOLUTION NMR
5MVB	\N	SOLUTION NMR
5MVK	1.531	X-RAY DIFFRACTION
5MVL	1.405	X-RAY DIFFRACTION
5MVP	1.606	X-RAY DIFFRACTION
5MVQ	1.604	X-RAY DIFFRACTION
5MVT	1.896	X-RAY DIFFRACTION
5MVU	2.3	X-RAY DIFFRACTION
5MWI	1.51	X-RAY DIFFRACTION
5MY1	7.6	ELECTRON MICROSCOPY
5MYJ	5.6	ELECTRON MICROSCOPY
5N2Q	2.0	X-RAY DIFFRACTION
5N5C	\N	SOLUTION NMR
5N61	3.4	ELECTRON MICROSCOPY
5N6I	3.6	X-RAY DIFFRACTION
5N8L	\N	SOLUTION NMR
5N8M	\N	SOLUTION NMR
5N8O	3.9	ELECTRON MICROSCOPY
5N8R	2.2	X-RAY DIFFRACTION
5N8S	2.88	X-RAY DIFFRACTION
5N8U	2.62	X-RAY DIFFRACTION
5N8Z	3.477	X-RAY DIFFRACTION
5N90	3.069	X-RAY DIFFRACTION
5N94	2.428	X-RAY DIFFRACTION
5N96	2.716	X-RAY DIFFRACTION
5N98	2.756	X-RAY DIFFRACTION
5N9A	3.036	X-RAY DIFFRACTION
5N9D	2.71	X-RAY DIFFRACTION
5N9E	3.007	X-RAY DIFFRACTION
5N9F	2.969	X-RAY DIFFRACTION
5N9G	2.7	X-RAY DIFFRACTION
5NBE	1.51	X-RAY DIFFRACTION
5NCO	4.8	ELECTRON MICROSCOPY
5ND8	3.7	ELECTRON MICROSCOPY
5ND9	3.7	ELECTRON MICROSCOPY
5NDG	3.7	X-RAY DIFFRACTION
5NDH	1.81	X-RAY DIFFRACTION
5NDI	2.57	X-RAY DIFFRACTION
5NDJ	3.15	X-RAY DIFFRACTION
5NDK	2.95	X-RAY DIFFRACTION
5NDV	3.3	X-RAY DIFFRACTION
5NDW	3.7	X-RAY DIFFRACTION
5NEF	1.91	X-RAY DIFFRACTION
5NEO	1.69	X-RAY DIFFRACTION
5NEP	1.6	X-RAY DIFFRACTION
5NEQ	1.69	X-RAY DIFFRACTION
5NEW	2.511	X-RAY DIFFRACTION
5NEX	1.72	X-RAY DIFFRACTION
5NFV	2.501	X-RAY DIFFRACTION
5NG6	3.342	X-RAY DIFFRACTION
5NGM	2.9	ELECTRON MICROSCOPY
5NIP	\N	SOLUTION NMR
5NJ8	3.3	X-RAY DIFFRACTION
5NJT	3.8	ELECTRON MICROSCOPY
5NKL	1.7	X-RAY DIFFRACTION
5NL0	5.4	X-RAY DIFFRACTION
5NM9	2.43	X-RAY DIFFRACTION
5NNU	2.97	X-RAY DIFFRACTION
5NNX	3.29	X-RAY DIFFRACTION
5NO1	2.6	X-RAY DIFFRACTION
5NO2	5.16	ELECTRON MICROSCOPY
5NO3	5.16	ELECTRON MICROSCOPY
5NO4	5.16	ELECTRON MICROSCOPY
5NO6	2.88	X-RAY DIFFRACTION
5NOM	1.93	X-RAY DIFFRACTION
5NP6	3.6	ELECTRON MICROSCOPY
5NPK	1.98	X-RAY DIFFRACTION
5NPM	2.7	X-RAY DIFFRACTION
5NPP	2.22	X-RAY DIFFRACTION
5NQI	0.851	X-RAY DIFFRACTION
5NRG	3.442	X-RAY DIFFRACTION
5NRL	7.2	ELECTRON MICROSCOPY
5NS3	2.4	X-RAY DIFFRACTION
5NS4	2.4	X-RAY DIFFRACTION
5NSR	3.8	ELECTRON MICROSCOPY
5NSS	5.8	ELECTRON MICROSCOPY
5NT5	2.3	X-RAY DIFFRACTION
5NW5	6.502	X-RAY DIFFRACTION
5NW9	2.04	X-RAY DIFFRACTION
5NWA	3.2	X-RAY DIFFRACTION
5NWQ	1.91	X-RAY DIFFRACTION
5NWY	2.9	ELECTRON MICROSCOPY
5NXT	1.379	X-RAY DIFFRACTION
5NY8	2.04	X-RAY DIFFRACTION
5NYS	\N	SOLUTION NMR
5NYT	\N	SOLUTION NMR
5NYU	\N	SOLUTION NMR
5NZ3	2.059	X-RAY DIFFRACTION
5NZ6	2.94	X-RAY DIFFRACTION
5NZD	2.007	X-RAY DIFFRACTION
5O1Y	2.45	X-RAY DIFFRACTION
5O1Z	3.4	X-RAY DIFFRACTION
5O20	3.53	X-RAY DIFFRACTION
5O2R	3.4	ELECTRON MICROSCOPY
5O3J	2.97	X-RAY DIFFRACTION
5O4D	\N	SOLUTION NMR
5O58	1.55	X-RAY DIFFRACTION
5O5J	3.451	ELECTRON MICROSCOPY
5O60	3.18	ELECTRON MICROSCOPY
5O61	3.31	ELECTRON MICROSCOPY
5O62	2.119	X-RAY DIFFRACTION
5O63	1.6	X-RAY DIFFRACTION
5O69	2.319	X-RAY DIFFRACTION
5O6B	2.029	X-RAY DIFFRACTION
5O6D	3.283	X-RAY DIFFRACTION
5O6E	3.345	X-RAY DIFFRACTION
5O6G	2.75	X-RAY DIFFRACTION
5O6I	2.25	X-RAY DIFFRACTION
5O6U	3.25	X-RAY DIFFRACTION
5O7H	3.0	X-RAY DIFFRACTION
5O7T	1.8	X-RAY DIFFRACTION
5O9G	4.8	ELECTRON MICROSCOPY
5O9Z	4.5	ELECTRON MICROSCOPY
5OA1	4.4	ELECTRON MICROSCOPY
5OA3	4.2	ELECTRON MICROSCOPY
5OB3	2.004	X-RAY DIFFRACTION
5OBM	3.4	X-RAY DIFFRACTION
5OC6	3.2	X-RAY DIFFRACTION
5OCZ	\N	SOLUTION NMR
5OD6	2.0	X-RAY DIFFRACTION
5ODF	\N	SOLUTION NMR
5ODG	2.12	X-RAY DIFFRACTION
5ODL	1.56	X-RAY DIFFRACTION
5ODM	\N	SOLUTION NMR
5ODN	2.598	X-RAY DIFFRACTION
5ODP	2.535	X-RAY DIFFRACTION
5ODV	4.0	ELECTRON MICROSCOPY
5OE1	\N	SOLUTION NMR
5OGA	\N	SOLUTION NMR
5OIK	3.7	ELECTRON MICROSCOPY
5OLA	3.904	X-RAY DIFFRACTION
5OMF	2.092	X-RAY DIFFRACTION
5OMQ	2.199	X-RAY DIFFRACTION
5OMV	2.003	X-RAY DIFFRACTION
5OMW	2.6	X-RAY DIFFRACTION
5OMX	2.32	X-RAY DIFFRACTION
5ON2	3.1	X-RAY DIFFRACTION
5ON3	3.1	X-RAY DIFFRACTION
5ON6	3.10000240787	X-RAY DIFFRACTION
5OND	2.1	X-RAY DIFFRACTION
5ONG	2.797	X-RAY DIFFRACTION
5ONH	3.1	X-RAY DIFFRACTION
5ONW	2.8	X-RAY DIFFRACTION
5OOL	3.06	ELECTRON MICROSCOPY
5OOM	3.03	ELECTRON MICROSCOPY
5OPH	\N	SOLUTION NMR
5OPT	4.0	ELECTRON MICROSCOPY
5OQJ	4.7	ELECTRON MICROSCOPY
5OQL	3.2	ELECTRON MICROSCOPY
5OQM	5.8	ELECTRON MICROSCOPY
5OQN	3.15	X-RAY DIFFRACTION
5OQO	3.25	X-RAY DIFFRACTION
5OQP	2.98	X-RAY DIFFRACTION
5OR0	\N	SOLUTION NMR
5OR5	\N	SOLUTION NMR
5ORQ	1.95	X-RAY DIFFRACTION
5OSG	2.9	ELECTRON MICROSCOPY
5OT2	3.2	X-RAY DIFFRACTION
5OT7	3.8	ELECTRON MICROSCOPY
5OV2	\N	SOLUTION NMR
5OXJ	2.0	X-RAY DIFFRACTION
5OXV	6.721	X-RAY DIFFRACTION
5OY7	5.774	X-RAY DIFFRACTION
5SUP	2.6	X-RAY DIFFRACTION
5SVA	15.3	ELECTRON MICROSCOPY
5SWD	2.5	X-RAY DIFFRACTION
5SWE	3.0	X-RAY DIFFRACTION
5SWM	1.5	X-RAY DIFFRACTION
5SWW	3.151	X-RAY DIFFRACTION
5SY7	4.2	X-RAY DIFFRACTION
5SZE	1.5	X-RAY DIFFRACTION
5SZT	1.8	X-RAY DIFFRACTION
5SZX	2.251	X-RAY DIFFRACTION
5T00	2.19	X-RAY DIFFRACTION
5T01	1.89	X-RAY DIFFRACTION
5T0U	3.199	X-RAY DIFFRACTION
5T14	3.0	X-RAY DIFFRACTION
5T16	2.783	X-RAY DIFFRACTION
5T1J	2.947	X-RAY DIFFRACTION
5T2A	2.9	ELECTRON MICROSCOPY
5T2C	3.6	ELECTRON MICROSCOPY
5T2H	2.517	X-RAY DIFFRACTION
5T2N	2.079	X-RAY DIFFRACTION
5T2O	2.801	X-RAY DIFFRACTION
5T2W	2.2	X-RAY DIFFRACTION
5T3K	2.142	X-RAY DIFFRACTION
5T3L	1.58	X-RAY DIFFRACTION
5T4I	2.389	X-RAY DIFFRACTION
5T4W	2.3	X-RAY DIFFRACTION
5T5A	2.0	X-RAY DIFFRACTION
5T5C	1.851	X-RAY DIFFRACTION
5T5H	2.54	ELECTRON MICROSCOPY
5T5K	4.0	X-RAY DIFFRACTION
5T62	3.1	ELECTRON MICROSCOPY
5T6R	4.2	ELECTRON MICROSCOPY
5T7B	2.529	X-RAY DIFFRACTION
5T7V	3.6	ELECTRON MICROSCOPY
5T7X	2.35	X-RAY DIFFRACTION
5T83	2.71	X-RAY DIFFRACTION
5T8D	2.15	X-RAY DIFFRACTION
5T8Y	2.653	X-RAY DIFFRACTION
5T9J	3.00012743215	X-RAY DIFFRACTION
5TB8	2.0	X-RAY DIFFRACTION
5TB9	2.49	X-RAY DIFFRACTION
5TBA	2.49	X-RAY DIFFRACTION
5TBB	2.39	X-RAY DIFFRACTION
5TBC	1.85	X-RAY DIFFRACTION
5TBW	3.0	X-RAY DIFFRACTION
5TC1	3.6	ELECTRON MICROSCOPY
5TCU	3.9	ELECTRON MICROSCOPY
5TD5	1.718	X-RAY DIFFRACTION
5TDJ	1.5	X-RAY DIFFRACTION
5TDK	1.43	X-RAY DIFFRACTION
5TF6	2.3	X-RAY DIFFRACTION
5TGA	3.3	X-RAY DIFFRACTION
5TGG	\N	SOLUTION NMR
5TGM	3.5	X-RAY DIFFRACTION
5TGP	1.6	X-RAY DIFFRACTION
5TGX	2.3	X-RAY DIFFRACTION
5TH3	2.33	X-RAY DIFFRACTION
5THE	2.097	X-RAY DIFFRACTION
5THG	3.106	X-RAY DIFFRACTION
5TJG	2.6	X-RAY DIFFRACTION
5TKO	1.52	X-RAY DIFFRACTION
5TKZ	1.529	X-RAY DIFFRACTION
5TPY	2.805	X-RAY DIFFRACTION
5TRD	1.85	X-RAY DIFFRACTION
5TRN	\N	SOLUTION NMR
5TSN	2.1	X-RAY DIFFRACTION
5TVP	2.399	X-RAY DIFFRACTION
5TW1	2.76	X-RAY DIFFRACTION
5TWP	2.001	X-RAY DIFFRACTION
5TWQ	1.8	X-RAY DIFFRACTION
5TWR	1.9	X-RAY DIFFRACTION
5TWS	1.85	X-RAY DIFFRACTION
5TXL	2.501	X-RAY DIFFRACTION
5TXM	2.7	X-RAY DIFFRACTION
5TXN	2.55	X-RAY DIFFRACTION
5TXO	2.546	X-RAY DIFFRACTION
5TXP	2.7	X-RAY DIFFRACTION
5TXX	1.948	X-RAY DIFFRACTION
5TXZ	1.651	X-RAY DIFFRACTION
5TYB	1.848	X-RAY DIFFRACTION
5TYC	2.101	X-RAY DIFFRACTION
5TYD	1.899	X-RAY DIFFRACTION
5TYE	2.047	X-RAY DIFFRACTION
5TYF	1.971	X-RAY DIFFRACTION
5TYG	1.726	X-RAY DIFFRACTION
5TYU	2.048	X-RAY DIFFRACTION
5TYV	1.93	X-RAY DIFFRACTION
5TYW	1.88	X-RAY DIFFRACTION
5TYX	1.948	X-RAY DIFFRACTION
5TYY	1.931	X-RAY DIFFRACTION
5TYZ	1.977	X-RAY DIFFRACTION
5TZS	5.1	ELECTRON MICROSCOPY
5TZV	2.0	X-RAY DIFFRACTION
5U01	2.5	X-RAY DIFFRACTION
5U07	3.8	ELECTRON MICROSCOPY
5U0A	3.3	ELECTRON MICROSCOPY
5U0Q	1.43	X-RAY DIFFRACTION
5U1C	3.9	ELECTRON MICROSCOPY
5U1J	2.95	X-RAY DIFFRACTION
5U2R	1.8	X-RAY DIFFRACTION
5U2S	2.3	X-RAY DIFFRACTION
5U2T	1.79	X-RAY DIFFRACTION
5U30	2.92	X-RAY DIFFRACTION
5U31	2.89	X-RAY DIFFRACTION
5U33	3.75	X-RAY DIFFRACTION
5U34	3.255	X-RAY DIFFRACTION
5U3G	2.3	X-RAY DIFFRACTION
5U4I	3.5	ELECTRON MICROSCOPY
5U4J	3.7	ELECTRON MICROSCOPY
5U8G	2.166	X-RAY DIFFRACTION
5U8H	2.155	X-RAY DIFFRACTION
5U8I	2.45	X-RAY DIFFRACTION
5U8S	6.1	ELECTRON MICROSCOPY
5U8T	4.9	ELECTRON MICROSCOPY
5U91	3.104	X-RAY DIFFRACTION
5U9B	\N	SOLUTION NMR
5U9F	3.2	ELECTRON MICROSCOPY
5U9G	3.2	ELECTRON MICROSCOPY
5U9H	1.85	X-RAY DIFFRACTION
5UA1	2.9	X-RAY DIFFRACTION
5UA2	2.9002	X-RAY DIFFRACTION
5UA3	1.8802	X-RAY DIFFRACTION
5UAN	3.508	X-RAY DIFFRACTION
5UC6	2.1	X-RAY DIFFRACTION
5UD5	2.347	X-RAY DIFFRACTION
5UDI	1.58	X-RAY DIFFRACTION
5UDJ	1.69	X-RAY DIFFRACTION
5UDK	1.65	X-RAY DIFFRACTION
5UDL	1.65	X-RAY DIFFRACTION
5UDZ	2.0	X-RAY DIFFRACTION
5UED	1.5	X-RAY DIFFRACTION
5UEE	1.9	X-RAY DIFFRACTION
5UEF	2.1	X-RAY DIFFRACTION
5UEG	2.6	X-RAY DIFFRACTION
5UF3	\N	SOLUTION NMR
5UGN	1.997	X-RAY DIFFRACTION
5UGO	1.897	X-RAY DIFFRACTION
5UGP	1.955	X-RAY DIFFRACTION
5UH5	3.746	X-RAY DIFFRACTION
5UH6	3.837	X-RAY DIFFRACTION
5UH8	4.176	X-RAY DIFFRACTION
5UH9	4.402	X-RAY DIFFRACTION
5UHA	3.906	X-RAY DIFFRACTION
5UHB	4.29	X-RAY DIFFRACTION
5UHC	3.796	X-RAY DIFFRACTION
5UHD	4.01	X-RAY DIFFRACTION
5UHE	4.039	X-RAY DIFFRACTION
5UHF	4.345	X-RAY DIFFRACTION
5UHG	3.971	X-RAY DIFFRACTION
5UI5	3.4	X-RAY DIFFRACTION
5UJ2	2.9	X-RAY DIFFRACTION
5UK4	3.204	X-RAY DIFFRACTION
5UK7	3.0	X-RAY DIFFRACTION
5UKB	5.473	X-RAY DIFFRACTION
5ULW	2.617	X-RAY DIFFRACTION
5ULX	1.96	X-RAY DIFFRACTION
5UM9	2.805	X-RAY DIFFRACTION
5UMD	3.2	ELECTRON MICROSCOPY
5UND	2.549	X-RAY DIFFRACTION
5UNE	2.90009915777	X-RAY DIFFRACTION
5UOP	2.85	X-RAY DIFFRACTION
5UOQ	2.61	X-RAY DIFFRACTION
5UQ7	3.5	ELECTRON MICROSCOPY
5UQ8	3.2	ELECTRON MICROSCOPY
5US2	1.9	X-RAY DIFFRACTION
5USA	1.8	X-RAY DIFFRACTION
5USB	1.615	X-RAY DIFFRACTION
5USE	1.73	X-RAY DIFFRACTION
5USG	1.7	X-RAY DIFFRACTION
5USN	1.9	X-RAY DIFFRACTION
5USO	2.0	X-RAY DIFFRACTION
5UUF	1.612	X-RAY DIFFRACTION
5UUG	1.712	X-RAY DIFFRACTION
5UUH	1.569	X-RAY DIFFRACTION
5UX0	3.197	X-RAY DIFFRACTION
5UX3	2.5	X-RAY DIFFRACTION
5UYK	3.9	ELECTRON MICROSCOPY
5UYL	3.6	ELECTRON MICROSCOPY
5UYM	3.2	ELECTRON MICROSCOPY
5UYN	4.0	ELECTRON MICROSCOPY
5UYP	3.9	ELECTRON MICROSCOPY
5UYQ	3.8	ELECTRON MICROSCOPY
5UZ1	\N	SOLUTION NMR
5UZ2	\N	SOLUTION NMR
5UZ3	\N	SOLUTION NMR
5UZ4	5.8	ELECTRON MICROSCOPY
5UZ6	2.1	X-RAY DIFFRACTION
5UZ9	3.4	ELECTRON MICROSCOPY
5UZA	2.22	X-RAY DIFFRACTION
5UZD	\N	SOLUTION NMR
5UZF	\N	SOLUTION NMR
5UZI	\N	SOLUTION NMR
5UZT	\N	SOLUTION NMR
5UZV	2.45	X-RAY DIFFRACTION
5UZZ	\N	SOLUTION NMR
5V04	2.65	X-RAY DIFFRACTION
5V05	2.902	X-RAY DIFFRACTION
5V06	2.75	X-RAY DIFFRACTION
5V07	2.15	X-RAY DIFFRACTION
5V08	2.812	X-RAY DIFFRACTION
5V09	2.75	X-RAY DIFFRACTION
5V0A	2.38	X-RAY DIFFRACTION
5V0B	2.63	X-RAY DIFFRACTION
5V0C	2.58	X-RAY DIFFRACTION
5V0D	2.63	X-RAY DIFFRACTION
5V0E	2.744	X-RAY DIFFRACTION
5V0H	1.9	X-RAY DIFFRACTION
5V0J	1.5	X-RAY DIFFRACTION
5V0K	1.6	X-RAY DIFFRACTION
5V0L	4.0	X-RAY DIFFRACTION
5V0O	2.7	X-RAY DIFFRACTION
5V0Q	2.4	X-RAY DIFFRACTION
5V16	\N	SOLUTION NMR
5V17	\N	SOLUTION NMR
5V1F	2.181	X-RAY DIFFRACTION
5V1G	1.798	X-RAY DIFFRACTION
5V1H	1.946	X-RAY DIFFRACTION
5V1I	2.035	X-RAY DIFFRACTION
5V1J	2.616	X-RAY DIFFRACTION
5V1K	1.18	X-RAY DIFFRACTION
5V1L	1.2	X-RAY DIFFRACTION
5V1N	2.005	X-RAY DIFFRACTION
5V1O	1.801	X-RAY DIFFRACTION
5V1P	1.991	X-RAY DIFFRACTION
5V1R	2.077	X-RAY DIFFRACTION
5V2H	1.08001306231	X-RAY DIFFRACTION
5V2R	\N	SOLUTION NMR
5V3F	1.7	X-RAY DIFFRACTION
5V3G	2.416	X-RAY DIFFRACTION
5V3I	3.293	X-RAY DIFFRACTION
5V3J	2.064	X-RAY DIFFRACTION
5V3M	2.091	X-RAY DIFFRACTION
5V6X	2.76	X-RAY DIFFRACTION
5V7C	2.59	X-RAY DIFFRACTION
5V7Q	3.7	ELECTRON MICROSCOPY
5V8F	3.9	ELECTRON MICROSCOPY
5V8I	3.25	X-RAY DIFFRACTION
5V93	4.0	ELECTRON MICROSCOPY
5V9X	2.797	X-RAY DIFFRACTION
5V9Z	2.51	X-RAY DIFFRACTION
5VA0	2.295	X-RAY DIFFRACTION
5VA7	2.153	X-RAY DIFFRACTION
5VAJ	1.95	X-RAY DIFFRACTION
5VBJ	1.944	X-RAY DIFFRACTION
5VBS	1.749	X-RAY DIFFRACTION
5VC8	1.8	X-RAY DIFFRACTION
5VC9	2.1	X-RAY DIFFRACTION
5VCF	2.8	X-RAY DIFFRACTION
5VCI	2.6	X-RAY DIFFRACTION
5VEZ	2.039	X-RAY DIFFRACTION
5VFX	2.81	X-RAY DIFFRACTION
5VGW	2.42	X-RAY DIFFRACTION
5VH7	\N	SOLUTION NMR
5VH8	\N	SOLUTION NMR
5VHE	3.793	X-RAY DIFFRACTION
5VHV	1.799	X-RAY DIFFRACTION
5VI0	2.396	X-RAY DIFFRACTION
5VI5	3.196	X-RAY DIFFRACTION
5VI8	2.76	X-RAY DIFFRACTION
5VJ9	1.57	X-RAY DIFFRACTION
5VJB	2.1	X-RAY DIFFRACTION
5VL9	2.16	X-RAY DIFFRACTION
5VM9	3.28	X-RAY DIFFRACTION
5VMU	2.346	X-RAY DIFFRACTION
5VMV	2.313	X-RAY DIFFRACTION
5VMW	2.397	X-RAY DIFFRACTION
5VMX	2.05	X-RAY DIFFRACTION
5VMY	2.002	X-RAY DIFFRACTION
5VMZ	2.319	X-RAY DIFFRACTION
5VO8	3.3	X-RAY DIFFRACTION
5VOE	2.0	X-RAY DIFFRACTION
5VOF	2.25	X-RAY DIFFRACTION
5VOI	2.8	X-RAY DIFFRACTION
5VP2	2.8	X-RAY DIFFRACTION
5VPE	2.053	X-RAY DIFFRACTION
5VPF	2.694	X-RAY DIFFRACTION
5VPO	3.34	X-RAY DIFFRACTION
5VPP	3.9	X-RAY DIFFRACTION
5VR4	1.5	X-RAY DIFFRACTION
5VRW	2.58	X-RAY DIFFRACTION
5VRX	2.2	X-RAY DIFFRACTION
5VRY	1.9	X-RAY DIFFRACTION
5VRZ	2.05	X-RAY DIFFRACTION
5VS0	2.1	X-RAY DIFFRACTION
5VS1	2.5	X-RAY DIFFRACTION
5VS2	2.33	X-RAY DIFFRACTION
5VS3	1.7	X-RAY DIFFRACTION
5VS4	1.87	X-RAY DIFFRACTION
5VSU	3.1	X-RAY DIFFRACTION
5VT0	3.78	ELECTRON MICROSCOPY
5VU6	3.0	X-RAY DIFFRACTION
5VU7	2.72	X-RAY DIFFRACTION
5VU8	3.2	X-RAY DIFFRACTION
5VU9	2.05	X-RAY DIFFRACTION
5VVJ	3.89	X-RAY DIFFRACTION
5VVK	2.9	X-RAY DIFFRACTION
5VVL	3.31	X-RAY DIFFRACTION
5VVR	5.8	ELECTRON MICROSCOPY
5VVS	6.4	ELECTRON MICROSCOPY
5VW1	2.598	X-RAY DIFFRACTION
5VXN	3.375	X-RAY DIFFRACTION
5VXQ	1.002	X-RAY DIFFRACTION
5VY6	3.064	X-RAY DIFFRACTION
5VY7	3.0	X-RAY DIFFRACTION
5VYC	6.0	X-RAY DIFFRACTION
5VZ7	1.551	X-RAY DIFFRACTION
5VZ8	1.601	X-RAY DIFFRACTION
5VZ9	1.65	X-RAY DIFFRACTION
5VZA	1.501	X-RAY DIFFRACTION
5VZB	1.5	X-RAY DIFFRACTION
5VZC	1.552	X-RAY DIFFRACTION
5VZD	1.602	X-RAY DIFFRACTION
5VZE	1.506	X-RAY DIFFRACTION
5VZF	1.65	X-RAY DIFFRACTION
5VZG	1.85	X-RAY DIFFRACTION
5VZH	1.95	X-RAY DIFFRACTION
5VZI	1.5	X-RAY DIFFRACTION
5VZJ	3.3	X-RAY DIFFRACTION
5VZL	3.9	ELECTRON MICROSCOPY
5W0M	2.298	X-RAY DIFFRACTION
5W0O	2.488	X-RAY DIFFRACTION
5W0U	2.9	X-RAY DIFFRACTION
5W1C	3.18	X-RAY DIFFRACTION
5W1H	1.99	X-RAY DIFFRACTION
5W1I	2.2	X-RAY DIFFRACTION
5W1Z	1.55	X-RAY DIFFRACTION
5W20	1.36	X-RAY DIFFRACTION
5W2A	2.9	X-RAY DIFFRACTION
5W2C	2.5	X-RAY DIFFRACTION
5W2M	3.7	X-RAY DIFFRACTION
5W34	2.95	X-RAY DIFFRACTION
5W35	3.31	X-RAY DIFFRACTION
5W36	2.46	X-RAY DIFFRACTION
5W3V	2.243	X-RAY DIFFRACTION
5W43	3.15	X-RAY DIFFRACTION
5W4K	2.7	X-RAY DIFFRACTION
5W4U	3.6	X-RAY DIFFRACTION
5W51	3.404	X-RAY DIFFRACTION
5W5H	2.79	X-RAY DIFFRACTION
5W5I	2.65	X-RAY DIFFRACTION
5W5Y	3.8	ELECTRON MICROSCOPY
5W64	4.2	ELECTRON MICROSCOPY
5W65	4.3	ELECTRON MICROSCOPY
5W66	3.9	ELECTRON MICROSCOPY
5W6K	2.339	X-RAY DIFFRACTION
5W6Q	2.66	X-RAY DIFFRACTION
5W6V	2.828	X-RAY DIFFRACTION
5W6W	3.06	X-RAY DIFFRACTION
5W77	\N	SOLUTION NMR
5W7G	4.5	ELECTRON MICROSCOPY
5W7N	1.8	X-RAY DIFFRACTION
5W7O	1.75	X-RAY DIFFRACTION
5W9Q	1.8	X-RAY DIFFRACTION
5W9S	2.1	X-RAY DIFFRACTION
5WC9	3.15	X-RAY DIFFRACTION
5WCU	5.53	X-RAY DIFFRACTION
5WDT	3.0	ELECTRON MICROSCOPY
5WE4	3.1	ELECTRON MICROSCOPY
5WE6	3.4	ELECTRON MICROSCOPY
5WEA	3.12	X-RAY DIFFRACTION
5WF0	3.6	ELECTRON MICROSCOPY
5WFE	3.64	ELECTRON MICROSCOPY
5WFK	3.4	ELECTRON MICROSCOPY
5WFS	3.0	ELECTRON MICROSCOPY
5WIS	2.703	X-RAY DIFFRACTION
5WIT	2.6	X-RAY DIFFRACTION
5WJQ	2.794	X-RAY DIFFRACTION
5WJR	1.7	X-RAY DIFFRACTION
5WLC	3.8	ELECTRON MICROSCOPY
5WLH	1.80001033182	X-RAY DIFFRACTION
5WM1	1.85	X-RAY DIFFRACTION
5WM8	1.92	X-RAY DIFFRACTION
5WMB	2.25	X-RAY DIFFRACTION
5WN0	2.6	X-RAY DIFFRACTION
5WN1	2.3	X-RAY DIFFRACTION
5WN2	2.288	X-RAY DIFFRACTION
5WN3	2.0	X-RAY DIFFRACTION
5WN4	2.1	X-RAY DIFFRACTION
5WN5	2.2	X-RAY DIFFRACTION
5WNP	3.3	X-RAY DIFFRACTION
5WNQ	3.5	X-RAY DIFFRACTION
5WNR	3.5	X-RAY DIFFRACTION
5WNS	3.5	X-RAY DIFFRACTION
5WNT	3.3	X-RAY DIFFRACTION
5WNU	3.4	X-RAY DIFFRACTION
5WNV	3.3	X-RAY DIFFRACTION
5WNX	2.55	X-RAY DIFFRACTION
5WNY	2.1	X-RAY DIFFRACTION
5WNZ	2.2	X-RAY DIFFRACTION
5WO0	1.6	X-RAY DIFFRACTION
5WQ1	\N	SOLUTION NMR
5WQE	3.126	X-RAY DIFFRACTION
5WS2	2.398	X-RAY DIFFRACTION
5WSG	4.0	ELECTRON MICROSCOPY
5WSP	1.502	X-RAY DIFFRACTION
5WSQ	1.05	X-RAY DIFFRACTION
5WSR	1.5	X-RAY DIFFRACTION
5WSS	1.45	X-RAY DIFFRACTION
5WT1	2.598	X-RAY DIFFRACTION
5WT3	3.204	X-RAY DIFFRACTION
5WTI	2.682	X-RAY DIFFRACTION
5WTK	2.651	X-RAY DIFFRACTION
5WTY	2.785	X-RAY DIFFRACTION
5WV7	1.406	X-RAY DIFFRACTION
5WVW	1.8	X-RAY DIFFRACTION
5WVY	2.0	X-RAY DIFFRACTION
5WVZ	2.3	X-RAY DIFFRACTION
5WWC	1.9	X-RAY DIFFRACTION
5WWE	2.4	X-RAY DIFFRACTION
5WWF	2.15	X-RAY DIFFRACTION
5WWG	2.03	X-RAY DIFFRACTION
5WWR	3.096	X-RAY DIFFRACTION
5WWS	3.247	X-RAY DIFFRACTION
5WWT	3.197	X-RAY DIFFRACTION
5WWW	1.798	X-RAY DIFFRACTION
5WWX	2.0	X-RAY DIFFRACTION
5WX9	1.76	X-RAY DIFFRACTION
5WYJ	8.7	ELECTRON MICROSCOPY
5WYK	4.5	ELECTRON MICROSCOPY
5WZG	2.55	X-RAY DIFFRACTION
5WZH	2.509	X-RAY DIFFRACTION
5WZI	2.75	X-RAY DIFFRACTION
5WZJ	2.101	X-RAY DIFFRACTION
5WZK	2.8	X-RAY DIFFRACTION
5X07	2.796	X-RAY DIFFRACTION
5X0X	3.97	ELECTRON MICROSCOPY
5X0Y	4.69	ELECTRON MICROSCOPY
5X11	2.65	X-RAY DIFFRACTION
5X21	3.323	X-RAY DIFFRACTION
5X22	3.35	X-RAY DIFFRACTION
5X2G	2.4	X-RAY DIFFRACTION
5X2H	2.3	X-RAY DIFFRACTION
5X3Z	\N	SOLUTION NMR
5X5L	2.75	X-RAY DIFFRACTION
5X6B	2.596	X-RAY DIFFRACTION
5X6D	2.94	X-RAY DIFFRACTION
5X6E	2.99	X-RAY DIFFRACTION
5X6G	3.05	X-RAY DIFFRACTION
5X6H	3.1	X-RAY DIFFRACTION
5X6M	3.2	X-RAY DIFFRACTION
5X70	3.3	X-RAY DIFFRACTION
5X7X	2.184	X-RAY DIFFRACTION
5X8P	3.4	ELECTRON MICROSCOPY
5X8R	3.7	ELECTRON MICROSCOPY
5X8T	3.3	ELECTRON MICROSCOPY
5XBL	3.052	X-RAY DIFFRACTION
5XC6	2.9	X-RAY DIFFRACTION
5XEW	1.751	X-RAY DIFFRACTION
5XF3	2.6	X-RAY DIFFRACTION
5XF4	2.87	X-RAY DIFFRACTION
5XF5	2.82	X-RAY DIFFRACTION
5XF6	2.63	X-RAY DIFFRACTION
5XFP	2.3	X-RAY DIFFRACTION
5XFQ	2.4	X-RAY DIFFRACTION
5XFR	2.25	X-RAY DIFFRACTION
5XH6	2.0	X-RAY DIFFRACTION
5XH7	2.0	X-RAY DIFFRACTION
5XI1	\N	SOLUTION NMR
5XJ2	2.84	X-RAY DIFFRACTION
5XJC	3.6	ELECTRON MICROSCOPY
5XJW	2.097	X-RAY DIFFRACTION
5XJZ	0.98	X-RAY DIFFRACTION
5XK0	1.451	X-RAY DIFFRACTION
5XK1	1.501	X-RAY DIFFRACTION
5XLO	3.8	ELECTRON MICROSCOPY
5XLP	4.2	ELECTRON MICROSCOPY
5XM0	2.874	X-RAY DIFFRACTION
5XM1	3.45	X-RAY DIFFRACTION
5XM8	2.55	X-RAY DIFFRACTION
5XM9	3.053	X-RAY DIFFRACTION
5XMA	3.8	X-RAY DIFFRACTION
5XN0	2.596	X-RAY DIFFRACTION
5XN1	2.446	X-RAY DIFFRACTION
5XN2	2.381	X-RAY DIFFRACTION
5XOG	3.0	X-RAY DIFFRACTION
5XON	3.83	ELECTRON MICROSCOPY
5XOU	2.63	X-RAY DIFFRACTION
5XOW	2.902	X-RAY DIFFRACTION
5XP8	3.1	X-RAY DIFFRACTION
5XPA	2.9	X-RAY DIFFRACTION
5XPG	2.8	X-RAY DIFFRACTION
5XQ2	3.33	X-RAY DIFFRACTION
5XRZ	3.6	X-RAY DIFFRACTION
5XS0	3.0	X-RAY DIFFRACTION
5XSK	2.84	X-RAY DIFFRACTION
5XTM	2.1	X-RAY DIFFRACTION
5XUS	2.5	X-RAY DIFFRACTION
5XUT	2.4	X-RAY DIFFRACTION
5XUU	2.5	X-RAY DIFFRACTION
5XUV	1.9	X-RAY DIFFRACTION
5XUZ	2.4	X-RAY DIFFRACTION
5XVN	3.25	X-RAY DIFFRACTION
5XVO	3.1	X-RAY DIFFRACTION
5XVP	3.0	X-RAY DIFFRACTION
5XWG	3.002	X-RAY DIFFRACTION
5XWP	3.086	X-RAY DIFFRACTION
5XWY	3.2	ELECTRON MICROSCOPY
5XXB	3.17	ELECTRON MICROSCOPY
5XXP	2.55	X-RAY DIFFRACTION
5XXU	3.35	ELECTRON MICROSCOPY
5XY3	3.2	ELECTRON MICROSCOPY
5XYI	3.35	ELECTRON MICROSCOPY
5XYM	3.08	ELECTRON MICROSCOPY
5XYU	3.45	ELECTRON MICROSCOPY
5XZ1	3.008	X-RAY DIFFRACTION
5XZB	2.13	X-RAY DIFFRACTION
5XZE	2.177	X-RAY DIFFRACTION
5XZG	1.828	X-RAY DIFFRACTION
5Y0C	2.087	X-RAY DIFFRACTION
5Y0D	1.99	X-RAY DIFFRACTION
5Y36	5.2	ELECTRON MICROSCOPY
5Y3J	1.81	X-RAY DIFFRACTION
5Y3K	2.7	X-RAY DIFFRACTION
5Y3L	2.6	X-RAY DIFFRACTION
5Y3M	2.5	X-RAY DIFFRACTION
5Y3R	6.6	ELECTRON MICROSCOPY
5Y58	2.8	X-RAY DIFFRACTION
5Y6Z	2.5	X-RAY DIFFRACTION
5Y7G	3.4	X-RAY DIFFRACTION
5Y7M	3.1	X-RAY DIFFRACTION
5Y7Q	2.7	X-RAY DIFFRACTION
5Y85	2.001	X-RAY DIFFRACTION
5Y87	2.132	X-RAY DIFFRACTION
5Y88	3.46	ELECTRON MICROSCOPY
5YBB	3.2	X-RAY DIFFRACTION
5YBD	2.769	X-RAY DIFFRACTION
5YDT	4.5	ELECTRON MICROSCOPY
5YEF	2.807	X-RAY DIFFRACTION
5YEG	2.0	X-RAY DIFFRACTION
5YEH	2.328	X-RAY DIFFRACTION
5YEJ	2.698	X-RAY DIFFRACTION
5YEL	2.96	X-RAY DIFFRACTION
5YEY	\N	SOLUTION NMR
5YI2	2.6	X-RAY DIFFRACTION
5YI3	2.9	X-RAY DIFFRACTION
5YIV	2.914	X-RAY DIFFRACTION
5YIW	1.551	X-RAY DIFFRACTION
5YJ3	2.845	X-RAY DIFFRACTION
5YKI	2.25	X-RAY DIFFRACTION
5YLZ	3.6	ELECTRON MICROSCOPY
5YTC	2.28	X-RAY DIFFRACTION
5YTD	2.0	X-RAY DIFFRACTION
5YTE	2.21	X-RAY DIFFRACTION
5YTF	1.98	X-RAY DIFFRACTION
5YTG	2.07	X-RAY DIFFRACTION
5YTH	2.53	X-RAY DIFFRACTION
5YTS	1.77	X-RAY DIFFRACTION
5YTT	1.6	X-RAY DIFFRACTION
5YTV	1.7	X-RAY DIFFRACTION
5YTX	1.551	X-RAY DIFFRACTION
5YTY	1.58	X-RAY DIFFRACTION
5YTZ	1.55	X-RAY DIFFRACTION
5YUR	2.035	X-RAY DIFFRACTION
5YUS	1.94	X-RAY DIFFRACTION
5YUT	2.15	X-RAY DIFFRACTION
5YUU	1.892	X-RAY DIFFRACTION
5YUV	2.06	X-RAY DIFFRACTION
5YUW	2.124	X-RAY DIFFRACTION
5YUX	2.04	X-RAY DIFFRACTION
5YUY	1.74	X-RAY DIFFRACTION
5YUZ	1.83	X-RAY DIFFRACTION
5YV0	2.09	X-RAY DIFFRACTION
5YV1	2.09	X-RAY DIFFRACTION
5YV2	1.9	X-RAY DIFFRACTION
5YV3	2.03	X-RAY DIFFRACTION
5YWS	2.0	X-RAY DIFFRACTION
5YWT	1.7	X-RAY DIFFRACTION
5YWU	3.4	X-RAY DIFFRACTION
5YWV	2.3	X-RAY DIFFRACTION
5YX2	2.653	X-RAY DIFFRACTION
5YYD	2.05	X-RAY DIFFRACTION
5YYE	2.325	X-RAY DIFFRACTION
5YYN	3.0	X-RAY DIFFRACTION
5YZE	1.87	X-RAY DIFFRACTION
5YZG	4.1	ELECTRON MICROSCOPY
5YZY	2.61	X-RAY DIFFRACTION
5YZZ	2.58	X-RAY DIFFRACTION
5Z00	2.587	X-RAY DIFFRACTION
5Z1H	2.4	X-RAY DIFFRACTION
5Z1I	1.903	X-RAY DIFFRACTION
5Z23	2.73	X-RAY DIFFRACTION
5Z2T	2.623	X-RAY DIFFRACTION
5Z30	2.45	X-RAY DIFFRACTION
5Z3G	3.65	ELECTRON MICROSCOPY
5Z3L	4.31	ELECTRON MICROSCOPY
5Z3N	1.91	X-RAY DIFFRACTION
5Z3O	3.62	ELECTRON MICROSCOPY
5Z3U	4.31	ELECTRON MICROSCOPY
5Z3V	4.22	ELECTRON MICROSCOPY
5Z4A	1.637	X-RAY DIFFRACTION
5Z4D	1.803	X-RAY DIFFRACTION
5Z4J	1.82	X-RAY DIFFRACTION
5Z56	5.1	ELECTRON MICROSCOPY
5Z57	6.5	ELECTRON MICROSCOPY
5Z58	4.9	ELECTRON MICROSCOPY
5Z6W	3.2	X-RAY DIFFRACTION
5Z6Z	2.301	X-RAY DIFFRACTION
5Z71	2.5	X-RAY DIFFRACTION
5Z7D	4.5	X-RAY DIFFRACTION
5Z7I	1.601	X-RAY DIFFRACTION
5Z80	\N	SOLUTION NMR
5Z8F	\N	SOLUTION NMR
5Z98	2.2	X-RAY DIFFRACTION
5Z9W	3.6	ELECTRON MICROSCOPY
5Z9X	2.8	X-RAY DIFFRACTION
5ZAD	2.54	X-RAY DIFFRACTION
5ZAL	4.7	ELECTRON MICROSCOPY
5ZAM	5.7	ELECTRON MICROSCOPY
5ZAS	1.56	X-RAY DIFFRACTION
5ZAT	1.06	X-RAY DIFFRACTION
5ZBX	2.58	X-RAY DIFFRACTION
5ZC9	2.0	X-RAY DIFFRACTION
5ZCW	2.7	X-RAY DIFFRACTION
5ZD4	2.17	X-RAY DIFFRACTION
5ZDZ	2.8	X-RAY DIFFRACTION
5ZE0	2.75	X-RAY DIFFRACTION
5ZE1	3.0	X-RAY DIFFRACTION
5ZE2	3.3	X-RAY DIFFRACTION
5ZEB	3.4	ELECTRON MICROSCOPY
5ZEG	2.4	X-RAY DIFFRACTION
5ZEI	2.1	X-RAY DIFFRACTION
5ZEJ	3.5	X-RAY DIFFRACTION
5ZEM	3.103	X-RAY DIFFRACTION
5ZEN	2.75	X-RAY DIFFRACTION
5ZEP	3.4	ELECTRON MICROSCOPY
5ZET	3.2	ELECTRON MICROSCOPY
5ZEU	3.7	ELECTRON MICROSCOPY
5ZEV	\N	SOLUTION NMR
5ZEY	12.5	ELECTRON MICROSCOPY
5ZFW	2.103	X-RAY DIFFRACTION
5ZFY	2.3	X-RAY DIFFRACTION
5ZFZ	1.9	X-RAY DIFFRACTION
5ZG9	2.04	X-RAY DIFFRACTION
5ZGN	2.24	X-RAY DIFFRACTION
5ZJQ	2.443	X-RAY DIFFRACTION
5ZJR	3.03	X-RAY DIFFRACTION
5ZJS	2.896	X-RAY DIFFRACTION
5ZJT	2.4	X-RAY DIFFRACTION
5ZK1	3.05	X-RAY DIFFRACTION
5ZKI	2.321	X-RAY DIFFRACTION
5ZKJ	2.798	X-RAY DIFFRACTION
5ZKL	1.951	X-RAY DIFFRACTION
5ZKM	1.65	X-RAY DIFFRACTION
5ZKO	3.05	X-RAY DIFFRACTION
5ZLD	\N	SOLUTION NMR
5ZLN	2.3	X-RAY DIFFRACTION
5ZLU	3.6	ELECTRON MICROSCOPY
5ZLV	2.35	X-RAY DIFFRACTION
5ZMC	2.99	X-RAY DIFFRACTION
5ZMD	3.3	X-RAY DIFFRACTION
5ZMN	3.29	X-RAY DIFFRACTION
5ZMO	1.69	X-RAY DIFFRACTION
5ZOE	1.95	X-RAY DIFFRACTION
5ZOF	2.249	X-RAY DIFFRACTION
5ZOG	2.299	X-RAY DIFFRACTION
5ZQ0	2.0	X-RAY DIFFRACTION
5ZQ1	3.1	X-RAY DIFFRACTION
5ZQ8	2.18	X-RAY DIFFRACTION
5ZQF	3.873	X-RAY DIFFRACTION
5ZR1	3.0	ELECTRON MICROSCOPY
5ZRF	2.3	X-RAY DIFFRACTION
5ZSA	2.5	X-RAY DIFFRACTION
5ZSB	2.7	X-RAY DIFFRACTION
5ZSC	2.2	X-RAY DIFFRACTION
5ZSD	2.603	X-RAY DIFFRACTION
5ZSE	2.201	X-RAY DIFFRACTION
5ZSL	2.3	X-RAY DIFFRACTION
5ZSM	2.5	X-RAY DIFFRACTION
5ZSN	2.4	X-RAY DIFFRACTION
5ZT2	1.66002164937	X-RAY DIFFRACTION
5ZTH	3.24	X-RAY DIFFRACTION
5ZTM	2.899	X-RAY DIFFRACTION
5ZU1	3.009	X-RAY DIFFRACTION
5ZUO	2.902	X-RAY DIFFRACTION
5ZUP	2.9	X-RAY DIFFRACTION
5ZUU	1.95	X-RAY DIFFRACTION
5ZUX	\N	SOLUTION NMR
5ZVA	2.3	X-RAY DIFFRACTION
5ZVB	2.0	X-RAY DIFFRACTION
5ZW4	1.7	X-RAY DIFFRACTION
5ZWM	3.4	ELECTRON MICROSCOPY
5ZWN	3.4	ELECTRON MICROSCOPY
5ZWO	3.9	ELECTRON MICROSCOPY
5ZX2	2.8	X-RAY DIFFRACTION
5ZYT	2.702	X-RAY DIFFRACTION
5ZYU	1.752	X-RAY DIFFRACTION
5ZYV	2.72	X-RAY DIFFRACTION
5ZZM	8.1	ELECTRON MICROSCOPY
6A1O	2.49	X-RAY DIFFRACTION
6A1Q	2.501	X-RAY DIFFRACTION
6A2H	2.3	X-RAY DIFFRACTION
6A2I	2.4	X-RAY DIFFRACTION
6A47	1.9	X-RAY DIFFRACTION
6A4B	2.7	X-RAY DIFFRACTION
6A4E	2.45	X-RAY DIFFRACTION
6A57	2.7	X-RAY DIFFRACTION
6A5L	5.6	ELECTRON MICROSCOPY
6A5N	2.4	X-RAY DIFFRACTION
6A5O	9.9	ELECTRON MICROSCOPY
6A5P	7.0	ELECTRON MICROSCOPY
6A5R	8.7	ELECTRON MICROSCOPY
6A5T	6.7	ELECTRON MICROSCOPY
6A5U	7.6	ELECTRON MICROSCOPY
6A6J	2.255	X-RAY DIFFRACTION
6A6L	1.78	X-RAY DIFFRACTION
6A7Y	\N	SOLUTION NMR
6A85	1.45	X-RAY DIFFRACTION
6A8R	1.6	X-RAY DIFFRACTION
6AAS	\N	SOLUTION NMR
6AAU	\N	SOLUTION NMR
6AAX	2.994	X-RAY DIFFRACTION
6AAY	2.79	X-RAY DIFFRACTION
6AC7	\N	SOLUTION NMR
6ADV	1.96	X-RAY DIFFRACTION
6AEB	3.004	X-RAY DIFFRACTION
6AEG	2.701	X-RAY DIFFRACTION
6AGB	3.48	ELECTRON MICROSCOPY
6AH0	5.7	ELECTRON MICROSCOPY
6AH3	3.48	ELECTRON MICROSCOPY
6AHD	3.8	ELECTRON MICROSCOPY
6AHR	3.92	ELECTRON MICROSCOPY
6AHU	3.66	ELECTRON MICROSCOPY
6AI6	2.7	X-RAY DIFFRACTION
6AJK	3.001	X-RAY DIFFRACTION
6AJO	2.269	X-RAY DIFFRACTION
6AK8	1.74	X-RAY DIFFRACTION
6AK9	1.91	X-RAY DIFFRACTION
6AKH	1.75	X-RAY DIFFRACTION
6AKO	2.396	X-RAY DIFFRACTION
6AKP	2.323	X-RAY DIFFRACTION
6ALF	4.1	ELECTRON MICROSCOPY
6ALG	3.7	ELECTRON MICROSCOPY
6ALH	4.4	ELECTRON MICROSCOPY
6ALS	\N	SOLUTION NMR
6ALT	\N	SOLUTION NMR
6ALU	\N	SOLUTION NMR
6AMA	3.09	X-RAY DIFFRACTION
6AMK	3.288	X-RAY DIFFRACTION
6AMO	2.497	X-RAY DIFFRACTION
6AN2	2.7	X-RAY DIFFRACTION
6AN8	2.596	X-RAY DIFFRACTION
6ANQ	2.586	X-RAY DIFFRACTION
6AQT	1.05	X-RAY DIFFRACTION
6AQV	1.3	X-RAY DIFFRACTION
6AQW	1.3	X-RAY DIFFRACTION
6AQX	1.55	X-RAY DIFFRACTION
6AR1	3.01	X-RAY DIFFRACTION
6AR3	3.41	X-RAY DIFFRACTION
6AR5	2.413	X-RAY DIFFRACTION
6AS7	2.95	X-RAY DIFFRACTION
6ASB	2.85	X-RAY DIFFRACTION
6ASD	1.85	X-RAY DIFFRACTION
6ASF	\N	SOLUTION NMR
6ASO	2.71	X-RAY DIFFRACTION
6AST	\N	SOLUTION NMR
6ASW	2.605	X-RAY DIFFRACTION
6ASX	3.8	ELECTRON MICROSCOPY
6AU4	2.35	X-RAY DIFFRACTION
6AVM	2.502	X-RAY DIFFRACTION
6AVT	2.603	X-RAY DIFFRACTION
6AWB	6.7	ELECTRON MICROSCOPY
6AWC	7.9	ELECTRON MICROSCOPY
6AWD	8.1	ELECTRON MICROSCOPY
6AZ1	2.7	ELECTRON MICROSCOPY
6AZ3	2.5	ELECTRON MICROSCOPY
6AZ4	2.98	X-RAY DIFFRACTION
6B0B	3.28006215294	X-RAY DIFFRACTION
6B0O	1.552	X-RAY DIFFRACTION
6B0P	2.077	X-RAY DIFFRACTION
6B0Q	2.794	X-RAY DIFFRACTION
6B0R	1.818	X-RAY DIFFRACTION
6B14	1.64	X-RAY DIFFRACTION
6B19	4.5	ELECTRON MICROSCOPY
6B1Q	1.9	X-RAY DIFFRACTION
6B1R	1.69	X-RAY DIFFRACTION
6B1S	2.0	X-RAY DIFFRACTION
6B3K	2.09	X-RAY DIFFRACTION
6B40	4.3	ELECTRON MICROSCOPY
6B44	2.9	ELECTRON MICROSCOPY
6B45	3.5	ELECTRON MICROSCOPY
6B46	3.1	ELECTRON MICROSCOPY
6B47	3.2	ELECTRON MICROSCOPY
6B48	3.6	ELECTRON MICROSCOPY
6B4V	3.4	X-RAY DIFFRACTION
6B6H	3.9	ELECTRON MICROSCOPY
6BBO	3.428	X-RAY DIFFRACTION
6BCE	1.75	X-RAY DIFFRACTION
6BCF	2.92	X-RAY DIFFRACTION
6BCG	2.9	X-RAY DIFFRACTION
6BCH	3.0	X-RAY DIFFRACTION
6BCI	2.28	X-RAY DIFFRACTION
6BCN	2.5	X-RAY DIFFRACTION
6BCT	2.73	X-RAY DIFFRACTION
6BD0	1.45	X-RAY DIFFRACTION
6BDA	1.88	X-RAY DIFFRACTION
6BDB	1.5	X-RAY DIFFRACTION
6BEK	1.7	X-RAY DIFFRACTION
6BEL	1.898	X-RAY DIFFRACTION
6BEM	1.88	X-RAY DIFFRACTION
6BFB	2.82	X-RAY DIFFRACTION
6BG9	9.0	ELECTRON MICROSCOPY
6BGB	1.65	X-RAY DIFFRACTION
6BHJ	2.81	X-RAY DIFFRACTION
6BHX	2.936	X-RAY DIFFRACTION
6BJG	2.29	X-RAY DIFFRACTION
6BJH	2.58	X-RAY DIFFRACTION
6BJS	5.5	ELECTRON MICROSCOPY
6BJV	2.198	X-RAY DIFFRACTION
6BJX	3.14	X-RAY DIFFRACTION
6BJY	3.46	X-RAY DIFFRACTION
6BK8	3.3	ELECTRON MICROSCOPY
6BKF	3.25	X-RAY DIFFRACTION
6BKG	2.402	X-RAY DIFFRACTION
6BLO	3.401	X-RAY DIFFRACTION
6BLP	3.203	X-RAY DIFFRACTION
6BLW	1.835	X-RAY DIFFRACTION
6BM2	3.403	X-RAY DIFFRACTION
6BM4	2.951	X-RAY DIFFRACTION
6BMD	3.0	X-RAY DIFFRACTION
6BNA	2.21	X-RAY DIFFRACTION
6BOH	3.4	X-RAY DIFFRACTION
6BOK	3.55	X-RAY DIFFRACTION
6BOQ	1.96	X-RAY DIFFRACTION
6BOR	1.84	X-RAY DIFFRACTION
6BOS	2.304	X-RAY DIFFRACTION
6BOT	2.3	X-RAY DIFFRACTION
6BOU	2.538	X-RAY DIFFRACTION
6BOV	1.975	X-RAY DIFFRACTION
6BOW	1.59	X-RAY DIFFRACTION
6BQF	3.35	X-RAY DIFFRACTION
6BQU	2.5	X-RAY DIFFRACTION
6BRR	2.97	X-RAY DIFFRACTION
6BRX	2.8	X-RAY DIFFRACTION
6BS1	3.15	X-RAY DIFFRACTION
6BSE	2.35	X-RAY DIFFRACTION
6BSF	2.4	X-RAY DIFFRACTION
6BSG	2.44	X-RAY DIFFRACTION
6BSH	2.649	X-RAY DIFFRACTION
6BSI	3.25	X-RAY DIFFRACTION
6BSJ	2.89	X-RAY DIFFRACTION
6BST	1.45	X-RAY DIFFRACTION
6BTE	2.2	X-RAY DIFFRACTION
6BTF	1.75	X-RAY DIFFRACTION
6BU8	3.5	ELECTRON MICROSCOPY
6BU9	6.8	ELECTRON MICROSCOPY
6BUW	3.5	X-RAY DIFFRACTION
6BUX	1.856	X-RAY DIFFRACTION
6BUZ	3.92	ELECTRON MICROSCOPY
6BWY	2.9	X-RAY DIFFRACTION
6BY1	3.94	X-RAY DIFFRACTION
6BY4	\N	SOLUTION NMR
6BY5	\N	SOLUTION NMR
6BY7	7.5	ELECTRON MICROSCOPY
6BYY	2.3	X-RAY DIFFRACTION
6BZ1	2.97	X-RAY DIFFRACTION
6BZ6	3.18	X-RAY DIFFRACTION
6BZ7	3.68	X-RAY DIFFRACTION
6BZ8	3.74	X-RAY DIFFRACTION
6BZO	3.38	ELECTRON MICROSCOPY
6C04	3.27	ELECTRON MICROSCOPY
6C0F	3.7	ELECTRON MICROSCOPY
6C0W	4.0	ELECTRON MICROSCOPY
6C1A	2.05	X-RAY DIFFRACTION
6C1T	1.84	X-RAY DIFFRACTION
6C1U	2.3	X-RAY DIFFRACTION
6C1V	2.3	X-RAY DIFFRACTION
6C1Y	2.3	X-RAY DIFFRACTION
6C27	3.601	X-RAY DIFFRACTION
6C2F	2.65	X-RAY DIFFRACTION
6C2S	2.85	X-RAY DIFFRACTION
6C31	3.0	X-RAY DIFFRACTION
6C4H	3.1	ELECTRON MICROSCOPY
6C4I	3.24	ELECTRON MICROSCOPY
6C5L	3.2	X-RAY DIFFRACTION
6C63	2.90002801531	X-RAY DIFFRACTION
6C64	3.00014879601	X-RAY DIFFRACTION
6C65	2.8000516274	X-RAY DIFFRACTION
6C66	3.66	ELECTRON MICROSCOPY
6C6K	2.54	X-RAY DIFFRACTION
6C6S	3.7	ELECTRON MICROSCOPY
6C6T	3.5	ELECTRON MICROSCOPY
6C6U	3.7	ELECTRON MICROSCOPY
6C8D	1.92	X-RAY DIFFRACTION
6C8E	1.8	X-RAY DIFFRACTION
6C8I	1.77	X-RAY DIFFRACTION
6C8J	1.5	X-RAY DIFFRACTION
6C8K	2.259	X-RAY DIFFRACTION
6C8L	2.25	X-RAY DIFFRACTION
6C8M	2.4	X-RAY DIFFRACTION
6C8N	1.9	X-RAY DIFFRACTION
6C8O	1.85	X-RAY DIFFRACTION
6CA0	5.75	ELECTRON MICROSCOPY
6CAB	2.5	X-RAY DIFFRACTION
6CAE	2.6	X-RAY DIFFRACTION
6CAO	3.45	X-RAY DIFFRACTION
6CAP	3.4	X-RAY DIFFRACTION
6CAQ	3.4	X-RAY DIFFRACTION
6CAR	3.4	X-RAY DIFFRACTION
6CAS	3.5	X-RAY DIFFRACTION
6CB1	4.6	ELECTRON MICROSCOPY
6CB3	1.891	X-RAY DIFFRACTION
6CBD	2.203	X-RAY DIFFRACTION
6CC1	2.54	X-RAY DIFFRACTION
6CC3	2.698	X-RAY DIFFRACTION
6CC8	1.95	X-RAY DIFFRACTION
6CCE	3.05	X-RAY DIFFRACTION
6CCG	1.9	X-RAY DIFFRACTION
6CCV	3.05	X-RAY DIFFRACTION
6CCW	\N	SOLUTION NMR
6CEU	2.005	X-RAY DIFFRACTION
6CEV	2.005	X-RAY DIFFRACTION
6CF2	3.0	X-RAY DIFFRACTION
6CFI	3.36241919841	X-RAY DIFFRACTION
6CFJ	2.8	X-RAY DIFFRACTION
6CFK	2.7	X-RAY DIFFRACTION
6CFL	2.6	X-RAY DIFFRACTION
6CG0	3.17	ELECTRON MICROSCOPY
6CG8	2.299	X-RAY DIFFRACTION
6CHR	3.7	X-RAY DIFFRACTION
6CHV	2.9	X-RAY DIFFRACTION
6CIH	3.676	X-RAY DIFFRACTION
6CIJ	3.9	ELECTRON MICROSCOPY
6CIK	3.15	X-RAY DIFFRACTION
6CIL	4.15	X-RAY DIFFRACTION
6CIM	3.6	X-RAY DIFFRACTION
6CK4	3.097	X-RAY DIFFRACTION
6CK5	2.49	X-RAY DIFFRACTION
6CLY	2.186	X-RAY DIFFRACTION
6CMN	1.796	X-RAY DIFFRACTION
6CNB	4.1	ELECTRON MICROSCOPY
6CNC	4.1	ELECTRON MICROSCOPY
6CND	4.8	ELECTRON MICROSCOPY
6CNF	4.5	ELECTRON MICROSCOPY
6CNP	2.1	X-RAY DIFFRACTION
6CNQ	2.151	X-RAY DIFFRACTION
6CPQ	1.93	X-RAY DIFFRACTION
6CQ2	3.004	X-RAY DIFFRACTION
6CQ3	1.3	X-RAY DIFFRACTION
6CQI	2.42	X-RAY DIFFRACTION
6CR3	1.95	X-RAY DIFFRACTION
6CR4	1.8	X-RAY DIFFRACTION
6CR5	1.982	X-RAY DIFFRACTION
6CR6	2.097	X-RAY DIFFRACTION
6CR7	2.29	X-RAY DIFFRACTION
6CR8	2.05	X-RAY DIFFRACTION
6CR9	1.96	X-RAY DIFFRACTION
6CRB	2.151	X-RAY DIFFRACTION
6CRC	2.3	X-RAY DIFFRACTION
6CRH	2.327	X-RAY DIFFRACTION
6CRM	2.19286241172	X-RAY DIFFRACTION
6CRO	3.0	X-RAY DIFFRACTION
6CST	2.0	X-RAY DIFFRACTION
6CT9	2.26	X-RAY DIFFRACTION
6CTA	2.779	X-RAY DIFFRACTION
6CTI	2.001	X-RAY DIFFRACTION
6CTJ	2.1	X-RAY DIFFRACTION
6CTK	2.153	X-RAY DIFFRACTION
6CTL	2.0	X-RAY DIFFRACTION
6CTM	2.101	X-RAY DIFFRACTION
6CTN	1.92	X-RAY DIFFRACTION
6CTO	2.04	X-RAY DIFFRACTION
6CTP	2.2	X-RAY DIFFRACTION
6CTQ	1.87	X-RAY DIFFRACTION
6CTR	1.85	X-RAY DIFFRACTION
6CTT	2.0	X-RAY DIFFRACTION
6CTU	1.9	X-RAY DIFFRACTION
6CTV	2.02	X-RAY DIFFRACTION
6CTW	1.981	X-RAY DIFFRACTION
6CTX	2.02	X-RAY DIFFRACTION
6CU1	3.0	X-RAY DIFFRACTION
6CU9	2.04	X-RAY DIFFRACTION
6CUA	2.17	X-RAY DIFFRACTION
6CUB	2.05	X-RAY DIFFRACTION
6CUU	2.994	X-RAY DIFFRACTION
6CVO	2.4	X-RAY DIFFRACTION
6CVP	1.999	X-RAY DIFFRACTION
6CVQ	1.65	X-RAY DIFFRACTION
6CVR	1.88	X-RAY DIFFRACTION
6CVS	2.11	X-RAY DIFFRACTION
6CVT	2.941	X-RAY DIFFRACTION
6CXZ	1.5	X-RAY DIFFRACTION
6CY0	2.398	X-RAY DIFFRACTION
6CY2	1.4	X-RAY DIFFRACTION
6CY4	1.851	X-RAY DIFFRACTION
6CYT	3.5	X-RAY DIFFRACTION
6CZR	3.14	X-RAY DIFFRACTION
6D06	2.55	X-RAY DIFFRACTION
6D0M	1.832	X-RAY DIFFRACTION
6D0Z	1.75	X-RAY DIFFRACTION
6D12	2.205	X-RAY DIFFRACTION
6D1T	2.25	X-RAY DIFFRACTION
6D1V	1.81	X-RAY DIFFRACTION
6D2U	\N	SOLUTION NMR
6D2Z	1.18	X-RAY DIFFRACTION
6D30	1.17	X-RAY DIFFRACTION
6D3P	2.9	X-RAY DIFFRACTION
6D4L	\N	X-RAY DIFFRACTION
6D54	\N	X-RAY DIFFRACTION
6D5F	3.7	ELECTRON MICROSCOPY
6D6Q	3.45	ELECTRON MICROSCOPY
6D6R	3.45	ELECTRON MICROSCOPY
6D6V	4.8	ELECTRON MICROSCOPY
6D8A	2.251	X-RAY DIFFRACTION
6D8F	2.15	X-RAY DIFFRACTION
6D8L	3.14021549796	X-RAY DIFFRACTION
6D8M	3.7	X-RAY DIFFRACTION
6D8N	3.95427131486	X-RAY DIFFRACTION
6D8O	2.80112483119	X-RAY DIFFRACTION
6D8P	2.1	X-RAY DIFFRACTION
6D90	3.2	ELECTRON MICROSCOPY
6D92	1.81	X-RAY DIFFRACTION
6D95	1.85	X-RAY DIFFRACTION
6D9J	3.2	ELECTRON MICROSCOPY
6D9K	2.0	X-RAY DIFFRACTION
6D9L	2.6	X-RAY DIFFRACTION
6DB8	1.86541345549	X-RAY DIFFRACTION
6DB9	2.025	X-RAY DIFFRACTION
6DBI	3.4	ELECTRON MICROSCOPY
6DBJ	3.0	ELECTRON MICROSCOPY
6DBL	5.0	ELECTRON MICROSCOPY
6DBO	4.4	ELECTRON MICROSCOPY
6DBQ	4.22	ELECTRON MICROSCOPY
6DBR	4.0	ELECTRON MICROSCOPY
6DBT	4.3	ELECTRON MICROSCOPY
6DBU	3.9	ELECTRON MICROSCOPY
6DBV	4.29	ELECTRON MICROSCOPY
6DBW	4.7	ELECTRON MICROSCOPY
6DBX	4.2	ELECTRON MICROSCOPY
6DCB	1.998	X-RAY DIFFRACTION
6DCC	2.1	X-RAY DIFFRACTION
6DCF	3.45	X-RAY DIFFRACTION
6DCL	2.497	X-RAY DIFFRACTION
6DDD	3.1	ELECTRON MICROSCOPY
6DDG	3.1	ELECTRON MICROSCOPY
6DF5	1.819	X-RAY DIFFRACTION
6DF8	2.536	X-RAY DIFFRACTION
6DF9	2.319	X-RAY DIFFRACTION
6DFA	1.908	X-RAY DIFFRACTION
6DFB	1.66	X-RAY DIFFRACTION
6DFC	1.85	X-RAY DIFFRACTION
6DFY	2.623	X-RAY DIFFRACTION
6DG0	2.457	X-RAY DIFFRACTION
6DGD	2.823	X-RAY DIFFRACTION
6DIA	1.969	X-RAY DIFFRACTION
6DIC	1.992	X-RAY DIFFRACTION
6DKL	3.034	X-RAY DIFFRACTION
6DKS	2.78	X-RAY DIFFRACTION
6DLQ	2.8	X-RAY DIFFRACTION
6DLR	2.656	X-RAY DIFFRACTION
6DLS	2.885	X-RAY DIFFRACTION
6DLT	2.9	X-RAY DIFFRACTION
6DM7	\N	SOLUTION NMR
6DMC	2.2	X-RAY DIFFRACTION
6DMD	2.65	X-RAY DIFFRACTION
6DME	2.702	X-RAY DIFFRACTION
6DMN	1.27	X-RAY DIFFRACTION
6DMV	1.52	X-RAY DIFFRACTION
6DN1	3.03	X-RAY DIFFRACTION
6DN2	2.88	X-RAY DIFFRACTION
6DN3	2.8	X-RAY DIFFRACTION
6DNC	3.7	ELECTRON MICROSCOPY
6DNH	3.4	ELECTRON MICROSCOPY
6DNR	2.896	X-RAY DIFFRACTION
6DNW	2.849	X-RAY DIFFRACTION
6DO8	1.414	X-RAY DIFFRACTION
6DO9	1.36	X-RAY DIFFRACTION
6DOA	1.474	X-RAY DIFFRACTION
6DOB	1.343	X-RAY DIFFRACTION
6DOC	1.496	X-RAY DIFFRACTION
6DOD	1.535	X-RAY DIFFRACTION
6DOE	1.451	X-RAY DIFFRACTION
6DOF	1.433	X-RAY DIFFRACTION
6DOG	1.285	X-RAY DIFFRACTION
6DOH	1.363	X-RAY DIFFRACTION
6DOI	1.948	X-RAY DIFFRACTION
6DOJ	1.403	X-RAY DIFFRACTION
6DOK	1.38	X-RAY DIFFRACTION
6DOL	1.433	X-RAY DIFFRACTION
6DOM	1.425	X-RAY DIFFRACTION
6DON	1.422	X-RAY DIFFRACTION
6DOO	1.44	X-RAY DIFFRACTION
6DOP	1.25	X-RAY DIFFRACTION
6DOQ	1.422	X-RAY DIFFRACTION
6DOR	1.5	X-RAY DIFFRACTION
6DOS	1.318	X-RAY DIFFRACTION
6DOT	1.423	X-RAY DIFFRACTION
6DOU	1.487	X-RAY DIFFRACTION
6DOV	1.521	X-RAY DIFFRACTION
6DOW	1.495	X-RAY DIFFRACTION
6DOX	1.45	X-RAY DIFFRACTION
6DOY	1.45	X-RAY DIFFRACTION
6DOZ	1.573	X-RAY DIFFRACTION
6DP0	1.451	X-RAY DIFFRACTION
6DP1	1.42	X-RAY DIFFRACTION
6DP2	1.662	X-RAY DIFFRACTION
6DP3	1.461	X-RAY DIFFRACTION
6DP4	1.374	X-RAY DIFFRACTION
6DP5	1.432	X-RAY DIFFRACTION
6DP6	1.403	X-RAY DIFFRACTION
6DP7	1.381	X-RAY DIFFRACTION
6DP8	1.323	X-RAY DIFFRACTION
6DP9	1.4	X-RAY DIFFRACTION
6DPA	1.489	X-RAY DIFFRACTION
6DPB	1.324	X-RAY DIFFRACTION
6DPC	1.34	X-RAY DIFFRACTION
6DPD	1.46	X-RAY DIFFRACTION
6DPE	1.56	X-RAY DIFFRACTION
6DPF	1.56	X-RAY DIFFRACTION
6DPG	1.38	X-RAY DIFFRACTION
6DPH	1.339	X-RAY DIFFRACTION
6DPI	1.347	X-RAY DIFFRACTION
6DPJ	1.55	X-RAY DIFFRACTION
6DPK	1.391	X-RAY DIFFRACTION
6DPL	1.45	X-RAY DIFFRACTION
6DPM	1.677	X-RAY DIFFRACTION
6DPN	1.493	X-RAY DIFFRACTION
6DPO	1.45	X-RAY DIFFRACTION
6DPP	1.45	X-RAY DIFFRACTION
6DSU	1.98	X-RAY DIFFRACTION
6DSV	1.99	X-RAY DIFFRACTION
6DSW	1.589	X-RAY DIFFRACTION
6DSX	1.99	X-RAY DIFFRACTION
6DSY	1.98	X-RAY DIFFRACTION
6DT1	2.75	X-RAY DIFFRACTION
6DT7	2.5	X-RAY DIFFRACTION
6DT8	3.2	X-RAY DIFFRACTION
6DTA	2.694	X-RAY DIFFRACTION
6DTD	1.65	X-RAY DIFFRACTION
6DTI	3.54	X-RAY DIFFRACTION
6DU4	1.7	X-RAY DIFFRACTION
6DU5	3.006	X-RAY DIFFRACTION
6DUQ	3.7	X-RAY DIFFRACTION
6DV9	3.8	X-RAY DIFFRACTION
6DVB	3.8	X-RAY DIFFRACTION
6DVC	3.3	X-RAY DIFFRACTION
6DVD	3.899	X-RAY DIFFRACTION
6DVE	3.812	X-RAY DIFFRACTION
6DVK	2.55	X-RAY DIFFRACTION
6DVT	\N	SOLUTION NMR
6DWT	1.6	X-RAY DIFFRACTION
6DWW	2.851	X-RAY DIFFRACTION
6DWY	3.2	X-RAY DIFFRACTION
6DWZ	3.2	X-RAY DIFFRACTION
6DX0	2.9	X-RAY DIFFRACTION
6DXJ	1.65	X-RAY DIFFRACTION
6DXM	\N	SOLUTION NMR
6DY5	1.26	X-RAY DIFFRACTION
6DY9	2.3	X-RAY DIFFRACTION
6DZI	3.46	ELECTRON MICROSCOPY
6DZK	3.6	ELECTRON MICROSCOPY
6DZP	3.42	ELECTRON MICROSCOPY
6DZT	2.99	ELECTRON MICROSCOPY
6E0C	2.63	ELECTRON MICROSCOPY
6E0O	1.25	X-RAY DIFFRACTION
6E0P	2.6	ELECTRON MICROSCOPY
6E1S	1.8	X-RAY DIFFRACTION
6E1T	1.8	X-RAY DIFFRACTION
6E1U	1.94	X-RAY DIFFRACTION
6E1V	2.56	X-RAY DIFFRACTION
6E1W	1.69	X-RAY DIFFRACTION
6E33	1.705	X-RAY DIFFRACTION
6E3R	2.26	X-RAY DIFFRACTION
6E3V	1.96	X-RAY DIFFRACTION
6E3W	2.02	X-RAY DIFFRACTION
6E3X	2.65	X-RAY DIFFRACTION
6E4P	1.949	X-RAY DIFFRACTION
6E53	2.8	X-RAY DIFFRACTION
6E7L	2.59	X-RAY DIFFRACTION
6E80	2.901	X-RAY DIFFRACTION
6E81	2.721	X-RAY DIFFRACTION
6E82	3.101	X-RAY DIFFRACTION
6E84	2.901	X-RAY DIFFRACTION
6E8C	2.12	X-RAY DIFFRACTION
6E8S	2.35	X-RAY DIFFRACTION
6E8T	2.9	X-RAY DIFFRACTION
6E8U	1.55	X-RAY DIFFRACTION
6E93	1.747	X-RAY DIFFRACTION
6E94	1.594	X-RAY DIFFRACTION
6E9E	3.4	ELECTRON MICROSCOPY
6E9F	3.3	ELECTRON MICROSCOPY
6ED9	\N	SOLUTION NMR
6EDB	3.209	X-RAY DIFFRACTION
6EDC	2.712	X-RAY DIFFRACTION
6EDT	\N	ELECTRON MICROSCOPY
6EE8	3.92	ELECTRON MICROSCOPY
6EEC	3.55	ELECTRON MICROSCOPY
6EEN	2.01	X-RAY DIFFRACTION
6EHT	3.2	X-RAY DIFFRACTION
6EKO	2.284	X-RAY DIFFRACTION
6EL8	1.61	X-RAY DIFFRACTION
6ELZ	3.3	ELECTRON MICROSCOPY
6EM1	3.6	ELECTRON MICROSCOPY
6EM3	3.2	ELECTRON MICROSCOPY
6EM4	4.1	ELECTRON MICROSCOPY
6EM5	4.3	ELECTRON MICROSCOPY
6EML	3.6	ELECTRON MICROSCOPY
6EMY	2.5	X-RAY DIFFRACTION
6EMZ	2.79	X-RAY DIFFRACTION
6EN0	2.8	X-RAY DIFFRACTION
6EN1	2.67	X-RAY DIFFRACTION
6EN2	2.67	X-RAY DIFFRACTION
6EN8	3.29	X-RAY DIFFRACTION
6ENF	3.2	ELECTRON MICROSCOPY
6ENJ	3.7	ELECTRON MICROSCOPY
6ENU	3.1	ELECTRON MICROSCOPY
6EO6	1.69	X-RAY DIFFRACTION
6EO7	2.24	X-RAY DIFFRACTION
6ERF	3.01	X-RAY DIFFRACTION
6ERG	2.9	X-RAY DIFFRACTION
6ERH	2.8	X-RAY DIFFRACTION
6ERI	3.0	ELECTRON MICROSCOPY
6ERL	\N	SOLUTION NMR
6ERP	4.502	X-RAY DIFFRACTION
6ERQ	4.5	X-RAY DIFFRACTION
6ES2	2.95	X-RAY DIFFRACTION
6ES3	2.57	X-RAY DIFFRACTION
6ESF	3.7	ELECTRON MICROSCOPY
6ESG	5.4	ELECTRON MICROSCOPY
6ESH	5.1	ELECTRON MICROSCOPY
6ESI	6.3	ELECTRON MICROSCOPY
6EU0	4.0	ELECTRON MICROSCOPY
6EU1	3.4	ELECTRON MICROSCOPY
6EVJ	3.9	X-RAY DIFFRACTION
6EVK	2.9	X-RAY DIFFRACTION
6EVV	2.5	X-RAY DIFFRACTION
6EXN	3.7	ELECTRON MICROSCOPY
6EXV	3.6	ELECTRON MICROSCOPY
6EZ0	\N	SOLUTION NMR
6F0L	4.77	ELECTRON MICROSCOPY
6F1K	2.2	X-RAY DIFFRACTION
6F2S	3.3	ELECTRON MICROSCOPY
6F3C	2.3	X-RAY DIFFRACTION
6F3H	2.703	X-RAY DIFFRACTION
6F40	3.7	ELECTRON MICROSCOPY
6F41	4.3	ELECTRON MICROSCOPY
6F42	5.5	ELECTRON MICROSCOPY
6F44	4.2	ELECTRON MICROSCOPY
6F4A	3.55	X-RAY DIFFRACTION
6F4G	1.9	X-RAY DIFFRACTION
6F4H	2.0	X-RAY DIFFRACTION
6F4Z	\N	SOLUTION NMR
6F57	3.098	X-RAY DIFFRACTION
6F58	2.253	X-RAY DIFFRACTION
6F59	2.151	X-RAY DIFFRACTION
6F5B	2.8	X-RAY DIFFRACTION
6F5F	2.98	X-RAY DIFFRACTION
6F5O	9.8	ELECTRON MICROSCOPY
6FAI	3.4	ELECTRON MICROSCOPY
6FAS	1.9	X-RAY DIFFRACTION
6FB0	2.15	X-RAY DIFFRACTION
6FB1	3.024	X-RAY DIFFRACTION
6FB2	2.95	X-RAY DIFFRACTION
6FB5	2.2	X-RAY DIFFRACTION
6FB6	2.6	X-RAY DIFFRACTION
6FB7	2.689	X-RAY DIFFRACTION
6FB8	2.45	X-RAY DIFFRACTION
6FB9	2.95	X-RAY DIFFRACTION
6FBC	1.54	X-RAY DIFFRACTION
6FBD	2.099	X-RAY DIFFRACTION
6FBE	1.589	X-RAY DIFFRACTION
6FBF	2.001	X-RAY DIFFRACTION
6FBG	1.702	X-RAY DIFFRACTION
6FBH	1.8	X-RAY DIFFRACTION
6FBI	1.9	X-RAY DIFFRACTION
6FBQ	1.6	X-RAY DIFFRACTION
6FBR	2.1	X-RAY DIFFRACTION
6FBU	2.0	X-RAY DIFFRACTION
6FC9	\N	SOLUTION NMR
6FEC	6.3	ELECTRON MICROSCOPY
6FF4	3.4	ELECTRON MICROSCOPY
6FF7	4.5	ELECTRON MICROSCOPY
6FFR	\N	SOLUTION NMR
6FHH	2.7	X-RAY DIFFRACTION
6FHI	2.8	X-RAY DIFFRACTION
6FI8	2.598	X-RAY DIFFRACTION
6FIX	3.8	X-RAY DIFFRACTION
6FJ5	2.051	X-RAY DIFFRACTION
6FK4	2.297	X-RAY DIFFRACTION
6FK5	2.02	X-RAY DIFFRACTION
6FKE	2.151	X-RAY DIFFRACTION
6FKR	3.2	X-RAY DIFFRACTION
6FL1	1.6	X-RAY DIFFRACTION
6FLP	4.1	ELECTRON MICROSCOPY
6FLQ	3.6	ELECTRON MICROSCOPY
6FM4	2.7	X-RAY DIFFRACTION
6FML	4.34	ELECTRON MICROSCOPY
6FN0	2.9	X-RAY DIFFRACTION
6FPQ	1.42	X-RAY DIFFRACTION
6FPX	1.97	X-RAY DIFFRACTION
6FQ2	2.31	X-RAY DIFFRACTION
6FQ3	1.901	X-RAY DIFFRACTION
6FQ5	3.8	ELECTRON MICROSCOPY
6FQ6	4.0	ELECTRON MICROSCOPY
6FQ8	4.8	ELECTRON MICROSCOPY
6FQL	2.349	X-RAY DIFFRACTION
6FQM	3.06	X-RAY DIFFRACTION
6FQP	2.42	X-RAY DIFFRACTION
6FQQ	3.25000253887	X-RAY DIFFRACTION
6FQR	2.1	X-RAY DIFFRACTION
6FQS	3.11	X-RAY DIFFRACTION
6FQV	2.6	X-RAY DIFFRACTION
6FRK	3.7	ELECTRON MICROSCOPY
6FSZ	4.6	ELECTRON MICROSCOPY
6FT6	3.9	ELECTRON MICROSCOPY
6FTG	9.1	ELECTRON MICROSCOPY
6FTI	4.2	ELECTRON MICROSCOPY
6FTJ	4.7	ELECTRON MICROSCOPY
6FTU	2.95	X-RAY DIFFRACTION
6FTX	4.5	ELECTRON MICROSCOPY
6FUW	3.07	ELECTRON MICROSCOPY
6FWK	2.503	X-RAY DIFFRACTION
6FWR	2.5	X-RAY DIFFRACTION
6FWS	2.5	X-RAY DIFFRACTION
6FXC	6.76	ELECTRON MICROSCOPY
6FY6	\N	SOLUTION NMR
6FY7	\N	SOLUTION NMR
6FYX	3.5	ELECTRON MICROSCOPY
6FYY	3.02	ELECTRON MICROSCOPY
6FZ0	2.499	X-RAY DIFFRACTION
6FZS	2.31	X-RAY DIFFRACTION
6FZT	2.46	X-RAY DIFFRACTION
6G0A	2.62	X-RAY DIFFRACTION
6G0L	10.0	ELECTRON MICROSCOPY
6G18	3.6	ELECTRON MICROSCOPY
6G19	3.68	ELECTRON MICROSCOPY
6G1L	2.4	X-RAY DIFFRACTION
6G1S	3.93	ELECTRON MICROSCOPY
6G1T	1.93	X-RAY DIFFRACTION
6G1X	3.93	ELECTRON MICROSCOPY
6G2K	2.01	X-RAY DIFFRACTION
6G2Q	2.148	X-RAY DIFFRACTION
6G3B	1.8	X-RAY DIFFRACTION
6G4S	4.0	ELECTRON MICROSCOPY
6G4W	4.5	ELECTRON MICROSCOPY
6G51	4.1	ELECTRON MICROSCOPY
6G53	4.5	ELECTRON MICROSCOPY
6G5H	3.6	ELECTRON MICROSCOPY
6G5I	3.5	ELECTRON MICROSCOPY
6G63	3.95	X-RAY DIFFRACTION
6G7Z	3.33594999571	X-RAY DIFFRACTION
6G8S	1.66	X-RAY DIFFRACTION
6G90	4.0	ELECTRON MICROSCOPY
6G99	\N	SOLUTION NMR
6GAT	\N	SOLUTION NMR
6GAW	3.2	ELECTRON MICROSCOPY
6GAZ	3.1	ELECTRON MICROSCOPY
6GB2	3.2	ELECTRON MICROSCOPY
6GBM	\N	SOLUTION NMR
6GBZ	3.8	ELECTRON MICROSCOPY
6GC0	3.8	ELECTRON MICROSCOPY
6GC4	4.3	ELECTRON MICROSCOPY
6GC5	1.9	X-RAY DIFFRACTION
6GC6	4.3	ELECTRON MICROSCOPY
6GC7	4.3	ELECTRON MICROSCOPY
6GC8	3.8	ELECTRON MICROSCOPY
6GCD	1.8	X-RAY DIFFRACTION
6GCE	1.6	X-RAY DIFFRACTION
6GCF	1.55	X-RAY DIFFRACTION
6GD2	1.9	X-RAY DIFFRACTION
6GD3	1.35	X-RAY DIFFRACTION
6GDH	2.85	X-RAY DIFFRACTION
6GDN	3.0	X-RAY DIFFRACTION
6GDR	2.33	X-RAY DIFFRACTION
6GDS	2.95	X-RAY DIFFRACTION
6GE1	\N	SOLUTION NMR
6GED	1.794	X-RAY DIFFRACTION
6GEJ	3.6	ELECTRON MICROSCOPY
6GEN	3.6	ELECTRON MICROSCOPY
6GFW	3.7	ELECTRON MICROSCOPY
6GH0	\N	SOLUTION NMR
6GH5	3.4	ELECTRON MICROSCOPY
6GH6	4.1	ELECTRON MICROSCOPY
6GIM	1.43	X-RAY DIFFRACTION
6GIS	2.82	X-RAY DIFFRACTION
6GJZ	4.06	ELECTRON MICROSCOPY
6GKH	4.06	ELECTRON MICROSCOPY
6GKM	3.87	ELECTRON MICROSCOPY
6GLD	1.061	X-RAY DIFFRACTION
6GMH	3.1	ELECTRON MICROSCOPY
6GML	3.2	ELECTRON MICROSCOPY
6GMY	\N	SOLUTION NMR
6GN2	2.48	X-RAY DIFFRACTION
6GN3	2.8	X-RAY DIFFRACTION
6GN4	\N	SOLUTION NMR
6GN7	2.8	X-RAY DIFFRACTION
6GO5	2.35	X-RAY DIFFRACTION
6GO6	2.09	X-RAY DIFFRACTION
6GO7	2.55	X-RAY DIFFRACTION
6GOV	3.7	ELECTRON MICROSCOPY
6GPG	2.894	X-RAY DIFFRACTION
6GPI	\N	SOLUTION NMR
6GQ1	4.4	ELECTRON MICROSCOPY
6GQB	3.9	ELECTRON MICROSCOPY
6GQV	4.0	ELECTRON MICROSCOPY
6GRB	2.4	X-RAY DIFFRACTION
6GRC	2.452	X-RAY DIFFRACTION
6GRD	2.66	X-RAY DIFFRACTION
6GSJ	2.96	X-RAY DIFFRACTION
6GSK	3.36	X-RAY DIFFRACTION
6GSL	3.16	X-RAY DIFFRACTION
6GSM	5.15	ELECTRON MICROSCOPY
6GSN	5.75	ELECTRON MICROSCOPY
6GTC	3.91	ELECTRON MICROSCOPY
6GTD	4.24	ELECTRON MICROSCOPY
6GTE	4.07	ELECTRON MICROSCOPY
6GTF	3.63	ELECTRON MICROSCOPY
6GTG	3.27	ELECTRON MICROSCOPY
6GTS	3.357	X-RAY DIFFRACTION
6GV4	2.8	ELECTRON MICROSCOPY
6GVQ	\N	SOLUTION NMR
6GVT	\N	SOLUTION NMR
6GVU	\N	SOLUTION NMR
6GVY	2.2	X-RAY DIFFRACTION
6GWT	3.8	ELECTRON MICROSCOPY
6GX6	2.0	X-RAY DIFFRACTION
6GXM	3.8	ELECTRON MICROSCOPY
6GXN	3.9	ELECTRON MICROSCOPY
6GXO	3.9	ELECTRON MICROSCOPY
6GXP	4.4	ELECTRON MICROSCOPY
6GY3	2.68	X-RAY DIFFRACTION
6GYK	5.1	ELECTRON MICROSCOPY
6GYL	4.8	ELECTRON MICROSCOPY
6GYM	6.7	ELECTRON MICROSCOPY
6GYS	4.4	ELECTRON MICROSCOPY
6GYV	2.50003617357	X-RAY DIFFRACTION
6GZ3	3.6	ELECTRON MICROSCOPY
6GZ4	3.6	ELECTRON MICROSCOPY
6GZ5	3.5	ELECTRON MICROSCOPY
6GZ6	2.006	X-RAY DIFFRACTION
6GZ7	\N	SOLUTION NMR
6GZK	\N	SOLUTION NMR
6GZN	\N	SOLUTION NMR
6GZQ	3.28	ELECTRON MICROSCOPY
6GZR	\N	SOLUTION NMR
6GZX	4.57	ELECTRON MICROSCOPY
6GZZ	4.13	ELECTRON MICROSCOPY
6H0R	1.73	X-RAY DIFFRACTION
6H0S	1.75	X-RAY DIFFRACTION
6H1K	\N	SOLUTION NMR
6H1V	2.7	X-RAY DIFFRACTION
6H25	3.8	ELECTRON MICROSCOPY
6H3R	2.75	X-RAY DIFFRACTION
6H4N	3.0	ELECTRON MICROSCOPY
6H58	7.9	ELECTRON MICROSCOPY
6H5Q	3.3	ELECTRON MICROSCOPY
6H5R	2.0	X-RAY DIFFRACTION
6H5S	3.3	ELECTRON MICROSCOPY
6H61	4.02	ELECTRON MICROSCOPY
6H66	4.16	ELECTRON MICROSCOPY
6H67	3.6	ELECTRON MICROSCOPY
6H68	4.6	ELECTRON MICROSCOPY
6H8Q	3.631	X-RAY DIFFRACTION
6H9H	1.75	X-RAY DIFFRACTION
6H9I	2.29	X-RAY DIFFRACTION
6HA1	3.1	ELECTRON MICROSCOPY
6HA8	3.5	ELECTRON MICROSCOPY
6HAG	\N	SOLUTION NMR
6HAK	3.95	X-RAY DIFFRACTION
6HAU	1.86	X-RAY DIFFRACTION
6HB4	3.05	X-RAY DIFFRACTION
6HBT	1.66	X-RAY DIFFRACTION
6HBX	1.54	X-RAY DIFFRACTION
6HC3	3.1	X-RAY DIFFRACTION
6HC5	1.413	X-RAY DIFFRACTION
6HCF	3.9	ELECTRON MICROSCOPY
6HCJ	3.8	ELECTRON MICROSCOPY
6HCM	6.8	ELECTRON MICROSCOPY
6HCQ	6.5	ELECTRON MICROSCOPY
6HCT	3.091	X-RAY DIFFRACTION
6HD7	3.4	ELECTRON MICROSCOPY
6HHQ	3.10000049683	X-RAY DIFFRACTION
6HIV	7.8	ELECTRON MICROSCOPY
6HIW	3.37	ELECTRON MICROSCOPY
6HIX	3.39	ELECTRON MICROSCOPY
6HIY	3.27	ELECTRON MICROSCOPY
6HIZ	3.08	ELECTRON MICROSCOPY
6HKO	3.42	ELECTRON MICROSCOPY
6HKT	9.7	X-RAY DIFFRACTION
6HLQ	3.18	ELECTRON MICROSCOPY
6HLR	3.18	ELECTRON MICROSCOPY
6HMA	2.65	ELECTRON MICROSCOPY
6HMI	\N	SOLUTION NMR
6HMO	\N	SOLUTION NMR
6HMS	7.1	ELECTRON MICROSCOPY
6HP7	2.2	X-RAY DIFFRACTION
6HPJ	\N	SOLUTION NMR
6HRM	2.96	ELECTRON MICROSCOPY
6HT5	3.451	X-RAY DIFFRACTION
6HTQ	4.5	ELECTRON MICROSCOPY
6HTS	4.8	ELECTRON MICROSCOPY
6HTU	2.888	X-RAY DIFFRACTION
6HU6	1.904	X-RAY DIFFRACTION
6HV9	4.98	ELECTRON MICROSCOPY
6HWG	1.74	X-RAY DIFFRACTION
6HXX	3.4	ELECTRON MICROSCOPY
6HYK	\N	SOLUTION NMR
6HYU	3.22	X-RAY DIFFRACTION
6I0T	2.0	X-RAY DIFFRACTION
6I0U	2.001	X-RAY DIFFRACTION
6I0V	1.851	X-RAY DIFFRACTION
6I0Y	3.2	ELECTRON MICROSCOPY
6I1K	2.65	X-RAY DIFFRACTION
6I1L	2.98	X-RAY DIFFRACTION
6I1V	\N	SOLUTION NMR
6I1W	\N	SOLUTION NMR
6I2N	3.3	ELECTRON MICROSCOPY
6I3P	2.75	X-RAY DIFFRACTION
6I4N	\N	SOLUTION NMR
6I4O	\N	SOLUTION NMR
6I52	4.7	ELECTRON MICROSCOPY
6I7O	5.3	ELECTRON MICROSCOPY
6I7V	2.9	X-RAY DIFFRACTION
6I84	4.4	ELECTRON MICROSCOPY
6I8A	2.652	X-RAY DIFFRACTION
6I9R	3.9	ELECTRON MICROSCOPY
6IA0	\N	SOLUTION NMR
6IA2	2.27	X-RAY DIFFRACTION
6IA4	\N	SOLUTION NMR
6IBQ	1.55	X-RAY DIFFRACTION
6ICZ	3.0	ELECTRON MICROSCOPY
6ID0	2.9	ELECTRON MICROSCOPY
6ID1	2.86	ELECTRON MICROSCOPY
6IDE	2.51	X-RAY DIFFRACTION
6IDG	2.0	X-RAY DIFFRACTION
6IDO	3.748	X-RAY DIFFRACTION
6IFK	3.2	ELECTRON MICROSCOPY
6IFL	3.16	ELECTRON MICROSCOPY
6IFM	2.804	X-RAY DIFFRACTION
6IFN	2.9	X-RAY DIFFRACTION
6IFO	3.313	X-RAY DIFFRACTION
6IFR	3.4	ELECTRON MICROSCOPY
6IFU	3.05	ELECTRON MICROSCOPY
6IFY	3.8	ELECTRON MICROSCOPY
6IFZ	3.58	ELECTRON MICROSCOPY
6IG0	3.37	ELECTRON MICROSCOPY
6IG1	1.97	X-RAY DIFFRACTION
6IID	2.986	X-RAY DIFFRACTION
6IIQ	1.85	X-RAY DIFFRACTION
6IIR	2.2	X-RAY DIFFRACTION
6IIS	2.358	X-RAY DIFFRACTION
6IIT	2.1	X-RAY DIFFRACTION
6IJ2	1.7	X-RAY DIFFRACTION
6IJV	\N	SOLUTION NMR
6IJW	\N	SOLUTION NMR
6IK9	2.435	X-RAY DIFFRACTION
6IKA	2.598	X-RAY DIFFRACTION
6IMJ	2.554	X-RAY DIFFRACTION
6IMK	2.502	X-RAY DIFFRACTION
6IML	2.35	X-RAY DIFFRACTION
6IMN	2.7	X-RAY DIFFRACTION
6INQ	6.9	ELECTRON MICROSCOPY
6IOD	1.66	X-RAY DIFFRACTION
6IP3	1.4	X-RAY DIFFRACTION
6IP5	3.9	ELECTRON MICROSCOPY
6IP6	4.5	ELECTRON MICROSCOPY
6IP7	1.55	X-RAY DIFFRACTION
6IP8	3.9	ELECTRON MICROSCOPY
6IPD	1.7	X-RAY DIFFRACTION
6IPE	1.7	X-RAY DIFFRACTION
6IPF	1.77	X-RAY DIFFRACTION
6IPG	1.62	X-RAY DIFFRACTION
6IPU	1.99	X-RAY DIFFRACTION
6IQ4	2.25	X-RAY DIFFRACTION
6IQW	3.35	ELECTRON MICROSCOPY
6IR8	2.3	X-RAY DIFFRACTION
6IR9	3.8	ELECTRON MICROSCOPY
6IRO	3.4	ELECTRON MICROSCOPY
6IRQ	1.91	X-RAY DIFFRACTION
6IS0	1.8	X-RAY DIFFRACTION
6IS7	2.8	X-RAY DIFFRACTION
6IS8	1.68	X-RAY DIFFRACTION
6ISF	2.8	X-RAY DIFFRACTION
6ISG	3.401	X-RAY DIFFRACTION
6ISH	3.3	X-RAY DIFFRACTION
6ISI	3.2	X-RAY DIFFRACTION
6ISW	2.3	X-RAY DIFFRACTION
6IUC	3.4	X-RAY DIFFRACTION
6IUD	2.506	X-RAY DIFFRACTION
6IUE	1.901	X-RAY DIFFRACTION
6IV6	3.6	ELECTRON MICROSCOPY
6IV8	2.15	X-RAY DIFFRACTION
6IV9	1.86	X-RAY DIFFRACTION
6IY2	3.47	ELECTRON MICROSCOPY
6IY3	3.67	ELECTRON MICROSCOPY
6IY5	\N	SOLUTION NMR
6IYQ	2.01	X-RAY DIFFRACTION
6IZP	\N	SOLUTION NMR
6J0H	1.52	X-RAY DIFFRACTION
6J0I	2.5	X-RAY DIFFRACTION
6J2W	\N	SOLUTION NMR
6J37	\N	SOLUTION NMR
6J4E	3.126	X-RAY DIFFRACTION
6J4F	2.4	X-RAY DIFFRACTION
6J4G	3.0	X-RAY DIFFRACTION
6J4R	2.8	X-RAY DIFFRACTION
6J4W	7.9	ELECTRON MICROSCOPY
6J4X	4.3	ELECTRON MICROSCOPY
6J4Y	4.3	ELECTRON MICROSCOPY
6J4Z	4.1	ELECTRON MICROSCOPY
6J50	4.7	ELECTRON MICROSCOPY
6J51	4.2	ELECTRON MICROSCOPY
6J5B	2.7	X-RAY DIFFRACTION
6J6G	3.2	ELECTRON MICROSCOPY
6J6H	3.6	ELECTRON MICROSCOPY
6J6N	3.86	ELECTRON MICROSCOPY
6J6Q	3.7	ELECTRON MICROSCOPY
6J7Y	2.203	X-RAY DIFFRACTION
6J7Z	2.005	X-RAY DIFFRACTION
6J80	1.812	X-RAY DIFFRACTION
6J99	4.1	ELECTRON MICROSCOPY
6J9A	2.915	X-RAY DIFFRACTION
6J9B	1.9	X-RAY DIFFRACTION
6J9C	3.102	X-RAY DIFFRACTION
6J9E	3.41	ELECTRON MICROSCOPY
6J9F	\N	ELECTRON MICROSCOPY
6JBF	2.6	X-RAY DIFFRACTION
6JBG	3.1	X-RAY DIFFRACTION
6JBQ	4.02	ELECTRON MICROSCOPY
6JBX	2.2	X-RAY DIFFRACTION
6JC3	4.8	ELECTRON MICROSCOPY
6JCD	\N	SOLUTION NMR
6JCE	\N	SOLUTION NMR
6JCX	2.903	X-RAY DIFFRACTION
6JCY	3.106	X-RAY DIFFRACTION
6JDG	2.388	X-RAY DIFFRACTION
6JDQ	2.95	X-RAY DIFFRACTION
6JDV	3.1	X-RAY DIFFRACTION
6JE3	2.931	X-RAY DIFFRACTION
6JE4	3.069	X-RAY DIFFRACTION
6JE9	3.46	X-RAY DIFFRACTION
6JFU	3.2	X-RAY DIFFRACTION
6JG8	2.097	X-RAY DIFFRACTION
6JGW	2.8	X-RAY DIFFRACTION
6JGX	2.71	X-RAY DIFFRACTION
6JHE	3.101	X-RAY DIFFRACTION
6JIM	2.0	X-RAY DIFFRACTION
6JIP	1.659	X-RAY DIFFRACTION
6JIQ	1.67	X-RAY DIFFRACTION
6JJ0	\N	SOLUTION NMR
6JJE	1.378	X-RAY DIFFRACTION
6JJF	1.47	X-RAY DIFFRACTION
6JJG	1.969	X-RAY DIFFRACTION
6JJH	1.74	X-RAY DIFFRACTION
6JJI	3.1	X-RAY DIFFRACTION
6JKN	1.401	X-RAY DIFFRACTION
6JM9	7.3	ELECTRON MICROSCOPY
6JMA	6.8	ELECTRON MICROSCOPY
6JNI	2.9	X-RAY DIFFRACTION
6JNL	2.15	X-RAY DIFFRACTION
6JNM	2.05	X-RAY DIFFRACTION
6JNN	2.6	X-RAY DIFFRACTION
6JNX	4.08	ELECTRON MICROSCOPY
6JOO	2.9	X-RAY DIFFRACTION
6JOU	2.17	X-RAY DIFFRACTION
6JPI	3.143	X-RAY DIFFRACTION
6JQ5	2.059	X-RAY DIFFRACTION
6JQ6	2.626	X-RAY DIFFRACTION
6JR0	2.5	X-RAY DIFFRACTION
6JR1	2.4	X-RAY DIFFRACTION
6JR4	1.798	X-RAY DIFFRACTION
6JRF	2.047	X-RAY DIFFRACTION
6JRG	2.005	X-RAY DIFFRACTION
6JRP	3.0	X-RAY DIFFRACTION
6JTQ	2.48	X-RAY DIFFRACTION
6JUL	2.3	X-RAY DIFFRACTION
6JUM	1.78	X-RAY DIFFRACTION
6JUN	2.51	X-RAY DIFFRACTION
6JUO	2.16	X-RAY DIFFRACTION
6JUP	2.44	X-RAY DIFFRACTION
6JUQ	2.74	X-RAY DIFFRACTION
6JUR	2.06	X-RAY DIFFRACTION
6JUS	2.5	X-RAY DIFFRACTION
6JV3	2.851	X-RAY DIFFRACTION
6JV5	1.401	X-RAY DIFFRACTION
6JVX	2.301	X-RAY DIFFRACTION
6JVY	2.003	X-RAY DIFFRACTION
6JVZ	2.48	X-RAY DIFFRACTION
6JW0	2.2	X-RAY DIFFRACTION
6JW1	2.49	X-RAY DIFFRACTION
6JW2	3.03	X-RAY DIFFRACTION
6JW3	3.1	X-RAY DIFFRACTION
6JW4	3.09	X-RAY DIFFRACTION
6JW5	2.99	X-RAY DIFFRACTION
6JWD	\N	SOLUTION NMR
6JWE	\N	SOLUTION NMR
6JXD	2.25	X-RAY DIFFRACTION
6JXM	3.32	X-RAY DIFFRACTION
6JYL	3.37	ELECTRON MICROSCOPY
6JYW	2.95	X-RAY DIFFRACTION
6K0A	4.6	ELECTRON MICROSCOPY
6K0B	4.3	ELECTRON MICROSCOPY
6K1I	2.75	X-RAY DIFFRACTION
6K1J	2.85	X-RAY DIFFRACTION
6K1K	2.2	X-RAY DIFFRACTION
6K1P	3.87	ELECTRON MICROSCOPY
6K2J	2.4	X-RAY DIFFRACTION
6K32	3.2	ELECTRON MICROSCOPY
6K3J	\N	SOLUTION NMR
6K3K	\N	SOLUTION NMR
6K3X	\N	SOLUTION NMR
6K3Y	\N	SOLUTION NMR
6K3Z	3.2	X-RAY DIFFRACTION
6K4P	2.9	X-RAY DIFFRACTION
6K4Q	2.7	X-RAY DIFFRACTION
6K4S	3.01	X-RAY DIFFRACTION
6K4U	3.2	X-RAY DIFFRACTION
6K4Y	3.79	ELECTRON MICROSCOPY
6K57	2.98	X-RAY DIFFRACTION
6K84	\N	SOLUTION NMR
6K8O	2.5	X-RAY DIFFRACTION
6KBS	1.601	X-RAY DIFFRACTION
6KBX	1.221	X-RAY DIFFRACTION
6KBZ	1.653	X-RAY DIFFRACTION
6KC7	3.3	X-RAY DIFFRACTION
6KC8	2.9	X-RAY DIFFRACTION
6KCO	2.4	X-RAY DIFFRACTION
6KCP	1.8	X-RAY DIFFRACTION
6KCQ	1.701	X-RAY DIFFRACTION
6KCS	2.1	X-RAY DIFFRACTION
6KDA	2.909	X-RAY DIFFRACTION
6KDB	2.862	X-RAY DIFFRACTION
6KDI	2.7	X-RAY DIFFRACTION
6KDJ	2.51	X-RAY DIFFRACTION
6KDK	2.56	X-RAY DIFFRACTION
6KDM	2.32	X-RAY DIFFRACTION
6KDN	2.303	X-RAY DIFFRACTION
6KDO	2.573	X-RAY DIFFRACTION
6KDV	3.11	X-RAY DIFFRACTION
6KE6	3.4	ELECTRON MICROSCOPY
6KE9	2.22	X-RAY DIFFRACTION
6KF9	3.79	ELECTRON MICROSCOPY
6KFI	\N	SOLUTION NMR
6KFJ	\N	SOLUTION NMR
6KFL	1.92	X-RAY DIFFRACTION
6KHY	3.008	X-RAY DIFFRACTION
6KI3	2.354	X-RAY DIFFRACTION
6KI6	2.5	X-RAY DIFFRACTION
6KIJ	1.58	X-RAY DIFFRACTION
6KIU	3.2	ELECTRON MICROSCOPY
6KIV	4.0	ELECTRON MICROSCOPY
6KIW	4.0	ELECTRON MICROSCOPY
6KIX	4.1	ELECTRON MICROSCOPY
6KIZ	4.5	ELECTRON MICROSCOPY
6KJ6	3.8	ELECTRON MICROSCOPY
6KKS	2.15	X-RAY DIFFRACTION
6KL9	3.25	ELECTRON MICROSCOPY
6KLB	4.1	ELECTRON MICROSCOPY
6KLE	4.5	ELECTRON MICROSCOPY
6KLH	3.7	ELECTRON MICROSCOPY
6KN4	\N	SOLUTION NMR
6KNB	6.9	ELECTRON MICROSCOPY
6KNC	9.3	ELECTRON MICROSCOPY
6KON	3.0	X-RAY DIFFRACTION
6KOO	2.8	X-RAY DIFFRACTION
6KOP	3.303	X-RAY DIFFRACTION
6KOQ	3.353	X-RAY DIFFRACTION
6KQD	3.3	X-RAY DIFFRACTION
6KQE	3.3	X-RAY DIFFRACTION
6KQF	2.45	X-RAY DIFFRACTION
6KQG	2.783	X-RAY DIFFRACTION
6KQH	3.18	X-RAY DIFFRACTION
6KQL	2.89	X-RAY DIFFRACTION
6KQM	3.197	X-RAY DIFFRACTION
6KQN	3.489	X-RAY DIFFRACTION
6KR6	2.9	X-RAY DIFFRACTION
6KSF	2.4	X-RAY DIFFRACTION
6KTC	2.008	X-RAY DIFFRACTION
6KUG	1.4	X-RAY DIFFRACTION
6KUJ	3.4	ELECTRON MICROSCOPY
6KUK	3.9	ELECTRON MICROSCOPY
6KUP	4.3	ELECTRON MICROSCOPY
6KUR	3.7	ELECTRON MICROSCOPY
6KUT	4.1	ELECTRON MICROSCOPY
6KUU	4.0	ELECTRON MICROSCOPY
6KUV	4.1	ELECTRON MICROSCOPY
6KVB	\N	SOLUTION NMR
6KVD	2.21	X-RAY DIFFRACTION
6KVO	2.5	X-RAY DIFFRACTION
6KW3	7.13	ELECTRON MICROSCOPY
6KW4	7.55	ELECTRON MICROSCOPY
6KW5	10.13	ELECTRON MICROSCOPY
6KWQ	1.76	X-RAY DIFFRACTION
6KWR	2.5	X-RAY DIFFRACTION
6KXV	3.63	X-RAY DIFFRACTION
6KXZ	\N	SOLUTION NMR
6KYV	3.0	X-RAY DIFFRACTION
6L0Y	3.0	X-RAY DIFFRACTION
6L1W	2.194	X-RAY DIFFRACTION
6L2N	2.45	X-RAY DIFFRACTION
6L2O	2.2	X-RAY DIFFRACTION
6L3G	3.3	X-RAY DIFFRACTION
6L49	18.9	ELECTRON MICROSCOPY
6L4A	12.3	ELECTRON MICROSCOPY
6L5N	2.242	X-RAY DIFFRACTION
6L6L	2.781	X-RAY DIFFRACTION
6L6Q	2.601	X-RAY DIFFRACTION
6L6S	2.0642595849	X-RAY DIFFRACTION
6L6Y	3.0	X-RAY DIFFRACTION
6L74	3.12	X-RAY DIFFRACTION
6L75	1.578	X-RAY DIFFRACTION
6L76	2.94	X-RAY DIFFRACTION
6L84	2.602	X-RAY DIFFRACTION
6L8E	2.35	X-RAY DIFFRACTION
6L8M	\N	SOLUTION NMR
6L92	\N	SOLUTION NMR
6L97	2.362	X-RAY DIFFRACTION
6L9H	2.6	X-RAY DIFFRACTION
6L9Z	2.5	X-RAY DIFFRACTION
6LA2	3.89	X-RAY DIFFRACTION
6LA8	3.4	X-RAY DIFFRACTION
6LA9	3.7	X-RAY DIFFRACTION
6LAB	3.2	X-RAY DIFFRACTION
6LAE	2.81	X-RAY DIFFRACTION
6LAS	2.708	X-RAY DIFFRACTION
6LAU	3.109	X-RAY DIFFRACTION
6LAX	2.7	X-RAY DIFFRACTION
6LAZ	2.76	X-RAY DIFFRACTION
6LB3	2.497	X-RAY DIFFRACTION
6LBI	3.067	X-RAY DIFFRACTION
6LBM	2.841	X-RAY DIFFRACTION
6LBR	2.5	X-RAY DIFFRACTION
6LBW	1.501	X-RAY DIFFRACTION
6LC1	3.12	X-RAY DIFFRACTION
6LCT	2.55	X-RAY DIFFRACTION
6LDI	3.69	ELECTRON MICROSCOPY
6LDM	2.4	X-RAY DIFFRACTION
6LE9	2.6	X-RAY DIFFRACTION
6LER	3.0	X-RAY DIFFRACTION
6LEW	2.48	X-RAY DIFFRACTION
6LFF	1.79	X-RAY DIFFRACTION
6LKQ	3.1	X-RAY DIFFRACTION
6LLB	2.6	X-RAY DIFFRACTION
6LMJ	2.8	X-RAY DIFFRACTION
6LMR	\N	SOLUTION NMR
6LNB	3.18	ELECTRON MICROSCOPY
6LNC	3.21	ELECTRON MICROSCOPY
6LNZ	\N	SOLUTION NMR
6LQF	1.5	X-RAY DIFFRACTION
6LQM	3.09	ELECTRON MICROSCOPY
6LQP	3.2	ELECTRON MICROSCOPY
6LQQ	4.1	ELECTRON MICROSCOPY
6LQR	8.6	ELECTRON MICROSCOPY
6LQS	3.8	ELECTRON MICROSCOPY
6LQT	4.9	ELECTRON MICROSCOPY
6LQU	3.7	ELECTRON MICROSCOPY
6LQV	4.8	ELECTRON MICROSCOPY
6LRD	1.90133495575	X-RAY DIFFRACTION
6LSE	2.25	X-RAY DIFFRACTION
6LSF	2.152	X-RAY DIFFRACTION
6LSG	2.14	X-RAY DIFFRACTION
6LSH	2.231	X-RAY DIFFRACTION
6LSR	3.13	ELECTRON MICROSCOPY
6LSS	3.23	ELECTRON MICROSCOPY
6LT7	2.7	X-RAY DIFFRACTION
6LTJ	3.7	ELECTRON MICROSCOPY
6LTP	3.4	X-RAY DIFFRACTION
6LTR	2.51	X-RAY DIFFRACTION
6LTS	3.45	X-RAY DIFFRACTION
6LTU	2.57	X-RAY DIFFRACTION
6LTY	3.28	X-RAY DIFFRACTION
6LU0	3.22	X-RAY DIFFRACTION
6LU8	3.13	ELECTRON MICROSCOPY
6LUI	1.781	X-RAY DIFFRACTION
6LVR	2.85	X-RAY DIFFRACTION
6LWA	2.76	X-RAY DIFFRACTION
6LWB	2.55	X-RAY DIFFRACTION
6LWC	2.91	X-RAY DIFFRACTION
6LWD	2.41	X-RAY DIFFRACTION
6LWF	2.79	X-RAY DIFFRACTION
6LWG	2.53	X-RAY DIFFRACTION
6LWH	2.78	X-RAY DIFFRACTION
6LWI	2.72	X-RAY DIFFRACTION
6LWJ	2.83	X-RAY DIFFRACTION
6LWK	2.88	X-RAY DIFFRACTION
6LWL	2.55	X-RAY DIFFRACTION
6LWM	2.67	X-RAY DIFFRACTION
6LWN	2.74	X-RAY DIFFRACTION
6LWO	2.51	X-RAY DIFFRACTION
6LWP	2.64	X-RAY DIFFRACTION
6LWQ	2.89	X-RAY DIFFRACTION
6LWR	2.9	X-RAY DIFFRACTION
6LXD	3.9	ELECTRON MICROSCOPY
6LXN	2.93	X-RAY DIFFRACTION
6M05	\N	SOLUTION NMR
6M0B	\N	SOLUTION NMR
6M0C	\N	SOLUTION NMR
6M0V	3.0	X-RAY DIFFRACTION
6M0W	2.76	X-RAY DIFFRACTION
6M0X	2.561	X-RAY DIFFRACTION
6M2P	1.13	X-RAY DIFFRACTION
6M2V	3.0	X-RAY DIFFRACTION
6M3D	1.6	X-RAY DIFFRACTION
6M3L	2.75	X-RAY DIFFRACTION
6M3V	4.6	X-RAY DIFFRACTION
6M44	3.81	X-RAY DIFFRACTION
6M4D	4.4	ELECTRON MICROSCOPY
6M4G	2.8	ELECTRON MICROSCOPY
6M4H	3.9	ELECTRON MICROSCOPY
6M4T	1.55	X-RAY DIFFRACTION
6M5B	1.501	X-RAY DIFFRACTION
6M5J	1.65	X-RAY DIFFRACTION
6M62	3.2	ELECTRON MICROSCOPY
6M6A	5.0	ELECTRON MICROSCOPY
6M6B	4.1	ELECTRON MICROSCOPY
6M6C	3.1	ELECTRON MICROSCOPY
6M6J	\N	SOLUTION NMR
6M6K	\N	SOLUTION NMR
6M6R	1.89	X-RAY DIFFRACTION
6M6S	1.6	X-RAY DIFFRACTION
6M6V	3.08	X-RAY DIFFRACTION
6M75	2.57	X-RAY DIFFRACTION
6M7D	2.9	ELECTRON MICROSCOPY
6M7J	4.4	ELECTRON MICROSCOPY
6M7K	1.1	X-RAY DIFFRACTION
6M7O	3.0	X-RAY DIFFRACTION
6M7P	1.75	X-RAY DIFFRACTION
6M7T	2.8	X-RAY DIFFRACTION
6M7U	3.4	X-RAY DIFFRACTION
6M7V	3.062	X-RAY DIFFRACTION
6MC2	1.05	X-RAY DIFFRACTION
6MC3	1.57	X-RAY DIFFRACTION
6MC4	2.25	X-RAY DIFFRACTION
6MCB	3.4	ELECTRON MICROSCOPY
6MCC	3.9	ELECTRON MICROSCOPY
6MCE	\N	SOLUTION NMR
6MCF	\N	SOLUTION NMR
6MCI	\N	SOLUTION NMR
6MDX	1.55	X-RAY DIFFRACTION
6MDZ	3.4	X-RAY DIFFRACTION
6ME0	3.6	ELECTRON MICROSCOPY
6MEC	3.6	ELECTRON MICROSCOPY
6MFN	2.5	X-RAY DIFFRACTION
6MFR	3.6	X-RAY DIFFRACTION
6MG1	1.75	X-RAY DIFFRACTION
6MG2	1.928	X-RAY DIFFRACTION
6MG3	2.05	X-RAY DIFFRACTION
6MHT	2.05	X-RAY DIFFRACTION
6MIG	1.7	X-RAY DIFFRACTION
6MIH	1.6	X-RAY DIFFRACTION
6MII	3.15	X-RAY DIFFRACTION
6MIK	1.7	X-RAY DIFFRACTION
6MJ0	3.1	X-RAY DIFFRACTION
6MKN	3.46	X-RAY DIFFRACTION
6ML2	1.874	X-RAY DIFFRACTION
6ML3	1.683	X-RAY DIFFRACTION
6ML4	1.482	X-RAY DIFFRACTION
6ML5	1.65	X-RAY DIFFRACTION
6ML6	1.54	X-RAY DIFFRACTION
6ML7	1.75	X-RAY DIFFRACTION
6MP3	1.907	X-RAY DIFFRACTION
6MPF	3.33	X-RAY DIFFRACTION
6MPI	3.33	X-RAY DIFFRACTION
6MQ8	1.969	X-RAY DIFFRACTION
6MR7	2.144	X-RAY DIFFRACTION
6MR8	1.897	X-RAY DIFFRACTION
6MRJ	2.8	X-RAY DIFFRACTION
6MSF	2.8	X-RAY DIFFRACTION
6MTB	3.6	ELECTRON MICROSCOPY
6MTC	3.4	ELECTRON MICROSCOPY
6MTD	3.3	ELECTRON MICROSCOPY
6MTE	3.4	ELECTRON MICROSCOPY
6MU4	1.62	X-RAY DIFFRACTION
6MU5	1.912	X-RAY DIFFRACTION
6MUO	3.6	ELECTRON MICROSCOPY
6MUP	3.5	ELECTRON MICROSCOPY
6MUR	3.1	ELECTRON MICROSCOPY
6MUS	3.6	ELECTRON MICROSCOPY
6MUT	3.1	ELECTRON MICROSCOPY
6MUU	3.0	ELECTRON MICROSCOPY
6MWN	2.838	X-RAY DIFFRACTION
6MXO	2.04	X-RAY DIFFRACTION
6MXQ	\N	SOLUTION NMR
6MZM	7.5	ELECTRON MICROSCOPY
6N1D	3.2	X-RAY DIFFRACTION
6N1P	6.35	ELECTRON MICROSCOPY
6N2R	2.1	X-RAY DIFFRACTION
6N2S	2.457	X-RAY DIFFRACTION
6N2T	2.6	X-RAY DIFFRACTION
6N2V	2.85	X-RAY DIFFRACTION
6N4C	17.0	ELECTRON MICROSCOPY
6N4G	1.4	X-RAY DIFFRACTION
6N4O	2.899	X-RAY DIFFRACTION
6N5K	3.098	X-RAY DIFFRACTION
6N5N	2.951	X-RAY DIFFRACTION
6N5O	2.708	X-RAY DIFFRACTION
6N5P	2.991	X-RAY DIFFRACTION
6N5Q	2.946	X-RAY DIFFRACTION
6N5S	2.802	X-RAY DIFFRACTION
6N5T	2.787	X-RAY DIFFRACTION
6N60	3.68	X-RAY DIFFRACTION
6N61	3.253	X-RAY DIFFRACTION
6N62	3.803	X-RAY DIFFRACTION
6N65	1.6	X-RAY DIFFRACTION
6N6A	1.5	X-RAY DIFFRACTION
6N6C	1.619	X-RAY DIFFRACTION
6N6D	1.534	X-RAY DIFFRACTION
6N6E	1.578	X-RAY DIFFRACTION
6N6F	1.735	X-RAY DIFFRACTION
6N6G	2.018	X-RAY DIFFRACTION
6N6H	1.757	X-RAY DIFFRACTION
6N6I	1.431	X-RAY DIFFRACTION
6N6J	1.317	X-RAY DIFFRACTION
6N6K	1.418	X-RAY DIFFRACTION
6N7I	3.2	ELECTRON MICROSCOPY
6N7N	3.5	ELECTRON MICROSCOPY
6N7P	3.6	ELECTRON MICROSCOPY
6N7R	3.2	ELECTRON MICROSCOPY
6N7S	4.6	ELECTRON MICROSCOPY
6N7T	3.9	ELECTRON MICROSCOPY
6N7V	3.8	ELECTRON MICROSCOPY
6N7W	4.5	ELECTRON MICROSCOPY
6N7X	3.6	ELECTRON MICROSCOPY
6N8F	\N	SOLUTION NMR
6N8H	\N	SOLUTION NMR
6N8I	\N	SOLUTION NMR
6N8J	3.5	ELECTRON MICROSCOPY
6N8K	3.6	ELECTRON MICROSCOPY
6N8L	3.6	ELECTRON MICROSCOPY
6N8M	3.5	ELECTRON MICROSCOPY
6N8N	3.8	ELECTRON MICROSCOPY
6N8O	3.5	ELECTRON MICROSCOPY
6N9E	3.7	X-RAY DIFFRACTION
6N9F	3.7	X-RAY DIFFRACTION
6N9U	3.7	ELECTRON MICROSCOPY
6N9V	4.0	ELECTRON MICROSCOPY
6N9W	4.0	ELECTRON MICROSCOPY
6N9X	4.1	ELECTRON MICROSCOPY
6NBJ	2.94	X-RAY DIFFRACTION
6NCE	2.598	X-RAY DIFFRACTION
6NCM	2.704	X-RAY DIFFRACTION
6ND4	4.3	ELECTRON MICROSCOPY
6ND5	2.6	X-RAY DIFFRACTION
6ND6	2.85	X-RAY DIFFRACTION
6NDK	3.64	X-RAY DIFFRACTION
6NE0	3.4	ELECTRON MICROSCOPY
6NE3	3.9	ELECTRON MICROSCOPY
6NEB	\N	SOLUTION NMR
6NEQ	3.32	ELECTRON MICROSCOPY
6NF8	3.48	ELECTRON MICROSCOPY
6NIT	3.8	X-RAY DIFFRACTION
6NIZ	0.93	X-RAY DIFFRACTION
6NJ9	2.96	ELECTRON MICROSCOPY
6NJQ	2.75	X-RAY DIFFRACTION
6NJU	2.35	X-RAY DIFFRACTION
6NKR	2.45	X-RAY DIFFRACTION
6NKS	2.349	X-RAY DIFFRACTION
6NKT	2.6	X-RAY DIFFRACTION
6NKU	1.9	X-RAY DIFFRACTION
6NKV	1.85	X-RAY DIFFRACTION
6NKW	1.98	X-RAY DIFFRACTION
6NKX	1.98	X-RAY DIFFRACTION
6NKY	2.094	X-RAY DIFFRACTION
6NKZ	2.01	X-RAY DIFFRACTION
6NL0	1.97	X-RAY DIFFRACTION
6NM9	3.38	ELECTRON MICROSCOPY
6NMA	3.38	ELECTRON MICROSCOPY
6NMC	4.24	ELECTRON MICROSCOPY
6NMD	3.49	ELECTRON MICROSCOPY
6NME	5.67	ELECTRON MICROSCOPY
6NN6	3.9	ELECTRON MICROSCOPY
6NOA	\N	SOLUTION NMR
6NOC	2.849	X-RAY DIFFRACTION
6NOD	2.547	X-RAY DIFFRACTION
6NOF	2.251	X-RAY DIFFRACTION
6NOG	3.9	ELECTRON MICROSCOPY
6NOH	2.249	X-RAY DIFFRACTION
6NQA	3.54	ELECTRON MICROSCOPY
6NQB	3.8	ELECTRON MICROSCOPY
6NSH	3.397	X-RAY DIFFRACTION
6NSM	2.8	X-RAY DIFFRACTION
6NSN	2.6	X-RAY DIFFRACTION
6NSR	3.0	X-RAY DIFFRACTION
6NTA	3.1	X-RAY DIFFRACTION
6NU2	3.9	ELECTRON MICROSCOPY
6NU3	4.4	ELECTRON MICROSCOPY
6NUA	1.64	X-RAY DIFFRACTION
6NUD	3.5	ELECTRON MICROSCOPY
6NUE	3.3	ELECTRON MICROSCOPY
6NUH	1.594	X-RAY DIFFRACTION
6NUO	3.2	X-RAY DIFFRACTION
6NUT	3.1	ELECTRON MICROSCOPY
6NWY	3.5	X-RAY DIFFRACTION
6NY1	4.2	ELECTRON MICROSCOPY
6NY2	3.2	ELECTRON MICROSCOPY
6NY3	3.7	ELECTRON MICROSCOPY
6NY5	3.002	X-RAY DIFFRACTION
6NY6	3.74	X-RAY DIFFRACTION
6NZO	3.8	ELECTRON MICROSCOPY
6O0X	3.28	ELECTRON MICROSCOPY
6O0Y	3.37	ELECTRON MICROSCOPY
6O0Z	3.3	ELECTRON MICROSCOPY
6O16	2.875	X-RAY DIFFRACTION
6O19	1.596	X-RAY DIFFRACTION
6O1D	3.395	ELECTRON MICROSCOPY
6O1K	3.13	ELECTRON MICROSCOPY
6O1L	3.37	ELECTRON MICROSCOPY
6O1M	3.15	ELECTRON MICROSCOPY
6O1O	3.8	ELECTRON MICROSCOPY
6O2L	\N	SOLUTION NMR
6O3M	3.97	X-RAY DIFFRACTION
6O3T	3.06	X-RAY DIFFRACTION
6O5F	2.504	X-RAY DIFFRACTION
6O6C	3.1	ELECTRON MICROSCOPY
6O6K	3.601	X-RAY DIFFRACTION
6O6P	3.851	X-RAY DIFFRACTION
6O6V	2.35	X-RAY DIFFRACTION
6O6X	2.11	X-RAY DIFFRACTION
6O71	2.55	X-RAY DIFFRACTION
6O75	2.6	X-RAY DIFFRACTION
6O78	2.8	X-RAY DIFFRACTION
6O79	3.0	X-RAY DIFFRACTION
6O7B	2.4	X-RAY DIFFRACTION
6O7E	3.2	ELECTRON MICROSCOPY
6O7H	2.9	ELECTRON MICROSCOPY
6O7I	3.2	ELECTRON MICROSCOPY
6O7K	4.2	ELECTRON MICROSCOPY
6O8E	2.61	X-RAY DIFFRACTION
6O8F	2.81	X-RAY DIFFRACTION
6O8G	2.64	X-RAY DIFFRACTION
6O8H	2.39	X-RAY DIFFRACTION
6O8Q	3.216	X-RAY DIFFRACTION
6O8W	3.53	ELECTRON MICROSCOPY
6O8X	3.68	ELECTRON MICROSCOPY
6O8Y	4.14	ELECTRON MICROSCOPY
6O8Z	3.49	ELECTRON MICROSCOPY
6O90	3.49	ELECTRON MICROSCOPY
6O96	3.5	ELECTRON MICROSCOPY
6O97	2.75	X-RAY DIFFRACTION
6O9E	2.4	X-RAY DIFFRACTION
6O9J	3.9	ELECTRON MICROSCOPY
6O9K	4.0	ELECTRON MICROSCOPY
6O9L	7.2	ELECTRON MICROSCOPY
6OAJ	4.092	X-RAY DIFFRACTION
6OBJ	3.5	ELECTRON MICROSCOPY
6OD3	1.494	X-RAY DIFFRACTION
6OD4	1.699	X-RAY DIFFRACTION
6OD5	2.05	X-RAY DIFFRACTION
6OD9	4.102	X-RAY DIFFRACTION
6OE7	2.2	X-RAY DIFFRACTION
6OEA	2.1	X-RAY DIFFRACTION
6OEB	2.1	X-RAY DIFFRACTION
6OEM	3.6	ELECTRON MICROSCOPY
6OEN	4.3	ELECTRON MICROSCOPY
6OEO	3.69	ELECTRON MICROSCOPY
6OEP	3.7	ELECTRON MICROSCOPY
6OEQ	4.3	ELECTRON MICROSCOPY
6OER	3.29	ELECTRON MICROSCOPY
6OES	3.06	ELECTRON MICROSCOPY
6OET	3.4	ELECTRON MICROSCOPY
6OF1	2.8	X-RAY DIFFRACTION
6OF6	3.2	X-RAY DIFFRACTION
6OFX	3.3	ELECTRON MICROSCOPY
6OG7	3.3	ELECTRON MICROSCOPY
6OGF	3.9	ELECTRON MICROSCOPY
6OGG	4.2	ELECTRON MICROSCOPY
6OGI	3.4	ELECTRON MICROSCOPY
6OGJ	1.8	X-RAY DIFFRACTION
6OGK	1.65	X-RAY DIFFRACTION
6OGY	3.4	ELECTRON MICROSCOPY
6OGZ	3.6	ELECTRON MICROSCOPY
6OIG	3.8	ELECTRON MICROSCOPY
6OJ2	3.2	X-RAY DIFFRACTION
6OJ6	4.2	ELECTRON MICROSCOPY
6OKK	3.3	ELECTRON MICROSCOPY
6OL3	2.74	X-RAY DIFFRACTION
6OLA	3.3	ELECTRON MICROSCOPY
6OLE	3.1	ELECTRON MICROSCOPY
6OLF	3.9	ELECTRON MICROSCOPY
6OLG	3.4	ELECTRON MICROSCOPY
6OLI	3.5	ELECTRON MICROSCOPY
6OLZ	3.9	ELECTRON MICROSCOPY
6OM0	3.1	ELECTRON MICROSCOPY
6OM3	3.3	X-RAY DIFFRACTION
6OM6	3.1	ELECTRON MICROSCOPY
6OM7	3.7	ELECTRON MICROSCOPY
6OMF	3.26	ELECTRON MICROSCOPY
6OMV	3.9	ELECTRON MICROSCOPY
6ON0	1.6	X-RAY DIFFRACTION
6OON	1.9	X-RAY DIFFRACTION
6OOV	2.2	X-RAY DIFFRACTION
6OPE	3.1	X-RAY DIFFRACTION
6OPM	3.1	X-RAY DIFFRACTION
6OR7	2.53	X-RAY DIFFRACTION
6ORD	3.1	X-RAY DIFFRACTION
6ORE	2.9	ELECTRON MICROSCOPY
6ORL	3.5	ELECTRON MICROSCOPY
6OSI	4.14	X-RAY DIFFRACTION
6OSK	3.6	ELECTRON MICROSCOPY
6OSQ	3.5	ELECTRON MICROSCOPY
6OST	4.2	ELECTRON MICROSCOPY
6OT3	3.9	ELECTRON MICROSCOPY
6OTR	3.12	X-RAY DIFFRACTION
6OTZ	2.857	X-RAY DIFFRACTION
6OUL	3.4	ELECTRON MICROSCOPY
6OUN	2.656	X-RAY DIFFRACTION
6OUO	3.7	ELECTRON MICROSCOPY
6OV0	2.8	X-RAY DIFFRACTION
6OVR	2.843	X-RAY DIFFRACTION
6OVY	2.999	X-RAY DIFFRACTION
6OW3	2.766	X-RAY DIFFRACTION
6OWL	2.0	X-RAY DIFFRACTION
6OXA	3.25	X-RAY DIFFRACTION
6OXI	3.495	X-RAY DIFFRACTION
6OY5	3.1	X-RAY DIFFRACTION
6OY6	3.096	X-RAY DIFFRACTION
6OY7	3.04	X-RAY DIFFRACTION
6OZF	1.8	X-RAY DIFFRACTION
6OZG	1.93	X-RAY DIFFRACTION
6OZH	3.026	X-RAY DIFFRACTION
6OZI	2.302	X-RAY DIFFRACTION
6OZJ	2.247	X-RAY DIFFRACTION
6OZK	2.104	X-RAY DIFFRACTION
6OZL	2.1	X-RAY DIFFRACTION
6OZM	2.15	X-RAY DIFFRACTION
6OZN	1.9	X-RAY DIFFRACTION
6OZO	2.235	X-RAY DIFFRACTION
6OZP	1.96	X-RAY DIFFRACTION
6OZQ	2.153	X-RAY DIFFRACTION
6OZR	2.15	X-RAY DIFFRACTION
6OZS	2.41	X-RAY DIFFRACTION
6P09	2.052	X-RAY DIFFRACTION
6P0A	2.05	X-RAY DIFFRACTION
6P0B	2.203	X-RAY DIFFRACTION
6P0C	1.55	X-RAY DIFFRACTION
6P0D	1.75	X-RAY DIFFRACTION
6P0E	1.85	X-RAY DIFFRACTION
6P0G	2.27	X-RAY DIFFRACTION
6P0S	2.7	X-RAY DIFFRACTION
6P0T	3.603	X-RAY DIFFRACTION
6P0U	3.3	X-RAY DIFFRACTION
6P18	3.5	ELECTRON MICROSCOPY
6P19	3.8	ELECTRON MICROSCOPY
6P1A	2.837	X-RAY DIFFRACTION
6P1H	3.2	ELECTRON MICROSCOPY
6P1I	2.74	X-RAY DIFFRACTION
6P1M	1.65	X-RAY DIFFRACTION
6P1N	1.6	X-RAY DIFFRACTION
6P1O	1.65	X-RAY DIFFRACTION
6P1P	1.75	X-RAY DIFFRACTION
6P1Q	1.9	X-RAY DIFFRACTION
6P1R	1.701	X-RAY DIFFRACTION
6P1S	1.75	X-RAY DIFFRACTION
6P1T	1.7	X-RAY DIFFRACTION
6P1U	1.75	X-RAY DIFFRACTION
6P1V	1.95	X-RAY DIFFRACTION
6P1W	1.751	X-RAY DIFFRACTION
6P1X	2.553	X-RAY DIFFRACTION
6P2G	2.99	X-RAY DIFFRACTION
6P2H	2.803	X-RAY DIFFRACTION
6P45	2.339	X-RAY DIFFRACTION
6P4F	3.55	X-RAY DIFFRACTION
6P4G	3.1	ELECTRON MICROSCOPY
6P4H	3.2	ELECTRON MICROSCOPY
6P5A	3.6	ELECTRON MICROSCOPY
6P5C	2.2	X-RAY DIFFRACTION
6P5I	3.1	ELECTRON MICROSCOPY
6P5J	3.1	ELECTRON MICROSCOPY
6P5K	3.1	ELECTRON MICROSCOPY
6P5N	3.2	ELECTRON MICROSCOPY
6P70	3.052	X-RAY DIFFRACTION
6P71	2.92	X-RAY DIFFRACTION
6P7B	3.317	X-RAY DIFFRACTION
6P7E	3.001	X-RAY DIFFRACTION
6P7M	3.0	ELECTRON MICROSCOPY
6P7N	4.9	ELECTRON MICROSCOPY
6P7P	1.665	X-RAY DIFFRACTION
6P7Q	1.66	X-RAY DIFFRACTION
6P93	2.1	X-RAY DIFFRACTION
6P94	2.09	X-RAY DIFFRACTION
6PA7	2.94	ELECTRON MICROSCOPY
6PAX	2.5	X-RAY DIFFRACTION
6PB4	4.35	ELECTRON MICROSCOPY
6PB5	4.52	ELECTRON MICROSCOPY
6PB6	4.29	ELECTRON MICROSCOPY
6PBD	2.343	X-RAY DIFFRACTION
6PC5	2.7	ELECTRON MICROSCOPY
6PC6	2.5	ELECTRON MICROSCOPY
6PC7	2.5	ELECTRON MICROSCOPY
6PC8	2.9	ELECTRON MICROSCOPY
6PCH	2.9	ELECTRON MICROSCOPY
6PCM	3.107	X-RAY DIFFRACTION
6PCQ	2.6	ELECTRON MICROSCOPY
6PCR	2.5	ELECTRON MICROSCOPY
6PCS	2.8	ELECTRON MICROSCOPY
6PCT	2.8	ELECTRON MICROSCOPY
6PE2	4.0	ELECTRON MICROSCOPY
6PH5	2.602	X-RAY DIFFRACTION
6PH6	2.6	X-RAY DIFFRACTION
6PIF	3.4	ELECTRON MICROSCOPY
6PIG	3.5	ELECTRON MICROSCOPY
6PIJ	2.9	ELECTRON MICROSCOPY
6PJ6	2.2	ELECTRON MICROSCOPY
6PK9	\N	SOLUTION NMR
6PKZ	2.74	X-RAY DIFFRACTION
6PL7	2.5	X-RAY DIFFRACTION
6PL8	2.17	X-RAY DIFFRACTION
6PLC	2.5	X-RAY DIFFRACTION
6PMI	3.86	ELECTRON MICROSCOPY
6PMJ	3.91	ELECTRON MICROSCOPY
6PMO	2.65703362888	X-RAY DIFFRACTION
6PNK	2.39	X-RAY DIFFRACTION
6POM	4.9	ELECTRON MICROSCOPY
6PPF	3.4	ELECTRON MICROSCOPY
6PPK	4.4	ELECTRON MICROSCOPY
6PPN	1.91	X-RAY DIFFRACTION
6PPP	2.33	X-RAY DIFFRACTION
6PPQ	1.81	X-RAY DIFFRACTION
6PPR	3.5	ELECTRON MICROSCOPY
6PPU	3.5	ELECTRON MICROSCOPY
6PPV	2.05	X-RAY DIFFRACTION
6PQ7	3.0	X-RAY DIFFRACTION
6PQR	3.4	ELECTRON MICROSCOPY
6PQU	3.3	ELECTRON MICROSCOPY
6PQX	4.6	ELECTRON MICROSCOPY
6PQY	4.2	ELECTRON MICROSCOPY
6PR5	3.3	ELECTRON MICROSCOPY
6PRV	2.71	X-RAY DIFFRACTION
6PSQ	3.4	ELECTRON MICROSCOPY
6PSR	3.4	ELECTRON MICROSCOPY
6PSS	3.5	ELECTRON MICROSCOPY
6PST	3.0	ELECTRON MICROSCOPY
6PSU	3.9	ELECTRON MICROSCOPY
6PSV	3.5	ELECTRON MICROSCOPY
6PSW	3.7	ELECTRON MICROSCOPY
6PUN	2.099	X-RAY DIFFRACTION
6PUT	2.9	ELECTRON MICROSCOPY
6PUW	2.9	ELECTRON MICROSCOPY
6PUY	2.8	ELECTRON MICROSCOPY
6PUZ	2.8	ELECTRON MICROSCOPY
6PVK	3.4	ELECTRON MICROSCOPY
6PW2	3.01	X-RAY DIFFRACTION
6PWE	3.95	ELECTRON MICROSCOPY
6PWF	4.07	ELECTRON MICROSCOPY
6PWV	6.2	ELECTRON MICROSCOPY
6PWW	4.4	ELECTRON MICROSCOPY
6PWX	4.2	ELECTRON MICROSCOPY
6PX1	3.3	ELECTRON MICROSCOPY
6PX3	4.1	ELECTRON MICROSCOPY
6PY8	3.75	X-RAY DIFFRACTION
6PZ3	2.395	X-RAY DIFFRACTION
6PZQ	2.703	X-RAY DIFFRACTION
6Q02	2.09	X-RAY DIFFRACTION
6Q0C	2.0	X-RAY DIFFRACTION
6Q1H	1.45	X-RAY DIFFRACTION
6Q1V	1.85	X-RAY DIFFRACTION
6Q2B	2.72	X-RAY DIFFRACTION
6Q4T	1.997	X-RAY DIFFRACTION
6Q4U	2.005	X-RAY DIFFRACTION
6Q4V	2.006	X-RAY DIFFRACTION
6Q57	2.72	X-RAY DIFFRACTION
6Q6R	1.5	X-RAY DIFFRACTION
6Q8U	1.99	X-RAY DIFFRACTION
6Q8V	2.09	X-RAY DIFFRACTION
6Q8Y	3.1	ELECTRON MICROSCOPY
6Q95	3.7	ELECTRON MICROSCOPY
6Q97	3.9	ELECTRON MICROSCOPY
6Q98	4.3	ELECTRON MICROSCOPY
6Q9A	3.7	ELECTRON MICROSCOPY
6QCS	3.1	ELECTRON MICROSCOPY
6QCT	3.2	ELECTRON MICROSCOPY
6QCV	3.24	X-RAY DIFFRACTION
6QCW	2.88	X-RAY DIFFRACTION
6QCX	3.08	X-RAY DIFFRACTION
6QDV	3.3	ELECTRON MICROSCOPY
6QDW	2.83	ELECTRON MICROSCOPY
6QEC	1.9	X-RAY DIFFRACTION
6QEM	3.4	ELECTRON MICROSCOPY
6QFD	2.133	X-RAY DIFFRACTION
6QH0	2.436	X-RAY DIFFRACTION
6QHD	2.85	X-RAY DIFFRACTION
6QIB	2.8	X-RAY DIFFRACTION
6QIC	2.7	X-RAY DIFFRACTION
6QIK	3.1	ELECTRON MICROSCOPY
6QIL	2.0	X-RAY DIFFRACTION
6QIQ	2.519	X-RAY DIFFRACTION
6QIR	1.531	X-RAY DIFFRACTION
6QIS	1.99	X-RAY DIFFRACTION
6QIT	1.501	X-RAY DIFFRACTION
6QIV	2.28	X-RAY DIFFRACTION
6QJO	1.8	X-RAY DIFFRACTION
6QJR	2.9	X-RAY DIFFRACTION
6QJS	1.8	X-RAY DIFFRACTION
6QKL	3.3	ELECTRON MICROSCOPY
6QLD	4.15	ELECTRON MICROSCOPY
6QN3	2.3	X-RAY DIFFRACTION
6QNQ	3.5	X-RAY DIFFRACTION
6QNR	3.1	X-RAY DIFFRACTION
6QT0	3.4	ELECTRON MICROSCOPY
6QT1	1.8	X-RAY DIFFRACTION
6QT2	1.8	X-RAY DIFFRACTION
6QT3	1.8	X-RAY DIFFRACTION
6QT4	1.8	X-RAY DIFFRACTION
6QT5	1.8	X-RAY DIFFRACTION
6QT6	1.8	X-RAY DIFFRACTION
6QTK	2.31	X-RAY DIFFRACTION
6QTP	2.37	X-RAY DIFFRACTION
6QTZ	3.5	ELECTRON MICROSCOPY
6QUA	2.681	X-RAY DIFFRACTION
6QUL	3.0	ELECTRON MICROSCOPY
6QW6	2.92	ELECTRON MICROSCOPY
6QWF	2.7	X-RAY DIFFRACTION
6QWH	2.9	X-RAY DIFFRACTION
6QWK	2.9	X-RAY DIFFRACTION
6QWL	4.1	ELECTRON MICROSCOPY
6QWM	2.9	X-RAY DIFFRACTION
6QX1	2.65	X-RAY DIFFRACTION
6QX2	3.4	X-RAY DIFFRACTION
6QX3	3.79	ELECTRON MICROSCOPY
6QX8	4.07	ELECTRON MICROSCOPY
6QX9	3.28	ELECTRON MICROSCOPY
6QXE	4.15	ELECTRON MICROSCOPY
6QXF	3.6	ELECTRON MICROSCOPY
6QXT	8.9	ELECTRON MICROSCOPY
6QY3	9.1	ELECTRON MICROSCOPY
6QYZ	4.6	ELECTRON MICROSCOPY
6QZK	3.548	X-RAY DIFFRACTION
6QZP	2.9	ELECTRON MICROSCOPY
6R0C	4.2	ELECTRON MICROSCOPY
6R14	\N	SOLUTION NMR
6R1T	4.02	ELECTRON MICROSCOPY
6R1U	4.36	ELECTRON MICROSCOPY
6R25	4.61	ELECTRON MICROSCOPY
6R2V	2.503	X-RAY DIFFRACTION
6R47	3.1	X-RAY DIFFRACTION
6R5K	4.8	ELECTRON MICROSCOPY
6R5Q	3.0	ELECTRON MICROSCOPY
6R64	2.64	X-RAY DIFFRACTION
6R6D	1.838	X-RAY DIFFRACTION
6R6G	3.7	ELECTRON MICROSCOPY
6R6P	3.1	ELECTRON MICROSCOPY
6R7B	3.12	X-RAY DIFFRACTION
6R7G	2.2	ELECTRON MICROSCOPY
6R7Q	3.9	ELECTRON MICROSCOPY
6R84	3.6	ELECTRON MICROSCOPY
6R86	3.4	ELECTRON MICROSCOPY
6R87	3.4	ELECTRON MICROSCOPY
6R8E	\N	SOLUTION NMR
6R8Y	4.3	ELECTRON MICROSCOPY
6R8Z	3.9	ELECTRON MICROSCOPY
6R90	4.5	ELECTRON MICROSCOPY
6R91	4.1	ELECTRON MICROSCOPY
6R92	4.8	ELECTRON MICROSCOPY
6R93	4.0	ELECTRON MICROSCOPY
6R94	3.5	ELECTRON MICROSCOPY
6R9J	3.326	X-RAY DIFFRACTION
6R9K	\N	SOLUTION NMR
6R9L	\N	SOLUTION NMR
6R9M	3.329	X-RAY DIFFRACTION
6R9O	3.319	X-RAY DIFFRACTION
6R9P	2.98	X-RAY DIFFRACTION
6R9Q	3.079	X-RAY DIFFRACTION
6R9R	2.7	X-RAY DIFFRACTION
6RA4	1.9	X-RAY DIFFRACTION
6RAR	1.785	X-RAY DIFFRACTION
6RAS	2.75	X-RAY DIFFRACTION
6RAU	1.99	X-RAY DIFFRACTION
6RAW	3.7	ELECTRON MICROSCOPY
6RAX	3.99	ELECTRON MICROSCOPY
6RAY	4.28	ELECTRON MICROSCOPY
6RAZ	4.46	ELECTRON MICROSCOPY
6RBD	3.47	ELECTRON MICROSCOPY
6RBE	3.8	ELECTRON MICROSCOPY
6RCE	1.946	X-RAY DIFFRACTION
6RCL	1.97	X-RAY DIFFRACTION
6RCN	2.25	X-RAY DIFFRACTION
6RFL	2.76	ELECTRON MICROSCOPY
6RH3	3.6	ELECTRON MICROSCOPY
6RI5	3.3	ELECTRON MICROSCOPY
6RI7	3.9	ELECTRON MICROSCOPY
6RI9	3.7	ELECTRON MICROSCOPY
6RID	2.9	ELECTRON MICROSCOPY
6RIE	3.1	ELECTRON MICROSCOPY
6RIN	3.7	ELECTRON MICROSCOPY
6RIO	\N	SOLUTION NMR
6RIP	3.4	ELECTRON MICROSCOPY
6RJ9	3.2	ELECTRON MICROSCOPY
6RJA	3.0	ELECTRON MICROSCOPY
6RJD	3.3	ELECTRON MICROSCOPY
6RJG	3.2	ELECTRON MICROSCOPY
6RKS	4.0	ELECTRON MICROSCOPY
6RKU	4.0	ELECTRON MICROSCOPY
6RKV	4.6	ELECTRON MICROSCOPY
6RKW	6.6	ELECTRON MICROSCOPY
6RLP	2.3	ELECTRON MICROSCOPY
6RLS	\N	SOLUTION NMR
6RM3	3.4	ELECTRON MICROSCOPY
6RNL	1.88	X-RAY DIFFRACTION
6RNM	1.76	X-RAY DIFFRACTION
6RNO	2.25	X-RAY DIFFRACTION
6RNR	2.003	X-RAY DIFFRACTION
6RNY	3.9	ELECTRON MICROSCOPY
6RO2	1.821	X-RAY DIFFRACTION
6RO4	3.5	ELECTRON MICROSCOPY
6ROK	1.95	X-RAY DIFFRACTION
6ROR	2.601	X-RAY DIFFRACTION
6ROS	2.7	X-RAY DIFFRACTION
6ROU	2.902	X-RAY DIFFRACTION
6RP0	2.25	X-RAY DIFFRACTION
6RP7	2.0	X-RAY DIFFRACTION
6RQC	4.4	ELECTRON MICROSCOPY
6RQH	3.7	ELECTRON MICROSCOPY
6RQL	2.9	ELECTRON MICROSCOPY
6RQT	4.0	ELECTRON MICROSCOPY
6RR7	3.01	ELECTRON MICROSCOPY
6RRD	3.1	ELECTRON MICROSCOPY
6RS3	\N	SOLUTION NMR
6RSO	1.97	X-RAY DIFFRACTION
6RSP	1.91	X-RAY DIFFRACTION
6RT4	1.49	X-RAY DIFFRACTION
6RT5	2.303	X-RAY DIFFRACTION
6RT6	1.461	X-RAY DIFFRACTION
6RT7	1.73	X-RAY DIFFRACTION
6RTI	2.2	X-RAY DIFFRACTION
6RUI	2.7	ELECTRON MICROSCOPY
6RUO	3.5	ELECTRON MICROSCOPY
6RW4	2.97	ELECTRON MICROSCOPY
6RW5	3.14	ELECTRON MICROSCOPY
6RWE	3.0	ELECTRON MICROSCOPY
6RWL	3.36	ELECTRON MICROSCOPY
6RWM	2.81	ELECTRON MICROSCOPY
6RWN	3.1	ELECTRON MICROSCOPY
6RWO	3.05	ELECTRON MICROSCOPY
6RXT	7.0	ELECTRON MICROSCOPY
6RXU	3.5	ELECTRON MICROSCOPY
6RXV	4.0	ELECTRON MICROSCOPY
6RXX	7.1	ELECTRON MICROSCOPY
6RXY	4.7	ELECTRON MICROSCOPY
6RXZ	4.4	ELECTRON MICROSCOPY
6RYD	1.575	X-RAY DIFFRACTION
6RYI	2.691	X-RAY DIFFRACTION
6RYL	2.63	X-RAY DIFFRACTION
6RYR	3.1	ELECTRON MICROSCOPY
6RYU	4.0	ELECTRON MICROSCOPY
6RZZ	3.2	ELECTRON MICROSCOPY
6S01	3.2	ELECTRON MICROSCOPY
6S05	3.9	ELECTRON MICROSCOPY
6S0K	3.1	ELECTRON MICROSCOPY
6S0M	2.0	X-RAY DIFFRACTION
6S0X	2.425	ELECTRON MICROSCOPY
6S0Z	2.3	ELECTRON MICROSCOPY
6S12	3.2	ELECTRON MICROSCOPY
6S13	3.58	ELECTRON MICROSCOPY
6S15	1.7	X-RAY DIFFRACTION
6S16	3.409	X-RAY DIFFRACTION
6S1M	4.27	ELECTRON MICROSCOPY
6S1N	4.86	ELECTRON MICROSCOPY
6S1O	8.1	ELECTRON MICROSCOPY
6S3H	2.06	X-RAY DIFFRACTION
6S3I	2.455	X-RAY DIFFRACTION
6S3M	2.113	X-RAY DIFFRACTION
6S3N	2.533	X-RAY DIFFRACTION
6S3O	1.974	X-RAY DIFFRACTION
6S3P	1.926	X-RAY DIFFRACTION
6S47	3.28	ELECTRON MICROSCOPY
6S48	1.9	X-RAY DIFFRACTION
6S6B	2.75	ELECTRON MICROSCOPY
6S6H	2.4	X-RAY DIFFRACTION
6S7D	1.45	X-RAY DIFFRACTION
6S85	4.2	ELECTRON MICROSCOPY
6S8B	2.41	ELECTRON MICROSCOPY
6S8E	3.1	ELECTRON MICROSCOPY
6S91	2.68	ELECTRON MICROSCOPY
6SA0	2.209	X-RAY DIFFRACTION
6SA1	2.01	X-RAY DIFFRACTION
6SAE	1.9	ELECTRON MICROSCOPY
6SAG	2.0	ELECTRON MICROSCOPY
6SCE	1.83	X-RAY DIFFRACTION
6SCF	1.55	X-RAY DIFFRACTION
6SDG	2.96	X-RAY DIFFRACTION
6SDW	\N	SOLUTION NMR
6SDY	\N	SOLUTION NMR
6SE0	3.8	ELECTRON MICROSCOPY
6SE6	3.5	ELECTRON MICROSCOPY
6SEE	4.2	ELECTRON MICROSCOPY
6SEF	3.7	ELECTRON MICROSCOPY
6SEG	3.1	ELECTRON MICROSCOPY
6SEI	2.69	X-RAY DIFFRACTION
6SG9	3.1	ELECTRON MICROSCOPY
6SGA	3.1	ELECTRON MICROSCOPY
6SGB	3.3	ELECTRON MICROSCOPY
6SGC	2.8	ELECTRON MICROSCOPY
6SH8	3.14	ELECTRON MICROSCOPY
6SHB	3.07	ELECTRON MICROSCOPY
6SIC	3.52	ELECTRON MICROSCOPY
6SJ6	3.23	ELECTRON MICROSCOPY
6SJB	3.7	ELECTRON MICROSCOPY
6SJD	3.29	X-RAY DIFFRACTION
6SJE	4.1	ELECTRON MICROSCOPY
6SJF	3.9	ELECTRON MICROSCOPY
6SJG	3.8	ELECTRON MICROSCOPY
6SKF	2.95	ELECTRON MICROSCOPY
6SKG	2.65	ELECTRON MICROSCOPY
6SKL	3.7	ELECTRON MICROSCOPY
6SKO	3.4	ELECTRON MICROSCOPY
6SNJ	\N	SOLUTION NMR
6SNT	2.8	ELECTRON MICROSCOPY
6SO9	\N	SOLUTION NMR
6SPB	2.82	ELECTRON MICROSCOPY
6SPC	2.95	ELECTRON MICROSCOPY
6SPD	3.28	ELECTRON MICROSCOPY
6SPE	3.6	ELECTRON MICROSCOPY
6SPF	2.89	ELECTRON MICROSCOPY
6SPG	3.34	ELECTRON MICROSCOPY
6SQN	2.05	X-RAY DIFFRACTION
6SQQ	2.37	X-RAY DIFFRACTION
6STY	3.15	X-RAY DIFFRACTION
6SUU	\N	SOLUTION NMR
6SV4	3.3	ELECTRON MICROSCOPY
6SVS	2.5	X-RAY DIFFRACTION
6SW9	4.2	ELECTRON MICROSCOPY
6SWA	3.1	ELECTRON MICROSCOPY
6SWC	3.3	ELECTRON MICROSCOPY
6SWD	3.2	ELECTRON MICROSCOPY
6SWE	3.1	ELECTRON MICROSCOPY
6SX0	1.75	X-RAY DIFFRACTION
6SX2	1.9	X-RAY DIFFRACTION
6SX3	\N	SOLUTION NMR
6SX6	\N	SOLUTION NMR
6SXB	7.9	ELECTRON MICROSCOPY
6SXO	3.3	ELECTRON MICROSCOPY
6SY0	3.102	X-RAY DIFFRACTION
6SY4	2.695	X-RAY DIFFRACTION
6SY6	2.9	X-RAY DIFFRACTION
6SYK	\N	SOLUTION NMR
6SZS	3.06	ELECTRON MICROSCOPY
6SZU	2.41	ELECTRON MICROSCOPY
6SZV	2.5	ELECTRON MICROSCOPY
6T0N	2.54	ELECTRON MICROSCOPY
6T0R	2.82	ELECTRON MICROSCOPY
6T0S	3.04	ELECTRON MICROSCOPY
6T0U	3.12	ELECTRON MICROSCOPY
6T0V	3.02	ELECTRON MICROSCOPY
6T0W	3.18	ELECTRON MICROSCOPY
6T1F	2.9	X-RAY DIFFRACTION
6T21	2.07	X-RAY DIFFRACTION
6T22	2.21	X-RAY DIFFRACTION
6T2C	3.52	ELECTRON MICROSCOPY
6T2G	\N	SOLUTION NMR
6T2U	3.6	ELECTRON MICROSCOPY
6T2V	3.8	ELECTRON MICROSCOPY
6T34	5.2	ELECTRON MICROSCOPY
6T3K	3.44	X-RAY DIFFRACTION
6T3N	3.22	X-RAY DIFFRACTION
6T3R	3.57	X-RAY DIFFRACTION
6T3S	3.28	X-RAY DIFFRACTION
6T4Q	2.6	ELECTRON MICROSCOPY
6T51	\N	SOLUTION NMR
6T59	3.11	ELECTRON MICROSCOPY
6T5T	1.7003	X-RAY DIFFRACTION
6T78	2.504	X-RAY DIFFRACTION
6T79	3.2	ELECTRON MICROSCOPY
6T7A	3.7	ELECTRON MICROSCOPY
6T7B	5.1	ELECTRON MICROSCOPY
6T7C	4.0	ELECTRON MICROSCOPY
6T7D	4.4	ELECTRON MICROSCOPY
6T7I	3.2	ELECTRON MICROSCOPY
6T7T	3.1	ELECTRON MICROSCOPY
6T83	4.0	ELECTRON MICROSCOPY
6T8B	3.65	ELECTRON MICROSCOPY
6T8G	4.34	ELECTRON MICROSCOPY
6T8H	3.77	ELECTRON MICROSCOPY
6T8O	3.99	ELECTRON MICROSCOPY
6T90	3.05	ELECTRON MICROSCOPY
6T93	3.49	ELECTRON MICROSCOPY
6T9L	3.6	ELECTRON MICROSCOPY
6TB3	2.8	ELECTRON MICROSCOPY
6TB7	2.53	X-RAY DIFFRACTION
6TBV	2.7	ELECTRON MICROSCOPY
6TBZ	1.782	X-RAY DIFFRACTION
6TC3	2.7	ELECTRON MICROSCOPY
6TC8	\N	SOLUTION NMR
6TC9	2.175	X-RAY DIFFRACTION
6TCE	2.92	X-RAY DIFFRACTION
6TCG	\N	SOLUTION NMR
6TDA	15.0	ELECTRON MICROSCOPY
6TED	3.1	ELECTRON MICROSCOPY
6TEM	3.9	ELECTRON MICROSCOPY
6TF0	2.1	X-RAY DIFFRACTION
6TF1	2.4	X-RAY DIFFRACTION
6TF2	2.55	X-RAY DIFFRACTION
6TF3	2.66	X-RAY DIFFRACTION
6TFE	2.3	X-RAY DIFFRACTION
6TFF	2.52	X-RAY DIFFRACTION
6TFG	2.45	X-RAY DIFFRACTION
6TFH	2.95	X-RAY DIFFRACTION
6TH6	2.55	ELECTRON MICROSCOPY
6THN	2.6	ELECTRON MICROSCOPY
6TMF	2.8	ELECTRON MICROSCOPY
6TNA	2.7	X-RAY DIFFRACTION
6TNF	3.8	ELECTRON MICROSCOPY
6TNN	3.07	ELECTRON MICROSCOPY
6TNU	3.1	ELECTRON MICROSCOPY
6TNY	3.08	ELECTRON MICROSCOPY
6TNZ	4.05	ELECTRON MICROSCOPY
6TPH	\N	SOLID-STATE NMR
6TPQ	3.07	ELECTRON MICROSCOPY
6TPS	3.54	ELECTRON MICROSCOPY
6TQA	2.4	X-RAY DIFFRACTION
6TQB	1.6	X-RAY DIFFRACTION
6TQI	2.95	X-RAY DIFFRACTION
6TQN	3.8	ELECTRON MICROSCOPY
6TQO	3.8	ELECTRON MICROSCOPY
6TR2	\N	SOLUTION NMR
6TUO	1.8	X-RAY DIFFRACTION
6TUP	3.2	ELECTRON MICROSCOPY
6TUW	3.5	X-RAY DIFFRACTION
6TUX	3.1	X-RAY DIFFRACTION
6TW1	2.7	ELECTRON MICROSCOPY
6TY9	2.9	ELECTRON MICROSCOPY
6TYE	3.79	X-RAY DIFFRACTION
6TYF	3.8	X-RAY DIFFRACTION
6TYG	3.5	X-RAY DIFFRACTION
6TZ1	3.4	ELECTRON MICROSCOPY
6TZ2	3.5	ELECTRON MICROSCOPY
6TZQ	2.29	X-RAY DIFFRACTION
6TZR	2.4	X-RAY DIFFRACTION
6TZS	2.6	X-RAY DIFFRACTION
6U0M	3.9	ELECTRON MICROSCOPY
6U15	2.4	X-RAY DIFFRACTION
6U16	1.6	X-RAY DIFFRACTION
6U17	1.55	X-RAY DIFFRACTION
6U2O	2.3	X-RAY DIFFRACTION
6U40	2.702	X-RAY DIFFRACTION
6U48	2.87	ELECTRON MICROSCOPY
6U6B	3.108	X-RAY DIFFRACTION
6U6J	1.6	X-RAY DIFFRACTION
6U6X	2.58	X-RAY DIFFRACTION
6U6Y	2.47	X-RAY DIFFRACTION
6U6Z	2.1	X-RAY DIFFRACTION
6U79	\N	SOLUTION NMR
6U7T	2.0	X-RAY DIFFRACTION
6U7Y	2.95	X-RAY DIFFRACTION
6U7Z	2.71	X-RAY DIFFRACTION
6U81	2.34	X-RAY DIFFRACTION
6U82	3.21	X-RAY DIFFRACTION
6U89	2.36	X-RAY DIFFRACTION
6U8D	1.807	X-RAY DIFFRACTION
6U8F	2.81	X-RAY DIFFRACTION
6U8K	2.75	X-RAY DIFFRACTION
6U8P	3.05	X-RAY DIFFRACTION
6U8Q	4.67	ELECTRON MICROSCOPY
6U8U	2.4	X-RAY DIFFRACTION
6U8V	3.0	X-RAY DIFFRACTION
6U8W	2.94891558608	X-RAY DIFFRACTION
6U8X	2.95063876297	X-RAY DIFFRACTION
6U90	3.00081756367	X-RAY DIFFRACTION
6U91	2.99998872297	X-RAY DIFFRACTION
6U9Q	1.83	X-RAY DIFFRACTION
6U9X	2.6	X-RAY DIFFRACTION
6UAL	4.514	X-RAY DIFFRACTION
6UBF	4.597	X-RAY DIFFRACTION
6UBU	1.6	X-RAY DIFFRACTION
6UC7	1.798	X-RAY DIFFRACTION
6UC8	1.898	X-RAY DIFFRACTION
6UC9	1.941	X-RAY DIFFRACTION
6UCQ	3.5	X-RAY DIFFRACTION
6UDN	2.602	X-RAY DIFFRACTION
6UEF	2.95	X-RAY DIFFRACTION
6UEJ	2.21	X-RAY DIFFRACTION
6UEO	2.0	X-RAY DIFFRACTION
6UEP	2.05	X-RAY DIFFRACTION
6UEQ	2.4	X-RAY DIFFRACTION
6UER	2.5	X-RAY DIFFRACTION
6UES	3.7	ELECTRON MICROSCOPY
6UET	4.1	ELECTRON MICROSCOPY
6UEU	1.8	X-RAY DIFFRACTION
6UEY	2.8	X-RAY DIFFRACTION
6UF1	3.1	X-RAY DIFFRACTION
6UFG	2.929	X-RAY DIFFRACTION
6UFH	3.104	X-RAY DIFFRACTION
6UFJ	2.645	X-RAY DIFFRACTION
6UFK	3.2	X-RAY DIFFRACTION
6UFM	2.82	X-RAY DIFFRACTION
6UG1	2.833	X-RAY DIFFRACTION
6UGG	1.95	X-RAY DIFFRACTION
6UGI	1.75	X-RAY DIFFRACTION
6UGJ	1.6	X-RAY DIFFRACTION
6UGM	3.7	ELECTRON MICROSCOPY
6UH5	3.5	ELECTRON MICROSCOPY
6UI2	2.35	X-RAY DIFFRACTION
6UIN	3.348	X-RAY DIFFRACTION
6UIR	2.63900110091	X-RAY DIFFRACTION
6UIS	2.74833813248	X-RAY DIFFRACTION
6UIT	2.80607409399	X-RAY DIFFRACTION
6UJX	2.70451211695	X-RAY DIFFRACTION
6UJY	2.59456090099	X-RAY DIFFRACTION
6UJZ	2.5564255195	X-RAY DIFFRACTION
6UK0	2.75695227845	X-RAY DIFFRACTION
6UKE	1.62	X-RAY DIFFRACTION
6UKF	1.0	X-RAY DIFFRACTION
6UKG	1.16	X-RAY DIFFRACTION
6UKH	2.82	X-RAY DIFFRACTION
6UKI	2.7	X-RAY DIFFRACTION
6UO1	2.95	X-RAY DIFFRACTION
6UOK	2.55	X-RAY DIFFRACTION
6UOL	1.936	X-RAY DIFFRACTION
6UOM	2.05	X-RAY DIFFRACTION
6UP0	2.8	X-RAY DIFFRACTION
6UPH	2.7	ELECTRON MICROSCOPY
6UPK	4.9	ELECTRON MICROSCOPY
6UPL	7.4	ELECTRON MICROSCOPY
6UPX	3.4	X-RAY DIFFRACTION
6UPY	3.4	X-RAY DIFFRACTION
6UPZ	3.1	X-RAY DIFFRACTION
6UQ0	3.56	X-RAY DIFFRACTION
6UQ1	3.6	X-RAY DIFFRACTION
6UQ2	3.2	X-RAY DIFFRACTION
6UQ3	3.47	X-RAY DIFFRACTION
6UQI	2.5	X-RAY DIFFRACTION
6UR2	2.27	X-RAY DIFFRACTION
6UR4	2.25	X-RAY DIFFRACTION
6UR9	2.1	X-RAY DIFFRACTION
6URO	3.6	ELECTRON MICROSCOPY
6US5	2.25	X-RAY DIFFRACTION
6USJ	10.5	ELECTRON MICROSCOPY
6USO	2.54	X-RAY DIFFRACTION
6USP	3.56	X-RAY DIFFRACTION
6USQ	3.62	X-RAY DIFFRACTION
6USR	2.93	X-RAY DIFFRACTION
6UTV	3.45	X-RAY DIFFRACTION
6UTW	3.854	X-RAY DIFFRACTION
6UTX	4.05	X-RAY DIFFRACTION
6UTY	4.15	X-RAY DIFFRACTION
6UTZ	3.803	X-RAY DIFFRACTION
6UU0	3.9	X-RAY DIFFRACTION
6UU1	4.097	X-RAY DIFFRACTION
6UU2	4.404	X-RAY DIFFRACTION
6UU3	4.002	X-RAY DIFFRACTION
6UU4	4.305	X-RAY DIFFRACTION
6UU5	5.403	X-RAY DIFFRACTION
6UU6	4.201	X-RAY DIFFRACTION
6UU7	4.4	X-RAY DIFFRACTION
6UU8	4.4	X-RAY DIFFRACTION
6UU9	5.4	X-RAY DIFFRACTION
6UUA	4.002	X-RAY DIFFRACTION
6UUB	3.955	X-RAY DIFFRACTION
6UUC	4.096	X-RAY DIFFRACTION
6UV1	2.307	X-RAY DIFFRACTION
6UV2	1.894	X-RAY DIFFRACTION
6UV3	1.597	X-RAY DIFFRACTION
6UV4	1.7	X-RAY DIFFRACTION
6UVN	3.1	ELECTRON MICROSCOPY
6UVW	2.551	X-RAY DIFFRACTION
6UW0	2.72	X-RAY DIFFRACTION
6UWG	2.22	X-RAY DIFFRACTION
6UWH	2.299	X-RAY DIFFRACTION
6UWJ	1.852	X-RAY DIFFRACTION
6UWK	2.533	X-RAY DIFFRACTION
6UXW	8.96	ELECTRON MICROSCOPY
6UZ7	3.6	ELECTRON MICROSCOPY
6V0L	\N	SOLUTION NMR
6V0V	3.61	ELECTRON MICROSCOPY
6V10	3.77	ELECTRON MICROSCOPY
6V1G	2.98	ELECTRON MICROSCOPY
6V1Z	3.58	ELECTRON MICROSCOPY
6V2K	2.6	X-RAY DIFFRACTION
6V39	3.04	ELECTRON MICROSCOPY
6V3A	2.82	ELECTRON MICROSCOPY
6V3B	2.91	ELECTRON MICROSCOPY
6V3D	2.95	ELECTRON MICROSCOPY
6V3E	4.4	ELECTRON MICROSCOPY
6V3K	3.4	ELECTRON MICROSCOPY
6V4X	3.2	ELECTRON MICROSCOPY
6V5B	3.7	ELECTRON MICROSCOPY
6V5C	4.4	ELECTRON MICROSCOPY
6V5K	2.69	X-RAY DIFFRACTION
6V6R	2.7	X-RAY DIFFRACTION
6V7B	3.4	ELECTRON MICROSCOPY
6V8U	2.103	X-RAY DIFFRACTION
6V92	20.0	ELECTRON MICROSCOPY
6V93	3.1	ELECTRON MICROSCOPY
6V9B	2.4	X-RAY DIFFRACTION
6V9D	2.8	X-RAY DIFFRACTION
6V9Q	2.9	ELECTRON MICROSCOPY
6VA1	\N	SOLUTION NMR
6VA2	\N	SOLUTION NMR
6VA3	\N	SOLUTION NMR
6VA4	\N	SOLUTION NMR
6VAA	3.4	ELECTRON MICROSCOPY
6VAE	3.6	ELECTRON MICROSCOPY
6VAF	3.9	ELECTRON MICROSCOPY
6VAR	\N	SOLUTION NMR
6VBW	3.2	ELECTRON MICROSCOPY
6VCS	1.7	X-RAY DIFFRACTION
6VDD	1.9	X-RAY DIFFRACTION
6VDK	4.5	ELECTRON MICROSCOPY
6VEM	1.56	X-RAY DIFFRACTION
6VEN	3.37	ELECTRON MICROSCOPY
6VEZ	1.875	X-RAY DIFFRACTION
6VF0	1.58	X-RAY DIFFRACTION
6VF1	1.68	X-RAY DIFFRACTION
6VF2	1.6	X-RAY DIFFRACTION
6VF3	1.521	X-RAY DIFFRACTION
6VF4	1.75	X-RAY DIFFRACTION
6VF5	1.6	X-RAY DIFFRACTION
6VF6	1.69	X-RAY DIFFRACTION
6VF7	1.871	X-RAY DIFFRACTION
6VF8	1.7	X-RAY DIFFRACTION
6VF9	1.56	X-RAY DIFFRACTION
6VFA	1.76	X-RAY DIFFRACTION
6VFB	1.55	X-RAY DIFFRACTION
6VFC	1.59	X-RAY DIFFRACTION
6VFF	2.8	X-RAY DIFFRACTION
6VG2	3.9	X-RAY DIFFRACTION
6VG6	3.08	X-RAY DIFFRACTION
6VG8	4.31	X-RAY DIFFRACTION
6VGD	4.2	X-RAY DIFFRACTION
6VGE	4.25	X-RAY DIFFRACTION
6VGG	4.31	X-RAY DIFFRACTION
6VGM	2.84	X-RAY DIFFRACTION
6VJW	2.02	X-RAY DIFFRACTION
6VKP	2.54	X-RAY DIFFRACTION
6VLZ	2.97	ELECTRON MICROSCOPY
6VM6	2.1	X-RAY DIFFRACTION
6VMI	2.96	ELECTRON MICROSCOPY
6VMY	3.25	X-RAY DIFFRACTION
6VNP	2.42	X-RAY DIFFRACTION
6VOY	3.7	ELECTRON MICROSCOPY
6VPC	3.2	ELECTRON MICROSCOPY
6VQV	2.57	ELECTRON MICROSCOPY
6VQW	3.42	ELECTRON MICROSCOPY
6VQX	3.15	ELECTRON MICROSCOPY
6VRB	3.0	ELECTRON MICROSCOPY
6VRC	3.2	ELECTRON MICROSCOPY
6VRD	1.299	X-RAY DIFFRACTION
6VTX	2.14	X-RAY DIFFRACTION
6VU1	\N	SOLUTION NMR
6VU3	3.7	ELECTRON MICROSCOPY
6VUG	3.0	X-RAY DIFFRACTION
6VUH	1.999	X-RAY DIFFRACTION
6VUI	2.681	X-RAY DIFFRACTION
6VVJ	\N	SOLUTION NMR
6VVS	3.112	X-RAY DIFFRACTION
6VVT	2.901	X-RAY DIFFRACTION
6VVV	3.2	X-RAY DIFFRACTION
6VVX	3.39	ELECTRON MICROSCOPY
6VVY	3.42	ELECTRON MICROSCOPY
6VVZ	3.72	ELECTRON MICROSCOPY
6VW0	3.59	ELECTRON MICROSCOPY
6VWL	3.1	ELECTRON MICROSCOPY
6VWM	3.4	ELECTRON MICROSCOPY
6VWN	3.4	ELECTRON MICROSCOPY
6VWT	3.03	X-RAY DIFFRACTION
6VWV	3.0	X-RAY DIFFRACTION
6VYP	4.99	X-RAY DIFFRACTION
6VYQ	3.7	ELECTRON MICROSCOPY
6VYR	3.8	ELECTRON MICROSCOPY
6VYS	3.7	ELECTRON MICROSCOPY
6VYT	14.0	ELECTRON MICROSCOPY
6VYU	7.0	ELECTRON MICROSCOPY
6VYW	7.0	ELECTRON MICROSCOPY
6VYX	9.9	ELECTRON MICROSCOPY
6VYY	9.9	ELECTRON MICROSCOPY
6VYZ	9.9	ELECTRON MICROSCOPY
6VZ2	10.0	ELECTRON MICROSCOPY
6VZ3	8.9	ELECTRON MICROSCOPY
6VZ4	3.9	ELECTRON MICROSCOPY
6VZ5	8.9	ELECTRON MICROSCOPY
6VZ7	7.0	ELECTRON MICROSCOPY
6VZC	\N	SOLUTION NMR
6VZJ	4.1	ELECTRON MICROSCOPY
6W0M	2.37	X-RAY DIFFRACTION
6W0Q	1.89	X-RAY DIFFRACTION
6W0R	2.35	X-RAY DIFFRACTION
6W11	2.46	X-RAY DIFFRACTION
6W13	2.38	X-RAY DIFFRACTION
6W1A	2.8	X-RAY DIFFRACTION
6W1F	3.2	X-RAY DIFFRACTION
6W1X	3.9	ELECTRON MICROSCOPY
6W2M	1.998	X-RAY DIFFRACTION
6W2P	1.94	X-RAY DIFFRACTION
6W2S	3.47	ELECTRON MICROSCOPY
6W2T	3.36	ELECTRON MICROSCOPY
6W3L	2.59	X-RAY DIFFRACTION
6W3M	\N	SOLUTION NMR
6W3N	2.69	X-RAY DIFFRACTION
6W3Q	2.49	X-RAY DIFFRACTION
6W3U	2.4	X-RAY DIFFRACTION
6W43	1.99	X-RAY DIFFRACTION
6W4I	2.2	X-RAY DIFFRACTION
6W4T	2.77	X-RAY DIFFRACTION
6W5C	2.9	ELECTRON MICROSCOPY
6W5I	6.9	ELECTRON MICROSCOPY
6W5M	4.6	ELECTRON MICROSCOPY
6W5N	6.0	ELECTRON MICROSCOPY
6W5X	2.59	X-RAY DIFFRACTION
6W62	3.9	ELECTRON MICROSCOPY
6W64	3.9	ELECTRON MICROSCOPY
6W6K	3.6	ELECTRON MICROSCOPY
6W6L	3.84	ELECTRON MICROSCOPY
6W6P	2.9	ELECTRON MICROSCOPY
6W6V	3.0	ELECTRON MICROSCOPY
6W6W	3.0	ELECTRON MICROSCOPY
6W77	3.6	ELECTRON MICROSCOPY
6W7A	2.09	X-RAY DIFFRACTION
6W7M	3.8	ELECTRON MICROSCOPY
6W7N	3.4	ELECTRON MICROSCOPY
6W7W	3.9	ELECTRON MICROSCOPY
6W89	2.499	X-RAY DIFFRACTION
6W8B	2.4	X-RAY DIFFRACTION
6W8D	2.598	X-RAY DIFFRACTION
6W8J	2.445	X-RAY DIFFRACTION
6W8V	3.12	X-RAY DIFFRACTION
6W8W	3.0	X-RAY DIFFRACTION
6W9P	1.99	X-RAY DIFFRACTION
6WAA	3.2	X-RAY DIFFRACTION
6WAN	2.4	X-RAY DIFFRACTION
6WAZ	4.1	ELECTRON MICROSCOPY
6WB0	4.2	ELECTRON MICROSCOPY
6WB1	4.7	ELECTRON MICROSCOPY
6WB2	4.5	ELECTRON MICROSCOPY
6WBR	2.91	X-RAY DIFFRACTION
6WC0	3.61	X-RAY DIFFRACTION
6WC2	2.1	X-RAY DIFFRACTION
6WC5	2.9	X-RAY DIFFRACTION
6WCK	1.801	X-RAY DIFFRACTION
6WD0	3.0	ELECTRON MICROSCOPY
6WD1	3.3	ELECTRON MICROSCOPY
6WD2	3.6	ELECTRON MICROSCOPY
6WD3	3.6	ELECTRON MICROSCOPY
6WD4	3.7	ELECTRON MICROSCOPY
6WD5	3.6	ELECTRON MICROSCOPY
6WD6	3.7	ELECTRON MICROSCOPY
6WD7	3.9	ELECTRON MICROSCOPY
6WD8	3.7	ELECTRON MICROSCOPY
6WD9	3.7	ELECTRON MICROSCOPY
6WDA	3.8	ELECTRON MICROSCOPY
6WDB	4.0	ELECTRON MICROSCOPY
6WDC	4.2	ELECTRON MICROSCOPY
6WDD	3.2	ELECTRON MICROSCOPY
6WDE	3.0	ELECTRON MICROSCOPY
6WDF	3.3	ELECTRON MICROSCOPY
6WDG	3.3	ELECTRON MICROSCOPY
6WDH	4.3	ELECTRON MICROSCOPY
6WDI	4.0	ELECTRON MICROSCOPY
6WDJ	3.7	ELECTRON MICROSCOPY
6WDK	3.6	ELECTRON MICROSCOPY
6WDL	3.7	ELECTRON MICROSCOPY
6WDM	3.6	ELECTRON MICROSCOPY
6WDR	3.7	ELECTRON MICROSCOPY
6WDZ	2.03	X-RAY DIFFRACTION
6WE0	1.8	X-RAY DIFFRACTION
6WE1	2.612	X-RAY DIFFRACTION
6WE9	1.59	X-RAY DIFFRACTION
6WEA	1.8	X-RAY DIFFRACTION
6WFQ	3.9	ELECTRON MICROSCOPY
6WG3	5.3	ELECTRON MICROSCOPY
6WG6	3.54	X-RAY DIFFRACTION
6WG7	8.3	ELECTRON MICROSCOPY
6WGC	4.3	ELECTRON MICROSCOPY
6WGE	3.9	ELECTRON MICROSCOPY
6WGG	8.1	ELECTRON MICROSCOPY
6WGI	10.0	ELECTRON MICROSCOPY
6WHI	4.2	ELECTRON MICROSCOPY
6WHM	1.92	X-RAY DIFFRACTION
6WIC	1.55	X-RAY DIFFRACTION
6WID	1.5	X-RAY DIFFRACTION
6WIE	1.5	X-RAY DIFFRACTION
6WIG	2.1	X-RAY DIFFRACTION
6WJK	4.514	X-RAY DIFFRACTION
6WJR	2.7	X-RAY DIFFRACTION
6WJS	3.8	X-RAY DIFFRACTION
6WK6	2.35	X-RAY DIFFRACTION
6WK7	2.423	X-RAY DIFFRACTION
6WKR	3.5	ELECTRON MICROSCOPY
6WLH	\N	SOLUTION NMR
6WLJ	9.6	ELECTRON MICROSCOPY
6WLK	10.0	ELECTRON MICROSCOPY
6WLL	10.0	ELECTRON MICROSCOPY
6WLM	7.4	ELECTRON MICROSCOPY
6WLN	10.0	ELECTRON MICROSCOPY
6WLO	11.0	ELECTRON MICROSCOPY
6WLQ	4.7	ELECTRON MICROSCOPY
6WLR	4.8	ELECTRON MICROSCOPY
6WLS	6.8	ELECTRON MICROSCOPY
6WLT	4.8	ELECTRON MICROSCOPY
6WLU	5.7	ELECTRON MICROSCOPY
6WMA	2.5	X-RAY DIFFRACTION
6WMB	3.02	X-RAY DIFFRACTION
6WMC	3.49	X-RAY DIFFRACTION
6WMI	2.75	X-RAY DIFFRACTION
6WMP	2.98	ELECTRON MICROSCOPY
6WMR	3.46	ELECTRON MICROSCOPY
6WMT	4.43	ELECTRON MICROSCOPY
6WMU	3.18	ELECTRON MICROSCOPY
6WNT	3.1	ELECTRON MICROSCOPY
6WNV	3.5	ELECTRON MICROSCOPY
6WNW	3.2	ELECTRON MICROSCOPY
6WOO	2.9	ELECTRON MICROSCOPY
6WOX	3.14	X-RAY DIFFRACTION
6WOY	3.0	X-RAY DIFFRACTION
6WPA	3.09	X-RAY DIFFRACTION
6WPF	2.53	X-RAY DIFFRACTION
6WPH	2.72	X-RAY DIFFRACTION
6WPI	3.02	X-RAY DIFFRACTION
6WPJ	2.73	X-RAY DIFFRACTION
6WQ0	2.8	ELECTRON MICROSCOPY
6WQ2	4.0	ELECTRON MICROSCOPY
6WQG	3.003	X-RAY DIFFRACTION
6WQN	2.9	ELECTRON MICROSCOPY
6WQQ	3.1	ELECTRON MICROSCOPY
6WQU	2.41	X-RAY DIFFRACTION
6WR3	3.173	X-RAY DIFFRACTION
6WR5	3.063	X-RAY DIFFRACTION
6WR7	3.11	X-RAY DIFFRACTION
6WR9	3.071	X-RAY DIFFRACTION
6WRA	3.0	X-RAY DIFFRACTION
6WRB	3.15	X-RAY DIFFRACTION
6WRC	3.178	X-RAY DIFFRACTION
6WRE	2.0	X-RAY DIFFRACTION
6WRI	3.057	X-RAY DIFFRACTION
6WRJ	3.129	X-RAY DIFFRACTION
6WRS	3.2	ELECTRON MICROSCOPY
6WRU	3.1	ELECTRON MICROSCOPY
6WS3	2.2	X-RAY DIFFRACTION
6WSN	3.052	X-RAY DIFFRACTION
6WSO	3.106	X-RAY DIFFRACTION
6WSP	3.049	X-RAY DIFFRACTION
6WSQ	2.807	X-RAY DIFFRACTION
6WSR	2.85	X-RAY DIFFRACTION
6WSS	3.001	X-RAY DIFFRACTION
6WST	3.055	X-RAY DIFFRACTION
6WSU	2.756	X-RAY DIFFRACTION
6WSV	3.101	X-RAY DIFFRACTION
6WSW	3.12	X-RAY DIFFRACTION
6WSX	3.122	X-RAY DIFFRACTION
6WSY	3.053	X-RAY DIFFRACTION
6WSZ	3.053	X-RAY DIFFRACTION
6WT0	3.106	X-RAY DIFFRACTION
6WT1	3.11	X-RAY DIFFRACTION
6WTL	2.85	X-RAY DIFFRACTION
6WTR	3.082	X-RAY DIFFRACTION
6WU9	2.9	ELECTRON MICROSCOPY
6WUA	3.2	ELECTRON MICROSCOPY
6WUB	3.2	ELECTRON MICROSCOPY
6WVJ	3.36	ELECTRON MICROSCOPY
6WW6	3.8	X-RAY DIFFRACTION
6WXQ	2.05	X-RAY DIFFRACTION
6WXX	3.0	X-RAY DIFFRACTION
6WXY	2.1	X-RAY DIFFRACTION
6WY2	1.928	X-RAY DIFFRACTION
6WY3	1.647	X-RAY DIFFRACTION
6WYA	2.41	X-RAY DIFFRACTION
6WYB	2.5	X-RAY DIFFRACTION
6WYV	2.75	ELECTRON MICROSCOPY
6WZ5	2.2	ELECTRON MICROSCOPY
6WZ9	2.8	ELECTRON MICROSCOPY
6WZR	3.2	X-RAY DIFFRACTION
6WZS	3.23	X-RAY DIFFRACTION
6X0L	3.9	ELECTRON MICROSCOPY
6X0M	6.3	ELECTRON MICROSCOPY
6X0N	10.0	ELECTRON MICROSCOPY
6X1B	1.97	X-RAY DIFFRACTION
6X1J	1.945	X-RAY DIFFRACTION
6X26	4.1	ELECTRON MICROSCOPY
6X2F	4.0	ELECTRON MICROSCOPY
6X2N	3.9	ELECTRON MICROSCOPY
6X43	3.6	ELECTRON MICROSCOPY
6X4W	3.8	ELECTRON MICROSCOPY
6X4Y	3.6	ELECTRON MICROSCOPY
6X50	3.3	ELECTRON MICROSCOPY
6X59	2.98	ELECTRON MICROSCOPY
6X5A	4.36	ELECTRON MICROSCOPY
6X5D	1.15	X-RAY DIFFRACTION
6X5M	2.5	X-RAY DIFFRACTION
6X5N	3.3	X-RAY DIFFRACTION
6X67	3.47	ELECTRON MICROSCOPY
6X68	3.66	ELECTRON MICROSCOPY
6X6D	2.48	X-RAY DIFFRACTION
6X6E	2.0	X-RAY DIFFRACTION
6X6T	3.2	ELECTRON MICROSCOPY
6X6Z	1.4	X-RAY DIFFRACTION
6X70	2.05	X-RAY DIFFRACTION
6X71	1.78	X-RAY DIFFRACTION
6X72	2.19	X-RAY DIFFRACTION
6X73	2.05	X-RAY DIFFRACTION
6X74	1.69	X-RAY DIFFRACTION
6X75	1.95	X-RAY DIFFRACTION
6X76	2.53	X-RAY DIFFRACTION
6X77	1.64	X-RAY DIFFRACTION
6X7F	3.5	ELECTRON MICROSCOPY
6X7K	3.1	ELECTRON MICROSCOPY
6X8B	2.899	X-RAY DIFFRACTION
6X8C	3.098	X-RAY DIFFRACTION
6X9I	2.2	X-RAY DIFFRACTION
6X9J	1.79	X-RAY DIFFRACTION
6X9K	2.65	X-RAY DIFFRACTION
6X9Q	4.8	ELECTRON MICROSCOPY
6XA1	2.8	ELECTRON MICROSCOPY
6XAH	\N	SOLUTION NMR
6XAS	3.8	ELECTRON MICROSCOPY
6XAV	7.7	ELECTRON MICROSCOPY
6XB7	\N	SOLUTION NMR
6XB8	3.3	X-RAY DIFFRACTION
6XBU	3.29	X-RAY DIFFRACTION
6XCL	2.7	X-RAY DIFFRACTION
6XDQ	3.7	ELECTRON MICROSCOPY
6XDR	4.7	ELECTRON MICROSCOPY
6XDV	3.003	X-RAY DIFFRACTION
6XDW	3.148	X-RAY DIFFRACTION
6XDX	2.899	X-RAY DIFFRACTION
6XDY	3.06	X-RAY DIFFRACTION
6XDZ	3.106	X-RAY DIFFRACTION
6XE0	6.8	ELECTRON MICROSCOPY
6XEI	3.049	X-RAY DIFFRACTION
6XEJ	2.807	X-RAY DIFFRACTION
6XEK	2.85	X-RAY DIFFRACTION
6XEL	3.001	X-RAY DIFFRACTION
6XEM	3.055	X-RAY DIFFRACTION
6XEO	5.5	ELECTRON MICROSCOPY
6XEZ	3.5	ELECTRON MICROSCOPY
6XFC	2.756	X-RAY DIFFRACTION
6XFD	3.101	X-RAY DIFFRACTION
6XFE	3.12	X-RAY DIFFRACTION
6XFF	3.122	X-RAY DIFFRACTION
6XFG	3.053	X-RAY DIFFRACTION
6XFW	3.053	X-RAY DIFFRACTION
6XFX	3.129	X-RAY DIFFRACTION
6XFY	3.057	X-RAY DIFFRACTION
6XFZ	3.113	X-RAY DIFFRACTION
6XG0	3.178	X-RAY DIFFRACTION
6XG8	3.5	X-RAY DIFFRACTION
6XGF	5.0	ELECTRON MICROSCOPY
6XGJ	3.071	X-RAY DIFFRACTION
6XGK	3.063	X-RAY DIFFRACTION
6XGL	3.173	X-RAY DIFFRACTION
6XGM	3.11	X-RAY DIFFRACTION
6XGN	3.12	X-RAY DIFFRACTION
6XGO	3.0	X-RAY DIFFRACTION
6XGW	3.5	X-RAY DIFFRACTION
6XGX	3.5	X-RAY DIFFRACTION
6XH0	3.1	X-RAY DIFFRACTION
6XH1	2.601	X-RAY DIFFRACTION
6XH2	1.71	X-RAY DIFFRACTION
6XH3	2.353	X-RAY DIFFRACTION
6XH7	3.9	ELECTRON MICROSCOPY
6XH8	4.1	ELECTRON MICROSCOPY
6XHV	2.4	X-RAY DIFFRACTION
6XHW	2.5	X-RAY DIFFRACTION
6XHX	2.55	X-RAY DIFFRACTION
6XHY	2.6	X-RAY DIFFRACTION
6XII	7.0	ELECTRON MICROSCOPY
6XIJ	8.0	ELECTRON MICROSCOPY
6XIQ	4.2	ELECTRON MICROSCOPY
6XIR	3.2	ELECTRON MICROSCOPY
6XJD	6.8	ELECTRON MICROSCOPY
6XJQ	1.708	X-RAY DIFFRACTION
6XJW	1.918	X-RAY DIFFRACTION
6XJY	2.156	X-RAY DIFFRACTION
6XJZ	2.488	X-RAY DIFFRACTION
6XKI	2.87	X-RAY DIFFRACTION
6XKN	2.73	X-RAY DIFFRACTION
6XKO	2.75	X-RAY DIFFRACTION
6XL1	1.95	X-RAY DIFFRACTION
6XL5	2.5	ELECTRON MICROSCOPY
6XL6	3.0	ELECTRON MICROSCOPY
6XL9	2.5	ELECTRON MICROSCOPY
6XLA	3.1	ELECTRON MICROSCOPY
6XLJ	2.7	ELECTRON MICROSCOPY
6XLK	3.3	ELECTRON MICROSCOPY
6XLL	2.7	ELECTRON MICROSCOPY
6XLM	3.2	ELECTRON MICROSCOPY
6XLN	2.8	ELECTRON MICROSCOPY
6XLV	1.4	X-RAY DIFFRACTION
6XLW	1.5	X-RAY DIFFRACTION
6XLX	1.7	X-RAY DIFFRACTION
6XMF	3.1	ELECTRON MICROSCOPY
6XMG	4.8	ELECTRON MICROSCOPY
6XN3	3.0	ELECTRON MICROSCOPY
6XN4	3.35	ELECTRON MICROSCOPY
6XN5	2.97	ELECTRON MICROSCOPY
6XN7	3.47	ELECTRON MICROSCOPY
6XNA	3.05	X-RAY DIFFRACTION
6XNX	2.7	ELECTRON MICROSCOPY
6XNY	2.9	ELECTRON MICROSCOPY
6XNZ	3.8	ELECTRON MICROSCOPY
6XO5	3.157	X-RAY DIFFRACTION
6XO6	3.108	X-RAY DIFFRACTION
6XO7	3.105	X-RAY DIFFRACTION
6XO8	4.195	X-RAY DIFFRACTION
6XO9	3.103	X-RAY DIFFRACTION
6XQB	3.4	ELECTRON MICROSCOPY
6XQD	2.8	X-RAY DIFFRACTION
6XQE	3.0	X-RAY DIFFRACTION
6XRQ	1.21	X-RAY DIFFRACTION
6XRZ	6.9	ELECTRON MICROSCOPY
6XT7	1.56	X-RAY DIFFRACTION
6XTX	3.29	ELECTRON MICROSCOPY
6XU0	1.9	X-RAY DIFFRACTION
6XU6	3.5	ELECTRON MICROSCOPY
6XU7	4.9	ELECTRON MICROSCOPY
6XU8	3.0	ELECTRON MICROSCOPY
6XUP	1.9	X-RAY DIFFRACTION
6XUR	1.1	X-RAY DIFFRACTION
6XUS	1.1	X-RAY DIFFRACTION
6XWG	2.4	X-RAY DIFFRACTION
6XWH	2.1	X-RAY DIFFRACTION
6XWJ	\N	SOLUTION NMR
6XWW	\N	SOLUTION NMR
6XXA	\N	SOLUTION NMR
6XXB	\N	SOLUTION NMR
6XYW	3.86	ELECTRON MICROSCOPY
6XZ7	2.1	ELECTRON MICROSCOPY
6XZA	2.66	ELECTRON MICROSCOPY
6XZB	2.54	ELECTRON MICROSCOPY
6XZD	3.4	ELECTRON MICROSCOPY
6XZG	3.8	ELECTRON MICROSCOPY
6XZP	3.3	ELECTRON MICROSCOPY
6XZQ	3.6	ELECTRON MICROSCOPY
6XZR	3.3	ELECTRON MICROSCOPY
6Y0C	3.2	ELECTRON MICROSCOPY
6Y0G	3.2	ELECTRON MICROSCOPY
6Y0T	1.393	X-RAY DIFFRACTION
6Y0Y	0.95	X-RAY DIFFRACTION
6Y2L	3.0	ELECTRON MICROSCOPY
6Y35	2.6	X-RAY DIFFRACTION
6Y36	2.3	X-RAY DIFFRACTION
6Y37	2.2	X-RAY DIFFRACTION
6Y39	2.3	X-RAY DIFFRACTION
6Y3G	3.1	X-RAY DIFFRACTION
6Y42	4.3	X-RAY DIFFRACTION
6Y4B	5.0	X-RAY DIFFRACTION
6Y50	4.1	ELECTRON MICROSCOPY
6Y53	7.1	ELECTRON MICROSCOPY
6Y57	3.5	ELECTRON MICROSCOPY
6Y5D	4.1	ELECTRON MICROSCOPY
6Y5E	3.15	ELECTRON MICROSCOPY
6Y5Q	7.1	ELECTRON MICROSCOPY
6Y69	2.86	ELECTRON MICROSCOPY
6Y6X	2.8	ELECTRON MICROSCOPY
6Y7C	3.8	ELECTRON MICROSCOPY
6Y93	2.23	X-RAY DIFFRACTION
6YAL	3.0	ELECTRON MICROSCOPY
6YAM	3.6	ELECTRON MICROSCOPY
6YAN	3.48	ELECTRON MICROSCOPY
6YBS	3.1	ELECTRON MICROSCOPY
6YBV	3.8	ELECTRON MICROSCOPY
6YBW	3.1	ELECTRON MICROSCOPY
6YCQ	1.65	X-RAY DIFFRACTION
6YCS	3.05	X-RAY DIFFRACTION
6YCV	\N	SOLUTION NMR
6YDP	3.0	ELECTRON MICROSCOPY
6YDW	4.2	ELECTRON MICROSCOPY
6YEF	3.2	ELECTRON MICROSCOPY
6YEP	\N	SOLUTION NMR
6YFT	3.5	X-RAY DIFFRACTION
6YHS	2.7	ELECTRON MICROSCOPY
6YJB	1.55	X-RAY DIFFRACTION
6YKF	1.48	X-RAY DIFFRACTION
6YL2	3.15	X-RAY DIFFRACTION
6YL5	1.7	X-RAY DIFFRACTION
6YLB	2.12	X-RAY DIFFRACTION
6YLG	3.0	ELECTRON MICROSCOPY
6YLH	3.1	ELECTRON MICROSCOPY
6YLX	3.9	ELECTRON MICROSCOPY
6YLY	3.8	ELECTRON MICROSCOPY
6YMC	2.0	X-RAY DIFFRACTION
6YMG	3.14	X-RAY DIFFRACTION
6YMI	2.5	X-RAY DIFFRACTION
6YMJ	2.04	X-RAY DIFFRACTION
6YMK	2.03	X-RAY DIFFRACTION
6YML	2.17	X-RAY DIFFRACTION
6YMM	2.2	X-RAY DIFFRACTION
6YMV	3.1	ELECTRON MICROSCOPY
6YMW	3.71	ELECTRON MICROSCOPY
6YOV	3.42	ELECTRON MICROSCOPY
6YPU	2.9	ELECTRON MICROSCOPY
6YRB	2.351	X-RAY DIFFRACTION
6YRQ	1.902	X-RAY DIFFRACTION
6YS3	2.58	ELECTRON MICROSCOPY
6YS5	3.0	ELECTRON MICROSCOPY
6YSI	2.5	ELECTRON MICROSCOPY
6YSR	3.1	ELECTRON MICROSCOPY
6YSS	2.6	ELECTRON MICROSCOPY
6YST	3.2	ELECTRON MICROSCOPY
6YSU	3.7	ELECTRON MICROSCOPY
6YT9	2.7	ELECTRON MICROSCOPY
6YTF	3.0	ELECTRON MICROSCOPY
6YUD	1.84	X-RAY DIFFRACTION
6YUF	3.94	ELECTRON MICROSCOPY
6YW5	2.85	ELECTRON MICROSCOPY
6YWE	2.99	ELECTRON MICROSCOPY
6YWO	1.9	X-RAY DIFFRACTION
6YWS	2.74	ELECTRON MICROSCOPY
6YWV	3.03	ELECTRON MICROSCOPY
6YWW	2.102	X-RAY DIFFRACTION
6YWX	3.1	ELECTRON MICROSCOPY
6YWY	3.05	ELECTRON MICROSCOPY
6YXX	3.9	ELECTRON MICROSCOPY
6YXY	3.1	ELECTRON MICROSCOPY
6YY4	\N	SOLUTION NMR
6YYM	2.63	X-RAY DIFFRACTION
6YYT	2.9	ELECTRON MICROSCOPY
6Z0S	5.7	ELECTRON MICROSCOPY
6Z18	1.81	X-RAY DIFFRACTION
6Z1A	2.3	X-RAY DIFFRACTION
6Z1P	3.7	ELECTRON MICROSCOPY
6Z6B	3.961	X-RAY DIFFRACTION
6Z6G	3.06	ELECTRON MICROSCOPY
6Z6J	3.4	ELECTRON MICROSCOPY
6Z6K	3.4	ELECTRON MICROSCOPY
6Z6L	3.0	ELECTRON MICROSCOPY
6Z6M	3.1	ELECTRON MICROSCOPY
6Z6N	2.9	ELECTRON MICROSCOPY
6Z6P	4.43	ELECTRON MICROSCOPY
6Z8K	3.02	ELECTRON MICROSCOPY
6Z8V	1.58	X-RAY DIFFRACTION
6Z8W	1.73	X-RAY DIFFRACTION
6Z8X	2.53	X-RAY DIFFRACTION
6Z9P	3.9	ELECTRON MICROSCOPY
6Z9Q	5.7	ELECTRON MICROSCOPY
6Z9R	4.1	ELECTRON MICROSCOPY
6Z9S	4.4	ELECTRON MICROSCOPY
6Z9T	4.1	ELECTRON MICROSCOPY
6ZA3	2.05	X-RAY DIFFRACTION
6ZAB	2.8	X-RAY DIFFRACTION
6ZCE	5.3	ELECTRON MICROSCOPY
6ZDP	2.85	X-RAY DIFFRACTION
6ZDQ	2.98	X-RAY DIFFRACTION
6ZDU	3.45	X-RAY DIFFRACTION
6ZH8	4.14	ELECTRON MICROSCOPY
6ZHA	3.91	ELECTRON MICROSCOPY
6ZHE	7.24	ELECTRON MICROSCOPY
6ZHX	2.5	ELECTRON MICROSCOPY
6ZHY	3.0	ELECTRON MICROSCOPY
6ZIX	3.4	X-RAY DIFFRACTION
6ZJ2	3.38	X-RAY DIFFRACTION
6ZJ3	3.15	ELECTRON MICROSCOPY
6ZL2	\N	SOLUTION NMR
6ZL9	\N	SOLUTION NMR
6ZLC	2.3	X-RAY DIFFRACTION
6ZLW	2.6	ELECTRON MICROSCOPY
6ZM2	2.1	X-RAY DIFFRACTION
6ZM5	2.89	ELECTRON MICROSCOPY
6ZM6	2.59	ELECTRON MICROSCOPY
6ZM7	2.7	ELECTRON MICROSCOPY
6ZME	3.0	ELECTRON MICROSCOPY
6ZMI	2.6	ELECTRON MICROSCOPY
6ZMN	2.333	X-RAY DIFFRACTION
6ZMO	3.1	ELECTRON MICROSCOPY
6ZMT	3.0	ELECTRON MICROSCOPY
6ZMW	3.7	ELECTRON MICROSCOPY
6ZN5	3.2	ELECTRON MICROSCOPY
6ZNC	1.64	X-RAY DIFFRACTION
6ZNP	3.16	X-RAY DIFFRACTION
6ZNQ	3.34	X-RAY DIFFRACTION
6ZOJ	2.8	ELECTRON MICROSCOPY
6ZOK	2.8	ELECTRON MICROSCOPY
6ZOL	2.8	ELECTRON MICROSCOPY
6ZON	3.0	ELECTRON MICROSCOPY
6ZOT	2.7	X-RAY DIFFRACTION
6ZP4	2.9	ELECTRON MICROSCOPY
6ZPF	1.442	X-RAY DIFFRACTION
6ZQ9	1.5	X-RAY DIFFRACTION
6ZQA	4.4	ELECTRON MICROSCOPY
6ZQB	3.9	ELECTRON MICROSCOPY
6ZQC	3.8	ELECTRON MICROSCOPY
6ZQD	3.8	ELECTRON MICROSCOPY
6ZQE	7.1	ELECTRON MICROSCOPY
6ZQF	4.9	ELECTRON MICROSCOPY
6ZQG	3.5	ELECTRON MICROSCOPY
6ZR1	1.528	X-RAY DIFFRACTION
6ZRL	1.53	X-RAY DIFFRACTION
6ZRM	\N	SOLUTION NMR
6ZRS	1.52	X-RAY DIFFRACTION
6ZS9	4.0	ELECTRON MICROSCOPY
6ZSA	4.0	ELECTRON MICROSCOPY
6ZSB	4.5	ELECTRON MICROSCOPY
6ZSC	3.5	ELECTRON MICROSCOPY
6ZSD	3.7	ELECTRON MICROSCOPY
6ZSE	5.0	ELECTRON MICROSCOPY
6ZSG	4.0	ELECTRON MICROSCOPY
6ZTE	\N	SOLUTION NMR
6ZTJ	3.4	ELECTRON MICROSCOPY
6ZTL	3.5	ELECTRON MICROSCOPY
6ZTM	3.3	ELECTRON MICROSCOPY
6ZTN	3.9	ELECTRON MICROSCOPY
6ZTO	3.0	ELECTRON MICROSCOPY
6ZTP	3.0	ELECTRON MICROSCOPY
6ZU1	3.0	ELECTRON MICROSCOPY
6ZU5	2.9	ELECTRON MICROSCOPY
6ZU9	6.2	ELECTRON MICROSCOPY
6ZUO	3.1	ELECTRON MICROSCOPY
6ZV6	2.9	ELECTRON MICROSCOPY
6ZVH	2.9	ELECTRON MICROSCOPY
6ZVI	3.0	ELECTRON MICROSCOPY
6ZVJ	3.8	ELECTRON MICROSCOPY
6ZVK	3.49	ELECTRON MICROSCOPY
6ZW3	1.522	X-RAY DIFFRACTION
6ZWU	1.527	X-RAY DIFFRACTION
6ZWW	3.16	X-RAY DIFFRACTION
6ZX5	1.523	X-RAY DIFFRACTION
6ZX6	\N	SOLUTION NMR
6ZX7	\N	SOLUTION NMR
6ZX8	1.981	X-RAY DIFFRACTION
6ZXD	3.2	ELECTRON MICROSCOPY
6ZXE	3.0	ELECTRON MICROSCOPY
6ZXF	3.7	ELECTRON MICROSCOPY
6ZXG	2.6	ELECTRON MICROSCOPY
6ZXH	2.7	ELECTRON MICROSCOPY
6ZXZ	2.44	X-RAY DIFFRACTION
6ZY5	3.6	ELECTRON MICROSCOPY
6ZY6	4.1	ELECTRON MICROSCOPY
6ZY7	4.64	ELECTRON MICROSCOPY
6ZY8	7.4	ELECTRON MICROSCOPY
6ZYB	0.9	X-RAY DIFFRACTION
6ZYM	3.4	ELECTRON MICROSCOPY
6ZZ6	3.4	ELECTRON MICROSCOPY
7A01	3.6	ELECTRON MICROSCOPY
7A08	3.11	ELECTRON MICROSCOPY
7A09	3.5	ELECTRON MICROSCOPY
7A0R	3.3	X-RAY DIFFRACTION
7A0S	3.22	X-RAY DIFFRACTION
7A18	3.4	X-RAY DIFFRACTION
7A1G	3.0	ELECTRON MICROSCOPY
7A3Y	\N	SOLUTION NMR
7A5F	4.4	ELECTRON MICROSCOPY
7A5G	4.33	ELECTRON MICROSCOPY
7A5H	3.3	ELECTRON MICROSCOPY
7A5I	3.7	ELECTRON MICROSCOPY
7A5J	3.1	ELECTRON MICROSCOPY
7A5K	3.7	ELECTRON MICROSCOPY
7A5P	5.0	ELECTRON MICROSCOPY
7A9L	1.98	X-RAY DIFFRACTION
7A9N	1.602	X-RAY DIFFRACTION
7A9O	1.601	X-RAY DIFFRACTION
7A9P	1.985	X-RAY DIFFRACTION
7A9Q	2.185	X-RAY DIFFRACTION
7A9R	2.455	X-RAY DIFFRACTION
7A9S	2.29	X-RAY DIFFRACTION
7A9T	1.7	X-RAY DIFFRACTION
7A9W	2.55	X-RAY DIFFRACTION
7A9X	2.45	X-RAY DIFFRACTION
7AAP	2.5	ELECTRON MICROSCOPY
7AAV	4.2	ELECTRON MICROSCOPY
7ABF	3.9	ELECTRON MICROSCOPY
7ABG	7.8	ELECTRON MICROSCOPY
7ABH	4.5	ELECTRON MICROSCOPY
7ABI	8.0	ELECTRON MICROSCOPY
7ABS	1.97	X-RAY DIFFRACTION
7ABZ	3.21	ELECTRON MICROSCOPY
7AC7	3.08	ELECTRON MICROSCOPY
7ACJ	3.2	ELECTRON MICROSCOPY
7ACR	3.44	ELECTRON MICROSCOPY
7ACS	\N	SOLUTION NMR
7ACT	\N	SOLUTION NMR
7AD8	3.5	ELECTRON MICROSCOPY
7ADB	4.4	ELECTRON MICROSCOPY
7ADC	4.0	ELECTRON MICROSCOPY
7ADD	4.3	ELECTRON MICROSCOPY
7ADE	4.2	ELECTRON MICROSCOPY
7ADU	2.62	X-RAY DIFFRACTION
7ADV	2.65	X-RAY DIFFRACTION
7AE1	2.8	ELECTRON MICROSCOPY
7AE3	3.1	ELECTRON MICROSCOPY
7AEA	3.4	ELECTRON MICROSCOPY
7AEO	2.8	X-RAY DIFFRACTION
7AF3	2.82	ELECTRON MICROSCOPY
7AF5	2.96	ELECTRON MICROSCOPY
7AF8	2.75	ELECTRON MICROSCOPY
7AFA	2.95	ELECTRON MICROSCOPY
7AFD	3.44	ELECTRON MICROSCOPY
7AFH	3.59	ELECTRON MICROSCOPY
7AFI	3.53	ELECTRON MICROSCOPY
7AFK	4.9	ELECTRON MICROSCOPY
7AFL	4.2	ELECTRON MICROSCOPY
7AFN	3.86	ELECTRON MICROSCOPY
7AFO	3.93	ELECTRON MICROSCOPY
7AHX	2.73	X-RAY DIFFRACTION
7AI5	4.4	ELECTRON MICROSCOPY
7AI6	6.9	ELECTRON MICROSCOPY
7AI7	3.9	ELECTRON MICROSCOPY
7AIB	4.7	ELECTRON MICROSCOPY
7AIC	5.0	ELECTRON MICROSCOPY
7AID	3.15	X-RAY DIFFRACTION
7AIF	2.75	X-RAY DIFFRACTION
7AIG	2.95	X-RAY DIFFRACTION
7AIH	3.6	ELECTRON MICROSCOPY
7AII	2.62	X-RAY DIFFRACTION
7AIJ	2.95	X-RAY DIFFRACTION
7AJT	4.6	ELECTRON MICROSCOPY
7AJU	3.8	ELECTRON MICROSCOPY
7ALU	\N	SOLUTION NMR
7AM2	3.4	ELECTRON MICROSCOPY
7AMN	2.3	X-RAY DIFFRACTION
7AMT	2.6	X-RAY DIFFRACTION
7AMV	2.8	ELECTRON MICROSCOPY
7ANE	3.9	ELECTRON MICROSCOPY
7AOE	3.9	ELECTRON MICROSCOPY
7AOH	2.7	ELECTRON MICROSCOPY
7AOI	3.5	ELECTRON MICROSCOPY
7AOR	3.5	ELECTRON MICROSCOPY
7AOZ	2.85	ELECTRON MICROSCOPY
7AP8	3.15	ELECTRON MICROSCOPY
7AP9	3.01	ELECTRON MICROSCOPY
7APD	3.9	ELECTRON MICROSCOPY
7AQC	2.99	ELECTRON MICROSCOPY
7AQD	3.1	ELECTRON MICROSCOPY
7ARE	7.4	ELECTRON MICROSCOPY
7ARQ	10.0	ELECTRON MICROSCOPY
7ART	10.0	ELECTRON MICROSCOPY
7ARV	7.4	ELECTRON MICROSCOPY
7ARY	8.5	ELECTRON MICROSCOPY
7AS5	9.8	ELECTRON MICROSCOPY
7AS8	2.9	ELECTRON MICROSCOPY
7AS9	3.5	ELECTRON MICROSCOPY
7ASA	3.5	ELECTRON MICROSCOPY
7ASE	3.33	ELECTRON MICROSCOPY
7ASM	2.48	ELECTRON MICROSCOPY
7ASN	2.73	ELECTRON MICROSCOPY
7ASO	3.11	ELECTRON MICROSCOPY
7ASP	2.86	ELECTRON MICROSCOPY
7AT8	4.4	ELECTRON MICROSCOPY
7ATG	0.6	X-RAY DIFFRACTION
7ATZ	\N	SOLUTION NMR
7AUD	2.96	X-RAY DIFFRACTION
7AW7	3.4	X-RAY DIFFRACTION
7AW9	3.5	X-RAY DIFFRACTION
7AY1	3.7	ELECTRON MICROSCOPY
7AZO	3.3	X-RAY DIFFRACTION
7AZS	3.1	X-RAY DIFFRACTION
7AZY	2.877	ELECTRON MICROSCOPY
7B0C	3.0	X-RAY DIFFRACTION
7B0F	2.797	X-RAY DIFFRACTION
7B0G	3.0	X-RAY DIFFRACTION
7B0H	3.15	X-RAY DIFFRACTION
7B0Y	3.6	ELECTRON MICROSCOPY
7B1Y	2.12	X-RAY DIFFRACTION
7B20	2.18	X-RAY DIFFRACTION
7B23	2.15	X-RAY DIFFRACTION
7B24	2.05	X-RAY DIFFRACTION
7B25	2.34	X-RAY DIFFRACTION
7B3B	3.1	ELECTRON MICROSCOPY
7B3C	3.4	ELECTRON MICROSCOPY
7B3D	2.8	ELECTRON MICROSCOPY
7B46	2.02	X-RAY DIFFRACTION
7B49	1.42	X-RAY DIFFRACTION
7B4A	1.9	X-RAY DIFFRACTION
7B4D	1.85	X-RAY DIFFRACTION
7B4E	1.58	X-RAY DIFFRACTION
7B4F	1.78	X-RAY DIFFRACTION
7B4G	1.86	X-RAY DIFFRACTION
7B4H	1.39	X-RAY DIFFRACTION
7B4N	1.32	X-RAY DIFFRACTION
7B4Z	\N	SOLUTION NMR
7B5K	2.9	ELECTRON MICROSCOPY
7B5Y	7.1	ELECTRON MICROSCOPY
7B71	\N	SOLUTION NMR
7B72	\N	SOLUTION NMR
7B7D	3.3	ELECTRON MICROSCOPY
7B9V	2.8	ELECTRON MICROSCOPY
7BAH	1.89	X-RAY DIFFRACTION
7BAI	3.4	X-RAY DIFFRACTION
7BCA	2.8	X-RAY DIFFRACTION
7BCB	2.8	X-RAY DIFFRACTION
7BDV	2.02	X-RAY DIFFRACTION
7BEF	4.5	ELECTRON MICROSCOPY
7BEG	4.2	ELECTRON MICROSCOPY
7BFS	\N	SOLUTION NMR
7BFX	\N	SOLUTION NMR
7BG6	2.6	ELECTRON MICROSCOPY
7BG9	3.8	ELECTRON MICROSCOPY
7BGB	3.4	ELECTRON MICROSCOPY
7BGD	3.2	ELECTRON MICROSCOPY
7BGE	3.6	ELECTRON MICROSCOPY
7BHO	36.44	ELECTRON MICROSCOPY
7BHP	3.3	ELECTRON MICROSCOPY
7BHY	2.3	X-RAY DIFFRACTION
7BI0	\N	SOLUTION NMR
7BIL	2.21	X-RAY DIFFRACTION
7BJQ	2.7	X-RAY DIFFRACTION
7BKP	2.8	ELECTRON MICROSCOPY
7BKQ	3.4	ELECTRON MICROSCOPY
7BL0	\N	SOLUTION NMR
7BL2	3.7	ELECTRON MICROSCOPY
7BL3	3.5	ELECTRON MICROSCOPY
7BL4	2.4	ELECTRON MICROSCOPY
7BL5	3.3	ELECTRON MICROSCOPY
7BL6	4.0	ELECTRON MICROSCOPY
7BLM	\N	SOLUTION NMR
7BMA	\N	SOLUTION NMR
7BNA	1.9	X-RAY DIFFRACTION
7BOD	2.88	ELECTRON MICROSCOPY
7BOE	2.9	ELECTRON MICROSCOPY
7BOF	2.92	ELECTRON MICROSCOPY
7BOG	2.75	ELECTRON MICROSCOPY
7BOH	2.82	ELECTRON MICROSCOPY
7BOI	2.98	ELECTRON MICROSCOPY
7BPF	1.75	X-RAY DIFFRACTION
7BPG	1.7	X-RAY DIFFRACTION
7BPV	1.781	X-RAY DIFFRACTION
7BSE	1.5	X-RAY DIFFRACTION
7BSF	1.1	X-RAY DIFFRACTION
7BSG	2.19	X-RAY DIFFRACTION
7BSH	1.2	X-RAY DIFFRACTION
7BT6	3.12	ELECTRON MICROSCOPY
7BTB	3.22	ELECTRON MICROSCOPY
7BTQ	4.54	ELECTRON MICROSCOPY
7BV2	2.5	ELECTRON MICROSCOPY
7BV8	3.14	ELECTRON MICROSCOPY
7BWD	4.32	ELECTRON MICROSCOPY
7BXT	4.2	ELECTRON MICROSCOPY
7BY0	4.5	ELECTRON MICROSCOPY
7BZF	3.26	ELECTRON MICROSCOPY
7BZG	2.9	X-RAY DIFFRACTION
7C06	3.02	X-RAY DIFFRACTION
7C07	3.2	X-RAY DIFFRACTION
7C08	3.35	X-RAY DIFFRACTION
7C0G	2.4	X-RAY DIFFRACTION
7C0I	2.4	X-RAY DIFFRACTION
7C0J	2.75	X-RAY DIFFRACTION
7C0M	3.9	ELECTRON MICROSCOPY
7C17	4.22	ELECTRON MICROSCOPY
7C2K	2.93	ELECTRON MICROSCOPY
7C45	1.769	X-RAY DIFFRACTION
7C4P	1.995	X-RAY DIFFRACTION
7C4Q	2.5	X-RAY DIFFRACTION
7C4R	2.44	X-RAY DIFFRACTION
7C79	2.5	ELECTRON MICROSCOPY
7C7A	2.8	ELECTRON MICROSCOPY
7C7L	3.3	ELECTRON MICROSCOPY
7C97	3.68	ELECTRON MICROSCOPY
7C98	3.47	ELECTRON MICROSCOPY
7C99	3.36	ELECTRON MICROSCOPY
7C9A	3.43	ELECTRON MICROSCOPY
7C9C	3.33	ELECTRON MICROSCOPY
7C9O	2.55	X-RAY DIFFRACTION
7CBY	1.646	X-RAY DIFFRACTION
7CC9	2.063	X-RAY DIFFRACTION
7CCD	2.42	X-RAY DIFFRACTION
7CCJ	3.3	X-RAY DIFFRACTION
7CCQ	3.8	ELECTRON MICROSCOPY
7CCR	4.9	ELECTRON MICROSCOPY
7CD5	2.7	X-RAY DIFFRACTION
7CD6	2.701	X-RAY DIFFRACTION
7CE1	3.2	X-RAY DIFFRACTION
7CGF	1.7	X-RAY DIFFRACTION
7CGG	2.7	X-RAY DIFFRACTION
7CGH	2.4	X-RAY DIFFRACTION
7CGI	2.796	X-RAY DIFFRACTION
7CGJ	2.546	X-RAY DIFFRACTION
7CGK	2.4	X-RAY DIFFRACTION
7CGL	2.5	X-RAY DIFFRACTION
7CGM	2.6	X-RAY DIFFRACTION
7CHD	3.804	X-RAY DIFFRACTION
7CHW	3.58	ELECTRON MICROSCOPY
7CKQ	4.4	ELECTRON MICROSCOPY
7CLI	3.0	X-RAY DIFFRACTION
7CLS	\N	SOLUTION NMR
7CO6	1.9	X-RAY DIFFRACTION
7CO8	1.697	X-RAY DIFFRACTION
7CO9	1.599	X-RAY DIFFRACTION
7COA	1.698	X-RAY DIFFRACTION
7COB	1.797	X-RAY DIFFRACTION
7COC	1.9	X-RAY DIFFRACTION
7COD	1.8	X-RAY DIFFRACTION
7COW	2.86	X-RAY DIFFRACTION
7CPJ	3.3	ELECTRON MICROSCOPY
7CPS	\N	SOLUTION NMR
7CPU	2.82	ELECTRON MICROSCOPY
7CPV	3.03	ELECTRON MICROSCOPY
7CPW	2.849	X-RAY DIFFRACTION
7CQ4	3.294	X-RAY DIFFRACTION
7CR6	3.72	X-RAY DIFFRACTION
7CR8	3.7	X-RAY DIFFRACTION
7CRE	3.0	X-RAY DIFFRACTION
7CRO	3.75	ELECTRON MICROSCOPY
7CRP	3.2	ELECTRON MICROSCOPY
7CRQ	3.15	ELECTRON MICROSCOPY
7CRR	3.48	ELECTRON MICROSCOPY
7CSK	\N	SOLUTION NMR
7CSW	1.97	X-RAY DIFFRACTION
7CSY	2.29	X-RAY DIFFRACTION
7CSZ	1.8	X-RAY DIFFRACTION
7CTT	3.2	ELECTRON MICROSCOPY
7CUH	3.0	X-RAY DIFFRACTION
7CUK	\N	SOLUTION NMR
7CV3	\N	SOLUTION NMR
7CV4	\N	SOLUTION NMR
7CVO	2.6	X-RAY DIFFRACTION
7CVQ	3.3	X-RAY DIFFRACTION
7CXM	2.9	ELECTRON MICROSCOPY
7CXN	3.84	ELECTRON MICROSCOPY
7CY6	2.1	X-RAY DIFFRACTION
7CY7	2.15	X-RAY DIFFRACTION
7CY8	2.4	X-RAY DIFFRACTION
7CYQ	2.83	ELECTRON MICROSCOPY
7D0F	5.0	ELECTRON MICROSCOPY
7D0G	5.0	ELECTRON MICROSCOPY
7D0X	\N	SOLUTION NMR
7D0Y	\N	SOLUTION NMR
7D0Z	\N	SOLUTION NMR
7D12	\N	SOLUTION NMR
7D1A	3.8	ELECTRON MICROSCOPY
7D1Z	3.15	ELECTRON MICROSCOPY
7D20	3.0	ELECTRON MICROSCOPY
7D2L	2.75	X-RAY DIFFRACTION
7D31	1.396	X-RAY DIFFRACTION
7D32	1.707	X-RAY DIFFRACTION
7D33	2.117	X-RAY DIFFRACTION
7D3J	2.45	X-RAY DIFFRACTION
7D3T	2.7	X-RAY DIFFRACTION
7D3V	\N	SOLUTION NMR
7D3W	\N	SOLUTION NMR
7D3X	\N	SOLUTION NMR
7D4I	4.0	ELECTRON MICROSCOPY
7D58	2.9	ELECTRON MICROSCOPY
7D5D	1.18	X-RAY DIFFRACTION
7D5E	1.296	X-RAY DIFFRACTION
7D5F	\N	SOLUTION NMR
7D5S	4.6	ELECTRON MICROSCOPY
7D5T	6.0	ELECTRON MICROSCOPY
7D63	12.3	ELECTRON MICROSCOPY
7D69	3.57	ELECTRON MICROSCOPY
7D6Z	3.4	ELECTRON MICROSCOPY
7D7C	3.6	ELECTRON MICROSCOPY
7D7D	4.5	ELECTRON MICROSCOPY
7D7V	2.8	X-RAY DIFFRACTION
7D7W	2.391	X-RAY DIFFRACTION
7D7X	2.631	X-RAY DIFFRACTION
7D7Y	2.8	X-RAY DIFFRACTION
7D7Z	2.6	X-RAY DIFFRACTION
7D80	4.1	ELECTRON MICROSCOPY
7D81	2.1	X-RAY DIFFRACTION
7D82	2.489	X-RAY DIFFRACTION
7D8C	3.6	X-RAY DIFFRACTION
7D8O	2.097	X-RAY DIFFRACTION
7D8T	3.201	X-RAY DIFFRACTION
7D98	3.6	X-RAY DIFFRACTION
7DA7	3.47	ELECTRON MICROSCOPY
7DAS	3.64	ELECTRON MICROSCOPY
7DBH	3.6	ELECTRON MICROSCOPY
7DBM	2.43	X-RAY DIFFRACTION
7DBN	2.67	X-RAY DIFFRACTION
7DBP	4.5	ELECTRON MICROSCOPY
7DCI	1.7	X-RAY DIFFRACTION
7DCJ	2.004	X-RAY DIFFRACTION
7DCO	2.5	ELECTRON MICROSCOPY
7DCS	2.4	X-RAY DIFFRACTION
7DCT	2.36	X-RAY DIFFRACTION
7DCU	1.75	X-RAY DIFFRACTION
7DD3	3.2	ELECTRON MICROSCOPY
7DD4	\N	SOLUTION NMR
7DFG	2.7	ELECTRON MICROSCOPY
7DFH	2.97	ELECTRON MICROSCOPY
7DFY	1.69	X-RAY DIFFRACTION
7DIC	2.242	X-RAY DIFFRACTION
7DID	1.9	X-RAY DIFFRACTION
7DKG	3.0	X-RAY DIFFRACTION
7DLZ	3.002	X-RAY DIFFRACTION
7DMQ	3.06	ELECTRON MICROSCOPY
7DN3	3.5	ELECTRON MICROSCOPY
7DO1	\N	SOLUTION NMR
7DOI	2.6	ELECTRON MICROSCOPY
7DOK	2.73	ELECTRON MICROSCOPY
7DOL	2.002	X-RAY DIFFRACTION
7DPE	2.751	X-RAY DIFFRACTION
7DQ0	2.0	X-RAY DIFFRACTION
7DQ8	2.4	X-RAY DIFFRACTION
7DTA	\N	SOLUTION NMR
7DTE	3.0	ELECTRON MICROSCOPY
7DU2	3.35	ELECTRON MICROSCOPY
7DUG	3.75	X-RAY DIFFRACTION
7DUH	3.75	X-RAY DIFFRACTION
7DUI	3.62	X-RAY DIFFRACTION
7DUJ	3.75	X-RAY DIFFRACTION
7DUK	3.6	X-RAY DIFFRACTION
7DUL	3.62	X-RAY DIFFRACTION
7DV2	3.1	X-RAY DIFFRACTION
7DVQ	2.89	ELECTRON MICROSCOPY
7DVV	2.49	X-RAY DIFFRACTION
7DW5	2.83	X-RAY DIFFRACTION
7DWH	3.1	X-RAY DIFFRACTION
7DWR	2.8	X-RAY DIFFRACTION
7DXP	2.3	X-RAY DIFFRACTION
7DY6	3.68	ELECTRON MICROSCOPY
7E1B	4.587	X-RAY DIFFRACTION
7E4E	\N	SOLUTION NMR
7E5P	\N	SOLUTION NMR
7E8D	2.8	ELECTRON MICROSCOPY
7E8I	3.1	ELECTRON MICROSCOPY
7E8O	2.804	X-RAY DIFFRACTION
7E9C	3.5	ELECTRON MICROSCOPY
7E9E	1.57	X-RAY DIFFRACTION
7E9F	4.0	ELECTRON MICROSCOPY
7E9I	2.8	X-RAY DIFFRACTION
7EA5	3.3	ELECTRON MICROSCOPY
7EA8	3.1	ELECTRON MICROSCOPY
7EAF	2.85	X-RAY DIFFRACTION
7EAG	2.5	X-RAY DIFFRACTION
7EAQ	2.39	X-RAY DIFFRACTION
7EAY	2.5	X-RAY DIFFRACTION
7ECF	1.6	X-RAY DIFFRACTION
7ECG	1.97	X-RAY DIFFRACTION
7ECH	2.38	X-RAY DIFFRACTION
7ECJ	3.1	X-RAY DIFFRACTION
7ECK	2.79	X-RAY DIFFRACTION
7ECL	3.01	X-RAY DIFFRACTION
7ECM	1.51	X-RAY DIFFRACTION
7ECN	1.6	X-RAY DIFFRACTION
7ECO	1.81	X-RAY DIFFRACTION
7ECP	2.91	X-RAY DIFFRACTION
7ECV	3.43	ELECTRON MICROSCOPY
7ECW	3.1	ELECTRON MICROSCOPY
7ED5	2.98	ELECTRON MICROSCOPY
7EDB	2.39	X-RAY DIFFRACTION
7EDL	2.6	X-RAY DIFFRACTION
7EDM	2.81	X-RAY DIFFRACTION
7EDN	2.6	X-RAY DIFFRACTION
7EDS	1.77	X-RAY DIFFRACTION
7EDT	1.2	X-RAY DIFFRACTION
7EDU	2.3	X-RAY DIFFRACTION
7EDV	2.01	X-RAY DIFFRACTION
7EDW	2.0	X-RAY DIFFRACTION
7EDX	4.5	ELECTRON MICROSCOPY
7EEM	2.593	X-RAY DIFFRACTION
7EEN	1.7	X-RAY DIFFRACTION
7EEO	2.701	X-RAY DIFFRACTION
7EEU	2.9	X-RAY DIFFRACTION
7EF8	2.45	X-RAY DIFFRACTION
7EF9	1.97	X-RAY DIFFRACTION
7EFG	2.6	X-RAY DIFFRACTION
7EFH	2.7	X-RAY DIFFRACTION
7EFI	2.9	X-RAY DIFFRACTION
7EG6	3.1	ELECTRON MICROSCOPY
7EG7	6.2	ELECTRON MICROSCOPY
7EG8	7.4	ELECTRON MICROSCOPY
7EG9	3.7	ELECTRON MICROSCOPY
7EGA	4.1	ELECTRON MICROSCOPY
7EGB	3.3	ELECTRON MICROSCOPY
7EGC	3.9	ELECTRON MICROSCOPY
7EGD	6.75	ELECTRON MICROSCOPY
7EGH	3.04	ELECTRON MICROSCOPY
7EGJ	8.64	ELECTRON MICROSCOPY
7EGP	6.9	ELECTRON MICROSCOPY
7EGQ	3.35	ELECTRON MICROSCOPY
7EH0	2.808	X-RAY DIFFRACTION
7EH1	2.9	X-RAY DIFFRACTION
7EH2	3.34	X-RAY DIFFRACTION
7EI5	2.9	X-RAY DIFFRACTION
7EI6	2.9	X-RAY DIFFRACTION
7EI7	3.2	X-RAY DIFFRACTION
7EI8	3.1	X-RAY DIFFRACTION
7EI9	2.7	X-RAY DIFFRACTION
7EIA	3.0	X-RAY DIFFRACTION
7EIU	2.349	X-RAY DIFFRACTION
7EIZ	\N	ELECTRON MICROSCOPY
7EJ6	3.21	ELECTRON MICROSCOPY
7EJ7	3.41	ELECTRON MICROSCOPY
7EJC	2.97	ELECTRON MICROSCOPY
7EJE	3.98	ELECTRON MICROSCOPY
7EL1	2.22	X-RAY DIFFRACTION
7EL3	1.7	X-RAY DIFFRACTION
7EL7	\N	SOLUTION NMR
7EL9	3.2	ELECTRON MICROSCOPY
7ELA	3.4	ELECTRON MICROSCOPY
7ELC	3.1	ELECTRON MICROSCOPY
7ELD	4.6	ELECTRON MICROSCOPY
7ELE	4.9	ELECTRON MICROSCOPY
7ELH	3.3	ELECTRON MICROSCOPY
7ELM	2.88	ELECTRON MICROSCOPY
7ELN	3.0	ELECTRON MICROSCOPY
7ELP	2.79	X-RAY DIFFRACTION
7ELQ	2.6	X-RAY DIFFRACTION
7ELR	2.66	X-RAY DIFFRACTION
7ELS	3.0	X-RAY DIFFRACTION
7ENA	4.07	ELECTRON MICROSCOPY
7ENC	4.13	ELECTRON MICROSCOPY
7ENI	2.632	X-RAY DIFFRACTION
7ENN	2.8	ELECTRON MICROSCOPY
7ENR	4.205	X-RAY DIFFRACTION
7EOF	2.733	X-RAY DIFFRACTION
7EOG	1.5	X-RAY DIFFRACTION
7EOH	1.637	X-RAY DIFFRACTION
7EOI	1.92	X-RAY DIFFRACTION
7EOJ	1.77	X-RAY DIFFRACTION
7EOK	2.7	X-RAY DIFFRACTION
7EOL	2.309	X-RAY DIFFRACTION
7EOM	2.703	X-RAY DIFFRACTION
7EON	2.3	X-RAY DIFFRACTION
7EOO	2.23	X-RAY DIFFRACTION
7EOP	1.8	X-RAY DIFFRACTION
7EQG	3.2	ELECTRON MICROSCOPY
7EQJ	2.043	X-RAY DIFFRACTION
7ET4	2.7	X-RAY DIFFRACTION
7ET6	2.7	X-RAY DIFFRACTION
7EU0	3.16	ELECTRON MICROSCOPY
7EU9	2.35	X-RAY DIFFRACTION
7EUC	\N	SOLUTION NMR
7EVO	2.5	ELECTRON MICROSCOPY
7EWQ	3.5	ELECTRON MICROSCOPY
7EXA	2.9	ELECTRON MICROSCOPY
7EXY	\N	SOLUTION NMR
7EYI	2.401	X-RAY DIFFRACTION
7EZ0	3.14	ELECTRON MICROSCOPY
7EZ2	3.05	ELECTRON MICROSCOPY
7EZJ	2.9	X-RAY DIFFRACTION
7F0D	3.3	ELECTRON MICROSCOPY
7F0R	5.8	ELECTRON MICROSCOPY
7F1M	3.1	ELECTRON MICROSCOPY
7F2F	2.55	X-RAY DIFFRACTION
7F36	3.098	X-RAY DIFFRACTION
7F3I	2.25	X-RAY DIFFRACTION
7F3J	1.95	X-RAY DIFFRACTION
7F3K	1.76	X-RAY DIFFRACTION
7F3L	1.88	X-RAY DIFFRACTION
7F49	2.09	X-RAY DIFFRACTION
7F4Y	2.2	X-RAY DIFFRACTION
7F5S	2.72	ELECTRON MICROSCOPY
7F75	4.2	ELECTRON MICROSCOPY
7F8Z	3.0	X-RAY DIFFRACTION
7F9H	1.78	X-RAY DIFFRACTION
7FEF	2.39	X-RAY DIFFRACTION
7FGI	2.51	ELECTRON MICROSCOPY
7FGT	\N	SOLUTION NMR
7FHI	\N	SOLUTION NMR
7FHJ	2.28	X-RAY DIFFRACTION
7FJ0	\N	SOLUTION NMR
7FJ2	3.098	X-RAY DIFFRACTION
7FJI	3.6	ELECTRON MICROSCOPY
7FJJ	3.6	ELECTRON MICROSCOPY
7FTN	2.001	X-RAY DIFFRACTION
7FVS	2.16	X-RAY DIFFRACTION
7FVT	2.081	X-RAY DIFFRACTION
7GAT	\N	SOLUTION NMR
7ICE	2.8	X-RAY DIFFRACTION
7ICF	3.1	X-RAY DIFFRACTION
7ICG	3.0	X-RAY DIFFRACTION
7ICH	2.9	X-RAY DIFFRACTION
7ICI	2.8	X-RAY DIFFRACTION
7ICJ	3.5	X-RAY DIFFRACTION
7ICK	2.9	X-RAY DIFFRACTION
7ICL	3.1	X-RAY DIFFRACTION
7ICM	3.0	X-RAY DIFFRACTION
7ICN	2.8	X-RAY DIFFRACTION
7ICO	3.3	X-RAY DIFFRACTION
7ICP	3.0	X-RAY DIFFRACTION
7ICQ	2.9	X-RAY DIFFRACTION
7ICR	3.0	X-RAY DIFFRACTION
7ICS	2.8	X-RAY DIFFRACTION
7ICT	2.8	X-RAY DIFFRACTION
7ICU	3.3	X-RAY DIFFRACTION
7ICV	2.8	X-RAY DIFFRACTION
7JFT	3.158	X-RAY DIFFRACTION
7JFU	3.164	X-RAY DIFFRACTION
7JFV	3.1	X-RAY DIFFRACTION
7JFW	3.012	X-RAY DIFFRACTION
7JFX	3.21	X-RAY DIFFRACTION
7JGR	3.9	ELECTRON MICROSCOPY
7JGS	3.2	ELECTRON MICROSCOPY
7JH8	3.087	X-RAY DIFFRACTION
7JH9	3.094	X-RAY DIFFRACTION
7JHA	3.107	X-RAY DIFFRACTION
7JHB	3.114	X-RAY DIFFRACTION
7JHC	3.11	X-RAY DIFFRACTION
7JHR	3.158	X-RAY DIFFRACTION
7JHS	3.096	X-RAY DIFFRACTION
7JHT	3.19	X-RAY DIFFRACTION
7JHU	3.152	X-RAY DIFFRACTION
7JHV	3.058	X-RAY DIFFRACTION
7JHY	3.9	ELECTRON MICROSCOPY
7JI5	2.702	X-RAY DIFFRACTION
7JI6	3.005	X-RAY DIFFRACTION
7JI7	3.105	X-RAY DIFFRACTION
7JI8	2.95	X-RAY DIFFRACTION
7JI9	3.103	X-RAY DIFFRACTION
7JIL	2.8	ELECTRON MICROSCOPY
7JIM	3.015	X-RAY DIFFRACTION
7JIN	2.909	X-RAY DIFFRACTION
7JIO	3.02	X-RAY DIFFRACTION
7JIP	3.163	X-RAY DIFFRACTION
7JIQ	3.06	X-RAY DIFFRACTION
7JJ2	3.007	X-RAY DIFFRACTION
7JJ3	2.987	X-RAY DIFFRACTION
7JJ4	3.022	X-RAY DIFFRACTION
7JJ5	2.794	X-RAY DIFFRACTION
7JJ6	3.077	X-RAY DIFFRACTION
7JJD	1.21	X-RAY DIFFRACTION
7JJE	1.25	X-RAY DIFFRACTION
7JJF	1.2	X-RAY DIFFRACTION
7JJU	2.604	X-RAY DIFFRACTION
7JJW	3.019	X-RAY DIFFRACTION
7JJX	3.107	X-RAY DIFFRACTION
7JJY	2.851	X-RAY DIFFRACTION
7JJZ	3.068	X-RAY DIFFRACTION
7JK0	3.058	X-RAY DIFFRACTION
7JK1	2.62	X-RAY DIFFRACTION
7JK2	3.2	ELECTRON MICROSCOPY
7JK3	3.4	ELECTRON MICROSCOPY
7JK4	3.4	ELECTRON MICROSCOPY
7JK5	3.9	ELECTRON MICROSCOPY
7JKD	3.058	X-RAY DIFFRACTION
7JKE	3.068	X-RAY DIFFRACTION
7JKG	2.851	X-RAY DIFFRACTION
7JKH	3.107	X-RAY DIFFRACTION
7JKI	3.019	X-RAY DIFFRACTION
7JKJ	3.077	X-RAY DIFFRACTION
7JKK	2.794	X-RAY DIFFRACTION
7JKL	2.384	X-RAY DIFFRACTION
7JKP	2.592	X-RAY DIFFRACTION
7JKU	1.97	X-RAY DIFFRACTION
7JL0	4.3	ELECTRON MICROSCOPY
7JL1	3.9	ELECTRON MICROSCOPY
7JL2	4.3	ELECTRON MICROSCOPY
7JL3	4.2	ELECTRON MICROSCOPY
7JL8	2.1	X-RAY DIFFRACTION
7JL9	3.022	X-RAY DIFFRACTION
7JLA	3.0	X-RAY DIFFRACTION
7JLB	3.007	X-RAY DIFFRACTION
7JLC	3.06	X-RAY DIFFRACTION
7JLD	3.163	X-RAY DIFFRACTION
7JLE	3.017	X-RAY DIFFRACTION
7JLF	2.909	X-RAY DIFFRACTION
7JLG	2.07	X-RAY DIFFRACTION
7JLH	1.57	X-RAY DIFFRACTION
7JM4	2.95	X-RAY DIFFRACTION
7JN3	3.21	ELECTRON MICROSCOPY
7JNH	2.89	X-RAY DIFFRACTION
7JNJ	3.015	X-RAY DIFFRACTION
7JNK	3.105	X-RAY DIFFRACTION
7JNL	3.005	X-RAY DIFFRACTION
7JNM	2.702	X-RAY DIFFRACTION
7JNP	2.6	X-RAY DIFFRACTION
7JO9	3.3	ELECTRON MICROSCOPY
7JOA	3.3	ELECTRON MICROSCOPY
7JOG	3.101	X-RAY DIFFRACTION
7JOH	4.195	X-RAY DIFFRACTION
7JOI	3.148	X-RAY DIFFRACTION
7JOJ	3.108	X-RAY DIFFRACTION
7JOK	3.11	X-RAY DIFFRACTION
7JOL	3.114	X-RAY DIFFRACTION
7JON	3.107	X-RAY DIFFRACTION
7JP5	3.094	X-RAY DIFFRACTION
7JP6	3.087	X-RAY DIFFRACTION
7JP7	3.207	X-RAY DIFFRACTION
7JP8	3.103	X-RAY DIFFRACTION
7JP9	3.157	X-RAY DIFFRACTION
7JPA	3.164	X-RAY DIFFRACTION
7JPB	3.158	X-RAY DIFFRACTION
7JPC	3.1	X-RAY DIFFRACTION
7JPS	4.4	ELECTRON MICROSCOPY
7JQB	2.7	ELECTRON MICROSCOPY
7JQC	3.3	ELECTRON MICROSCOPY
7JQL	3.0	X-RAY DIFFRACTION
7JQM	3.05	X-RAY DIFFRACTION
7JQQ	4.1	ELECTRON MICROSCOPY
7JRR	2.16	X-RAY DIFFRACTION
7JRS	3.21	X-RAY DIFFRACTION
7JRT	3.07	X-RAY DIFFRACTION
7JRY	3.158	X-RAY DIFFRACTION
7JRZ	3.096	X-RAY DIFFRACTION
7JS0	3.19	X-RAY DIFFRACTION
7JS1	3.152	X-RAY DIFFRACTION
7JS2	3.058	X-RAY DIFFRACTION
7JSA	2.85	X-RAY DIFFRACTION
7JSB	3.103	X-RAY DIFFRACTION
7JSC	2.95	X-RAY DIFFRACTION
7JSE	4.6	ELECTRON MICROSCOPY
7JSF	6.7	ELECTRON MICROSCOPY
7JSG	5.2	ELECTRON MICROSCOPY
7JSH	4.4	ELECTRON MICROSCOPY
7JSI	5.01	ELECTRON MICROSCOPY
7JSL	4.51	X-RAY DIFFRACTION
7JSS	3.7	ELECTRON MICROSCOPY
7JSW	3.8	ELECTRON MICROSCOPY
7JSZ	3.7	ELECTRON MICROSCOPY
7JT1	3.3	ELECTRON MICROSCOPY
7JT2	3.5	ELECTRON MICROSCOPY
7JT3	3.7	ELECTRON MICROSCOPY
7JTN	3.1	X-RAY DIFFRACTION
7JTQ	3.5	X-RAY DIFFRACTION
7JU1	\N	SOLUTION NMR
7JU3	2.7	X-RAY DIFFRACTION
7JVT	3.16	X-RAY DIFFRACTION
7JY2	\N	X-RAY DIFFRACTION
7JY6	2.5	ELECTRON MICROSCOPY
7JY7	2.9	ELECTRON MICROSCOPY
7JY8	2.4	ELECTRON MICROSCOPY
7JY9	2.7	ELECTRON MICROSCOPY
7JYY	2.05	X-RAY DIFFRACTION
7JZ0	2.15	X-RAY DIFFRACTION
7JZV	3.9	ELECTRON MICROSCOPY
7JZW	3.2	ELECTRON MICROSCOPY
7JZX	3.4	ELECTRON MICROSCOPY
7JZY	3.6	ELECTRON MICROSCOPY
7JZZ	3.2	ELECTRON MICROSCOPY
7K00	1.98	ELECTRON MICROSCOPY
7K04	9.25	ELECTRON MICROSCOPY
7K0Y	3.7	ELECTRON MICROSCOPY
7K16	2.1	X-RAY DIFFRACTION
7K19	4.3	ELECTRON MICROSCOPY
7K1B	4.3	ELECTRON MICROSCOPY
7K1J	3.9	ELECTRON MICROSCOPY
7K1K	4.1	ELECTRON MICROSCOPY
7K1N	3.9	ELECTRON MICROSCOPY
7K30	2.34	X-RAY DIFFRACTION
7K31	2.88	X-RAY DIFFRACTION
7K32	3.11	X-RAY DIFFRACTION
7K33	3.11	X-RAY DIFFRACTION
7K4L	\N	SOLUTION NMR
7K50	3.4	ELECTRON MICROSCOPY
7K51	3.5	ELECTRON MICROSCOPY
7K52	3.4	ELECTRON MICROSCOPY
7K53	3.2	ELECTRON MICROSCOPY
7K54	3.2	ELECTRON MICROSCOPY
7K55	3.3	ELECTRON MICROSCOPY
7K5D	1.78	X-RAY DIFFRACTION
7K5I	2.9	ELECTRON MICROSCOPY
7K5L	1.38	X-RAY DIFFRACTION
7K5O	2.16	X-RAY DIFFRACTION
7K5P	1.97	X-RAY DIFFRACTION
7K5Q	2.0	X-RAY DIFFRACTION
7K5R	2.3	X-RAY DIFFRACTION
7K5S	1.67	X-RAY DIFFRACTION
7K5T	2.3	X-RAY DIFFRACTION
7K5U	2.0	X-RAY DIFFRACTION
7K5X	2.93	ELECTRON MICROSCOPY
7K5Y	2.76	ELECTRON MICROSCOPY
7K60	3.12	ELECTRON MICROSCOPY
7K61	2.85	ELECTRON MICROSCOPY
7K63	3.03	ELECTRON MICROSCOPY
7K6P	3.2	ELECTRON MICROSCOPY
7K6Q	3.1	ELECTRON MICROSCOPY
7K78	3.1	ELECTRON MICROSCOPY
7K7G	4.2	ELECTRON MICROSCOPY
7K96	2.1	X-RAY DIFFRACTION
7K97	2.4	X-RAY DIFFRACTION
7K98	2.19	X-RAY DIFFRACTION
7K9D	2.098	X-RAY DIFFRACTION
7K9E	2.1	X-RAY DIFFRACTION
7K9M	2.5	X-RAY DIFFRACTION
7K9Y	3.2	X-RAY DIFFRACTION
7KA0	2.4	X-RAY DIFFRACTION
7KAB	2.5	X-RAY DIFFRACTION
7KBD	3.38	ELECTRON MICROSCOPY
7KBE	3.5	ELECTRON MICROSCOPY
7KBF	4.42	ELECTRON MICROSCOPY
7KBV	\N	SOLUTION NMR
7KBW	\N	SOLUTION NMR
7KBX	\N	SOLUTION NMR
7KC0	3.2	ELECTRON MICROSCOPY
7KCI	1.95	X-RAY DIFFRACTION
7KD1	1.9	X-RAY DIFFRACTION
7KED	3.6	X-RAY DIFFRACTION
7KEE	3.45	X-RAY DIFFRACTION
7KEF	3.89	X-RAY DIFFRACTION
7KFN	2.5	X-RAY DIFFRACTION
7KGA	2.1	X-RAY DIFFRACTION
7KGB	2.7	ELECTRON MICROSCOPY
7KHA	3.13	ELECTRON MICROSCOPY
7KHB	3.53	ELECTRON MICROSCOPY
7KHC	4.14	ELECTRON MICROSCOPY
7KHE	3.58	ELECTRON MICROSCOPY
7KHI	3.62	ELECTRON MICROSCOPY
7KI3	3.0	X-RAY DIFFRACTION
7KIF	2.94	ELECTRON MICROSCOPY
7KII	1.3	X-RAY DIFFRACTION
7KIJ	1.69	X-RAY DIFFRACTION
7KIK	1.73	X-RAY DIFFRACTION
7KIM	3.38	ELECTRON MICROSCOPY
7KIN	2.74	ELECTRON MICROSCOPY
7KJT	3.34	X-RAY DIFFRACTION
7KJU	3.102	X-RAY DIFFRACTION
7KJV	2.8	ELECTRON MICROSCOPY
7KJW	2.9	ELECTRON MICROSCOPY
7KJX	3.1	ELECTRON MICROSCOPY
7KKV	2.0	X-RAY DIFFRACTION
7KL3	1.99	X-RAY DIFFRACTION
7KLE	3.003	X-RAY DIFFRACTION
7KLF	2.301	X-RAY DIFFRACTION
7KLP	1.35	X-RAY DIFFRACTION
7KQM	2.73	X-RAY DIFFRACTION
7KQN	2.02	X-RAY DIFFRACTION
7KR3	2.778	X-RAY DIFFRACTION
7KR4	2.2	X-RAY DIFFRACTION
7KRN	3.4	ELECTRON MICROSCOPY
7KRO	3.6	ELECTRON MICROSCOPY
7KRP	3.2	ELECTRON MICROSCOPY
7KSP	2.8	X-RAY DIFFRACTION
7KSS	1.503	X-RAY DIFFRACTION
7KST	1.599	X-RAY DIFFRACTION
7KSU	1.65	X-RAY DIFFRACTION
7KSV	1.64	X-RAY DIFFRACTION
7KSW	1.49	X-RAY DIFFRACTION
7KSX	1.57	X-RAY DIFFRACTION
7KSY	1.577	X-RAY DIFFRACTION
7KSZ	1.417	X-RAY DIFFRACTION
7KT0	1.36	X-RAY DIFFRACTION
7KT1	1.665	X-RAY DIFFRACTION
7KT2	1.499	X-RAY DIFFRACTION
7KT3	1.879	X-RAY DIFFRACTION
7KT4	1.922	X-RAY DIFFRACTION
7KT5	1.46	X-RAY DIFFRACTION
7KT6	1.87	X-RAY DIFFRACTION
7KT7	1.76	X-RAY DIFFRACTION
7KT8	1.701	X-RAY DIFFRACTION
7KT9	1.482	X-RAY DIFFRACTION
7KTA	1.844	X-RAY DIFFRACTION
7KTB	1.576	X-RAY DIFFRACTION
7KTC	1.653	X-RAY DIFFRACTION
7KTD	1.551	X-RAY DIFFRACTION
7KTE	1.479	X-RAY DIFFRACTION
7KTF	1.489	X-RAY DIFFRACTION
7KTG	1.445	X-RAY DIFFRACTION
7KTH	1.476	X-RAY DIFFRACTION
7KTI	1.57	X-RAY DIFFRACTION
7KTJ	1.452	X-RAY DIFFRACTION
7KTK	1.419	X-RAY DIFFRACTION
7KTL	1.421	X-RAY DIFFRACTION
7KTM	1.528	X-RAY DIFFRACTION
7KTN	1.33	X-RAY DIFFRACTION
7KTQ	3.3	ELECTRON MICROSCOPY
7KU4	1.6	X-RAY DIFFRACTION
7KU7	3.4	ELECTRON MICROSCOPY
7KUB	\N	SOLUTION NMR
7KUC	\N	SOLUTION NMR
7KUD	\N	SOLUTION NMR
7KUF	2.6	X-RAY DIFFRACTION
7KUI	3.4	ELECTRON MICROSCOPY
7KUK	1.67	X-RAY DIFFRACTION
7KUL	1.64	X-RAY DIFFRACTION
7KUM	1.714	X-RAY DIFFRACTION
7KUN	1.58	X-RAY DIFFRACTION
7KUO	2.281	X-RAY DIFFRACTION
7KUP	1.44	X-RAY DIFFRACTION
7KVT	2.73	X-RAY DIFFRACTION
7KVU	2.68	X-RAY DIFFRACTION
7KVV	2.85	X-RAY DIFFRACTION
7KW4	1.03	X-RAY DIFFRACTION
7KWG	3.75	ELECTRON MICROSCOPY
7KWK	1.37	X-RAY DIFFRACTION
7KWL	\N	SOLUTION NMR
7KWR	\N	SOLUTION NMR
7KX7	3.8	ELECTRON MICROSCOPY
7KX9	3.5	ELECTRON MICROSCOPY
7KZ0	1.57	X-RAY DIFFRACTION
7KZ1	1.62	X-RAY DIFFRACTION
7KZG	1.68	X-RAY DIFFRACTION
7KZL	1.3	X-RAY DIFFRACTION
7KZS	4.2	ELECTRON MICROSCOPY
7KZT	4.2	ELECTRON MICROSCOPY
7KZV	4.2	ELECTRON MICROSCOPY
7L08	3.49	ELECTRON MICROSCOPY
7L0Z	2.1	X-RAY DIFFRACTION
7L1F	3.89	ELECTRON MICROSCOPY
7L20	3.15	ELECTRON MICROSCOPY
7L34	1.901	X-RAY DIFFRACTION
7L35	2.0	X-RAY DIFFRACTION
7L3R	1.01	X-RAY DIFFRACTION
7L48	3.9	ELECTRON MICROSCOPY
7L49	3.1	ELECTRON MICROSCOPY
7L4C	2.11	X-RAY DIFFRACTION
7L4F	2.55	X-RAY DIFFRACTION
7L4H	2.56	X-RAY DIFFRACTION
7L4K	2.61	X-RAY DIFFRACTION
7L4M	2.805	X-RAY DIFFRACTION
7L4N	2.247	X-RAY DIFFRACTION
7L4V	1.75	X-RAY DIFFRACTION
7L4X	1.79	X-RAY DIFFRACTION
7L4Y	1.79	X-RAY DIFFRACTION
7L69	1.91	X-RAY DIFFRACTION
7L6R	1.98	X-RAY DIFFRACTION
7L6T	1.78	X-RAY DIFFRACTION
7LAR	3.8	ELECTRON MICROSCOPY
7LAS	4.4	ELECTRON MICROSCOPY
7LBM	4.8	ELECTRON MICROSCOPY
7LBW	2.84	X-RAY DIFFRACTION
7LBX	2.7	X-RAY DIFFRACTION
7LCC	3.66	ELECTRON MICROSCOPY
7LCD	1.98	X-RAY DIFFRACTION
7LD5	3.07	ELECTRON MICROSCOPY
7LFQ	2.7	X-RAY DIFFRACTION
7LH5	3.27	X-RAY DIFFRACTION
7LH9	2.6	X-RAY DIFFRACTION
7LHD	4.6	ELECTRON MICROSCOPY
7LHZ	3.3	X-RAY DIFFRACTION
7LIU	3.001	X-RAY DIFFRACTION
7LJ3	2.9	ELECTRON MICROSCOPY
7LJY	5.6	ELECTRON MICROSCOPY
7LL0	2.0	X-RAY DIFFRACTION
7LMA	3.3	ELECTRON MICROSCOPY
7LMB	3.8	ELECTRON MICROSCOPY
7LNE	1.53	X-RAY DIFFRACTION
7LNF	1.652	X-RAY DIFFRACTION
7LNG	2.2	X-RAY DIFFRACTION
7LNI	2.68	X-RAY DIFFRACTION
7LNJ	2.68	X-RAY DIFFRACTION
7LO5	2.86	ELECTRON MICROSCOPY
7LO9	1.78	X-RAY DIFFRACTION
7LPG	2.08	X-RAY DIFFRACTION
7LPH	1.99	X-RAY DIFFRACTION
7LPI	2.05	X-RAY DIFFRACTION
7LPJ	2.56	X-RAY DIFFRACTION
7LRI	3.05	X-RAY DIFFRACTION
7LRM	3.14	X-RAY DIFFRACTION
7LRX	2.9	X-RAY DIFFRACTION
7LRY	2.45	X-RAY DIFFRACTION
7LS1	3.3	ELECTRON MICROSCOPY
7LS2	3.1	ELECTRON MICROSCOPY
7LSK	2.7	X-RAY DIFFRACTION
7LSY	8.4	ELECTRON MICROSCOPY
7LT3	4.6	ELECTRON MICROSCOPY
7LT5	2.54	X-RAY DIFFRACTION
7LUF	3.5	X-RAY DIFFRACTION
7LV0	3.2	ELECTRON MICROSCOPY
7LV8	3.4	ELECTRON MICROSCOPY
7LV9	4.5	ELECTRON MICROSCOPY
7LVA	\N	SOLUTION NMR
7LVK	2.2	ELECTRON MICROSCOPY
7LVV	3.25	ELECTRON MICROSCOPY
7LW8	2.88	X-RAY DIFFRACTION
7LW9	2.71	X-RAY DIFFRACTION
7LWA	2.85	X-RAY DIFFRACTION
7LXH	1.667	X-RAY DIFFRACTION
7LXJ	1.93	X-RAY DIFFRACTION
7LYA	2.91	ELECTRON MICROSCOPY
7LYB	3.28	ELECTRON MICROSCOPY
7LYC	2.94	ELECTRON MICROSCOPY
7LYF	3.4	X-RAY DIFFRACTION
7LYG	3.804	X-RAY DIFFRACTION
7LYJ	2.11	X-RAY DIFFRACTION
7LYS	3.05	ELECTRON MICROSCOPY
7LYT	2.9	ELECTRON MICROSCOPY
7M07	1.57	X-RAY DIFFRACTION
7M08	1.7	X-RAY DIFFRACTION
7M09	1.65	X-RAY DIFFRACTION
7M0A	1.83	X-RAY DIFFRACTION
7M0B	2.0	X-RAY DIFFRACTION
7M0C	2.65	X-RAY DIFFRACTION
7M0D	1.8	X-RAY DIFFRACTION
7M0E	2.25	X-RAY DIFFRACTION
7M1X	3.7	ELECTRON MICROSCOPY
7M2T	2.71	X-RAY DIFFRACTION
7M2U	8.2	ELECTRON MICROSCOPY
7M2V	1.8	X-RAY DIFFRACTION
7M3T	3.2	X-RAY DIFFRACTION
7M3V	2.19	X-RAY DIFFRACTION
7M43	1.978	X-RAY DIFFRACTION
7M44	1.901	X-RAY DIFFRACTION
7M45	1.889	X-RAY DIFFRACTION
7M46	1.92	X-RAY DIFFRACTION
7M47	1.648	X-RAY DIFFRACTION
7M48	1.93	X-RAY DIFFRACTION
7M49	1.6	X-RAY DIFFRACTION
7M4A	1.868	X-RAY DIFFRACTION
7M4B	1.66	X-RAY DIFFRACTION
7M4C	1.95	X-RAY DIFFRACTION
7M4D	1.817	X-RAY DIFFRACTION
7M4E	1.903	X-RAY DIFFRACTION
7M4F	1.947	X-RAY DIFFRACTION
7M4G	1.88	X-RAY DIFFRACTION
7M4H	1.923	X-RAY DIFFRACTION
7M4I	2.005	X-RAY DIFFRACTION
7M4J	2.377	X-RAY DIFFRACTION
7M4K	1.719	X-RAY DIFFRACTION
7M4L	1.701	X-RAY DIFFRACTION
7M4U	2.71	ELECTRON MICROSCOPY
7M4V	2.54	ELECTRON MICROSCOPY
7M4W	2.55	ELECTRON MICROSCOPY
7M4X	2.66	ELECTRON MICROSCOPY
7M4Y	2.5	ELECTRON MICROSCOPY
7M4Z	2.92	ELECTRON MICROSCOPY
7M50	2.31	X-RAY DIFFRACTION
7M57	4.0	X-RAY DIFFRACTION
7M5D	2.8	ELECTRON MICROSCOPY
7M5O	3.54	ELECTRON MICROSCOPY
7M5W	2.95	X-RAY DIFFRACTION
7M7L	1.58	X-RAY DIFFRACTION
7M7M	1.46	X-RAY DIFFRACTION
7M7N	1.31	X-RAY DIFFRACTION
7M7O	1.8	X-RAY DIFFRACTION
7M7P	1.8	X-RAY DIFFRACTION
7M7Q	2.27	X-RAY DIFFRACTION
7M7R	1.81	X-RAY DIFFRACTION
7M7S	1.85	X-RAY DIFFRACTION
7M7T	1.46	X-RAY DIFFRACTION
7M7U	1.94	X-RAY DIFFRACTION
7M7Y	1.8	X-RAY DIFFRACTION
7M7Z	1.82	X-RAY DIFFRACTION
7M80	1.98	X-RAY DIFFRACTION
7M81	2.05	X-RAY DIFFRACTION
7M82	2.07	X-RAY DIFFRACTION
7M83	1.55	X-RAY DIFFRACTION
7M84	1.47	X-RAY DIFFRACTION
7M85	1.75	X-RAY DIFFRACTION
7M86	1.55	X-RAY DIFFRACTION
7M87	1.85	X-RAY DIFFRACTION
7M88	1.66	X-RAY DIFFRACTION
7M89	1.83	X-RAY DIFFRACTION
7M8A	1.91	X-RAY DIFFRACTION
7M8B	1.85	X-RAY DIFFRACTION
7M8C	1.85	X-RAY DIFFRACTION
7M8D	1.92	X-RAY DIFFRACTION
7M8E	3.4	ELECTRON MICROSCOPY
7M99	3.2	ELECTRON MICROSCOPY
7M9A	3.9	ELECTRON MICROSCOPY
7M9B	3.8	ELECTRON MICROSCOPY
7M9C	4.2	ELECTRON MICROSCOPY
7MBM	\N	ELECTRON MICROSCOPY
7MBN	\N	ELECTRON MICROSCOPY
7MCA	3.6	ELECTRON MICROSCOPY
7MCS	3.56	ELECTRON MICROSCOPY
7MD7	2.8	X-RAY DIFFRACTION
7MDL	2.32	X-RAY DIFFRACTION
7MDZ	3.2	ELECTRON MICROSCOPY
7MEI	3.54	ELECTRON MICROSCOPY
7MG5	2.1	X-RAY DIFFRACTION
7MG6	1.7	X-RAY DIFFRACTION
7MG7	1.75	X-RAY DIFFRACTION
7MG8	3.0	X-RAY DIFFRACTION
7MG9	2.55	X-RAY DIFFRACTION
7MGA	2.0	X-RAY DIFFRACTION
7MHT	2.87	X-RAY DIFFRACTION
7MI4	3.2	ELECTRON MICROSCOPY
7MI5	3.57	ELECTRON MICROSCOPY
7MI9	3.89	ELECTRON MICROSCOPY
7MIB	5.8	ELECTRON MICROSCOPY
7MID	3.56	ELECTRON MICROSCOPY
7MJV	2.24	X-RAY DIFFRACTION
7MJW	1.4	X-RAY DIFFRACTION
7MJX	1.5	X-RAY DIFFRACTION
7MJY	1.86	X-RAY DIFFRACTION
7MK1	1.9	X-RAY DIFFRACTION
7MK9	3.54	ELECTRON MICROSCOPY
7MKA	3.54	ELECTRON MICROSCOPY
7MKD	3.2	ELECTRON MICROSCOPY
7MKE	3.7	ELECTRON MICROSCOPY
7MKI	3.5	ELECTRON MICROSCOPY
7MKJ	2.9	ELECTRON MICROSCOPY
7MKN	3.3	ELECTRON MICROSCOPY
7MKO	3.15	ELECTRON MICROSCOPY
7MKT	1.97	X-RAY DIFFRACTION
7MKY	1.31	X-RAY DIFFRACTION
7ML0	3.0	ELECTRON MICROSCOPY
7ML1	4.0	ELECTRON MICROSCOPY
7ML2	3.4	ELECTRON MICROSCOPY
7ML3	7.6	ELECTRON MICROSCOPY
7ML4	3.1	ELECTRON MICROSCOPY
7MLB	3.6	X-RAY DIFFRACTION
7MLI	3.6	X-RAY DIFFRACTION
7MLJ	3.75	X-RAY DIFFRACTION
7MLW	2.7	X-RAY DIFFRACTION
7MLX	2.09	X-RAY DIFFRACTION
7MOO	1.35	X-RAY DIFFRACTION
7MPI	3.05	ELECTRON MICROSCOPY
7MPJ	2.7	ELECTRON MICROSCOPY
7MPL	1.8	X-RAY DIFFRACTION
7MPM	1.95	X-RAY DIFFRACTION
7MPN	1.94	X-RAY DIFFRACTION
7MPQ	2.35	X-RAY DIFFRACTION
7MPU	1.72	X-RAY DIFFRACTION
7MQ8	3.6	ELECTRON MICROSCOPY
7MQ9	3.87	ELECTRON MICROSCOPY
7MQA	2.7	ELECTRON MICROSCOPY
7MQB	3.25	ELECTRON MICROSCOPY
7MQC	3.64	ELECTRON MICROSCOPY
7MQD	3.25	ELECTRON MICROSCOPY
7MQE	3.69	ELECTRON MICROSCOPY
7MQF	2.88	ELECTRON MICROSCOPY
7MQG	3.25	ELECTRON MICROSCOPY
7MQH	3.1	ELECTRON MICROSCOPY
7MQI	3.21	ELECTRON MICROSCOPY
7MR3	3.6	ELECTRON MICROSCOPY
7MR4	4.5	ELECTRON MICROSCOPY
7MRL	3.15	X-RAY DIFFRACTION
7MSC	2.97	ELECTRON MICROSCOPY
7MSF	2.8	X-RAY DIFFRACTION
7MSH	3.23	ELECTRON MICROSCOPY
7MSM	2.79	ELECTRON MICROSCOPY
7MSV	\N	SOLUTION NMR
7MSZ	3.1	ELECTRON MICROSCOPY
7MT2	2.76	ELECTRON MICROSCOPY
7MT3	2.8	ELECTRON MICROSCOPY
7MT7	2.71	ELECTRON MICROSCOPY
7MTL	2.446	X-RAY DIFFRACTION
7MVS	2.60137142659	X-RAY DIFFRACTION
7MW8	1.9	X-RAY DIFFRACTION
7MWH	2.28	X-RAY DIFFRACTION
7MWK	2.453	X-RAY DIFFRACTION
7MWL	1.84	X-RAY DIFFRACTION
7MWM	1.601	X-RAY DIFFRACTION
7MXQ	3.23	X-RAY DIFFRACTION
7MXR	3.101	X-RAY DIFFRACTION
7MXS	2.798	X-RAY DIFFRACTION
7MXT	3.048	X-RAY DIFFRACTION
7MXU	3.042	X-RAY DIFFRACTION
7MXV	2.211	X-RAY DIFFRACTION
7MXW	2.836	X-RAY DIFFRACTION
7MXX	2.85	X-RAY DIFFRACTION
7MZ0	2.021	X-RAY DIFFRACTION
7MZ1	2.175	X-RAY DIFFRACTION
7MZ2	2.088	X-RAY DIFFRACTION
7MZ3	2.418	X-RAY DIFFRACTION
7MZ4	2.076	X-RAY DIFFRACTION
7MZ8	2.6	X-RAY DIFFRACTION
7N06	2.2	ELECTRON MICROSCOPY
7N0B	3.9	ELECTRON MICROSCOPY
7N0C	3.4	ELECTRON MICROSCOPY
7N0D	2.5	ELECTRON MICROSCOPY
7N1P	2.33	ELECTRON MICROSCOPY
7N2C	2.72	ELECTRON MICROSCOPY
7N2M	2.9	X-RAY DIFFRACTION
7N2U	2.53	ELECTRON MICROSCOPY
7N2V	2.54	ELECTRON MICROSCOPY
7N30	2.66	ELECTRON MICROSCOPY
7N31	2.69	ELECTRON MICROSCOPY
7N33	2.5	ELECTRON MICROSCOPY
7N3O	3.8	ELECTRON MICROSCOPY
7N3P	3.65	ELECTRON MICROSCOPY
7N3Y	2.73	X-RAY DIFFRACTION
7N4E	3.8	ELECTRON MICROSCOPY
7N5S	2.86	X-RAY DIFFRACTION
7N5T	2.9	X-RAY DIFFRACTION
7N5U	2.86	X-RAY DIFFRACTION
7N5V	3.08	X-RAY DIFFRACTION
7N5W	2.24	X-RAY DIFFRACTION
7N6I	3.9	ELECTRON MICROSCOPY
7N7D	\N	SOLUTION NMR
7N7E	\N	SOLUTION NMR
7N8B	3.05	ELECTRON MICROSCOPY
7N8N	3.89	ELECTRON MICROSCOPY
7N8S	2.79	X-RAY DIFFRACTION
7N94	2.85	X-RAY DIFFRACTION
7NAC	3.04	ELECTRON MICROSCOPY
7NAD	3.04	ELECTRON MICROSCOPY
7NAF	3.13	ELECTRON MICROSCOPY
7NAR	3.0	ELECTRON MICROSCOPY
7NAS	3.31	ELECTRON MICROSCOPY
7NAT	3.59	ELECTRON MICROSCOPY
7NAU	3.78	ELECTRON MICROSCOPY
7NAV	4.8	ELECTRON MICROSCOPY
7NAX	2.96	ELECTRON MICROSCOPY
7NBK	\N	SOLUTION NMR
7NBL	\N	SOLUTION NMR
7NBN	7.0	ELECTRON MICROSCOPY
7NBP	\N	SOLUTION NMR
7NBU	3.11	ELECTRON MICROSCOPY
7NDJ	1.649	X-RAY DIFFRACTION
7NE3	2.26	X-RAY DIFFRACTION
7NE6	2.3	X-RAY DIFFRACTION
7NEJ	\N	SOLUTION NMR
7NFC	4.14	ELECTRON MICROSCOPY
7NFE	4.29	ELECTRON MICROSCOPY
7NFX	3.2	ELECTRON MICROSCOPY
7NGA	3.9	ELECTRON MICROSCOPY
7NHA	2.91	ELECTRON MICROSCOPY
7NHC	2.87	ELECTRON MICROSCOPY
7NHK	2.9	ELECTRON MICROSCOPY
7NHL	3.1	ELECTRON MICROSCOPY
7NHM	3.1	ELECTRON MICROSCOPY
7NHN	2.9	ELECTRON MICROSCOPY
7NHX	3.23	ELECTRON MICROSCOPY
7NI0	3.32	ELECTRON MICROSCOPY
7NIC	4.3	ELECTRON MICROSCOPY
7NIK	6.2	ELECTRON MICROSCOPY
7NIL	5.01	ELECTRON MICROSCOPY
7NIQ	4.3	ELECTRON MICROSCOPY
7NIR	6.7	ELECTRON MICROSCOPY
7NIS	5.96	ELECTRON MICROSCOPY
7NJ3	4.48	ELECTRON MICROSCOPY
7NJ4	5.84	ELECTRON MICROSCOPY
7NJ5	4.63	ELECTRON MICROSCOPY
7NJ7	4.82	ELECTRON MICROSCOPY
7NJC	1.38	X-RAY DIFFRACTION
7NK1	4.22	ELECTRON MICROSCOPY
7NK2	4.84	ELECTRON MICROSCOPY
7NK4	5.32	ELECTRON MICROSCOPY
7NK6	6.72	ELECTRON MICROSCOPY
7NK8	5.34	ELECTRON MICROSCOPY
7NKA	4.07	ELECTRON MICROSCOPY
7NKC	4.46	ELECTRON MICROSCOPY
7NKI	4.67	ELECTRON MICROSCOPY
7NKR	5.6	ELECTRON MICROSCOPY
7NKX	2.9	ELECTRON MICROSCOPY
7NKY	3.2	ELECTRON MICROSCOPY
7NL0	3.5	ELECTRON MICROSCOPY
7NPF	4.5	ELECTRON MICROSCOPY
7NPN	10.38	ELECTRON MICROSCOPY
7NQ4	2.88	X-RAY DIFFRACTION
7NQF	2.02	X-RAY DIFFRACTION
7NQH	3.5	ELECTRON MICROSCOPY
7NQL	3.4	ELECTRON MICROSCOPY
7NRC	3.9	ELECTRON MICROSCOPY
7NRD	4.36	ELECTRON MICROSCOPY
7NRP	2.67	X-RAY DIFFRACTION
7NSH	3.2	ELECTRON MICROSCOPY
7NSI	4.6	ELECTRON MICROSCOPY
7NSJ	3.9	ELECTRON MICROSCOPY
7NSO	2.9	ELECTRON MICROSCOPY
7NSP	3.5	ELECTRON MICROSCOPY
7NSQ	3.1	ELECTRON MICROSCOPY
7NT5	3.5	ELECTRON MICROSCOPY
7NT6	4.3	ELECTRON MICROSCOPY
7NTU	3.1	X-RAY DIFFRACTION
7NUN	3.6	ELECTRON MICROSCOPY
7NUQ	2.8	ELECTRON MICROSCOPY
7NV0	3.4	ELECTRON MICROSCOPY
7NV1	6.4	ELECTRON MICROSCOPY
7NVR	4.5	ELECTRON MICROSCOPY
7NVS	2.8	ELECTRON MICROSCOPY
7NVT	2.9	ELECTRON MICROSCOPY
7NVU	2.5	ELECTRON MICROSCOPY
7NVV	2.9	ELECTRON MICROSCOPY
7NVW	4.3	ELECTRON MICROSCOPY
7NVX	3.9	ELECTRON MICROSCOPY
7NVY	7.3	ELECTRON MICROSCOPY
7NVZ	7.2	ELECTRON MICROSCOPY
7NW0	6.6	ELECTRON MICROSCOPY
7NWD	\N	SOLUTION NMR
7NWG	3.8	ELECTRON MICROSCOPY
7NWH	4.1	ELECTRON MICROSCOPY
7NWI	3.13	ELECTRON MICROSCOPY
7NWT	2.66	ELECTRON MICROSCOPY
7NWW	3.05	ELECTRON MICROSCOPY
7NX5	2.5	X-RAY DIFFRACTION
7NYW	3.1	ELECTRON MICROSCOPY
7NYX	4.6	ELECTRON MICROSCOPY
7NYZ	6.5	ELECTRON MICROSCOPY
7NZ0	6.3	ELECTRON MICROSCOPY
7NZ2	11.0	ELECTRON MICROSCOPY
7NZ3	11.0	ELECTRON MICROSCOPY
7O0G	3.1	X-RAY DIFFRACTION
7O0H	3.09	X-RAY DIFFRACTION
7O19	2.9	ELECTRON MICROSCOPY
7O1A	2.4	ELECTRON MICROSCOPY
7O1C	2.6	ELECTRON MICROSCOPY
7O1H	\N	SOLUTION NMR
7O24	4.8	ELECTRON MICROSCOPY
7O4I	3.2	ELECTRON MICROSCOPY
7O4J	2.9	ELECTRON MICROSCOPY
7O4K	3.6	ELECTRON MICROSCOPY
7O4L	3.4	ELECTRON MICROSCOPY
7O56	2.6	X-RAY DIFFRACTION
7O5B	3.33	ELECTRON MICROSCOPY
7O5E	\N	SOLUTION NMR
7O5H	3.1	ELECTRON MICROSCOPY
7O72	3.4	ELECTRON MICROSCOPY
7O73	3.4	ELECTRON MICROSCOPY
7O75	3.2	ELECTRON MICROSCOPY
7O7Y	2.2	ELECTRON MICROSCOPY
7O7Z	2.4	ELECTRON MICROSCOPY
7O80	2.9	ELECTRON MICROSCOPY
7O81	3.1	ELECTRON MICROSCOPY
7O9K	3.1	ELECTRON MICROSCOPY
7O9M	2.5	ELECTRON MICROSCOPY
7OA3	2.8	X-RAY DIFFRACTION
7OA5	2.378	X-RAY DIFFRACTION
7OAR	2.58	X-RAY DIFFRACTION
7OAV	2.99	X-RAY DIFFRACTION
7OAW	2.95	X-RAY DIFFRACTION
7OAX	2.24	X-RAY DIFFRACTION
7OB9	2.7	ELECTRON MICROSCOPY
7OBB	3.3	ELECTRON MICROSCOPY
7OBN	2.45	X-RAY DIFFRACTION
7OBQ	3.9	ELECTRON MICROSCOPY
7OBR	2.8	ELECTRON MICROSCOPY
7ODE	2.84	ELECTRON MICROSCOPY
7ODF	2.66	ELECTRON MICROSCOPY
7ODR	2.9	ELECTRON MICROSCOPY
7ODS	3.1	ELECTRON MICROSCOPY
7ODT	3.1	ELECTRON MICROSCOPY
7OE0	2.69	ELECTRON MICROSCOPY
7OE1	3.05	ELECTRON MICROSCOPY
7OEA	2.7	ELECTRON MICROSCOPY
7OEB	3.04	ELECTRON MICROSCOPY
7OF0	2.2	ELECTRON MICROSCOPY
7OF1	3.1	ELECTRON MICROSCOPY
7OF2	2.7	ELECTRON MICROSCOPY
7OF3	2.7	ELECTRON MICROSCOPY
7OF4	2.7	ELECTRON MICROSCOPY
7OF5	2.9	ELECTRON MICROSCOPY
7OF6	2.6	ELECTRON MICROSCOPY
7OF7	2.5	ELECTRON MICROSCOPY
7OFW	3.15	X-RAY DIFFRACTION
7OFZ	2.62	X-RAY DIFFRACTION
7OG0	2.61	X-RAY DIFFRACTION
7OG4	3.8	ELECTRON MICROSCOPY
7OG6	3.3	ELECTRON MICROSCOPY
7OGK	3.4	ELECTRON MICROSCOPY
7OGM	3.7	ELECTRON MICROSCOPY
7OGS	2.37	X-RAY DIFFRACTION
7OGV	\N	SOLUTION NMR
7OH3	3.4	ELECTRON MICROSCOPY
7OH9	3.0	ELECTRON MICROSCOPY
7OHA	2.9	ELECTRON MICROSCOPY
7OHB	3.4	ELECTRON MICROSCOPY
7OHC	2.5	ELECTRON MICROSCOPY
7OHE	\N	SOLUTION NMR
7OHJ	\N	SOLUTION NMR
7OHM	\N	SOLUTION NMR
7OHP	3.9	ELECTRON MICROSCOPY
7OHQ	3.1	ELECTRON MICROSCOPY
7OHR	4.72	ELECTRON MICROSCOPY
7OHS	4.38	ELECTRON MICROSCOPY
7OHT	4.7	ELECTRON MICROSCOPY
7OHU	3.7	ELECTRON MICROSCOPY
7OHV	3.9	ELECTRON MICROSCOPY
7OHW	3.5	ELECTRON MICROSCOPY
7OHX	3.3	ELECTRON MICROSCOPY
7OHY	3.9	ELECTRON MICROSCOPY
7OI0	2.76	ELECTRON MICROSCOPY
7OI3	4.0	ELECTRON MICROSCOPY
7OI6	5.7	ELECTRON MICROSCOPY
7OI7	3.5	ELECTRON MICROSCOPY
7OI8	3.5	ELECTRON MICROSCOPY
7OI9	3.3	ELECTRON MICROSCOPY
7OIA	3.2	ELECTRON MICROSCOPY
7OIB	3.3	ELECTRON MICROSCOPY
7OIC	3.1	ELECTRON MICROSCOPY
7OID	3.7	ELECTRON MICROSCOPY
7OIE	3.5	ELECTRON MICROSCOPY
7OIF	3.0	ELECTRON MICROSCOPY
7OIG	3.2	ELECTRON MICROSCOPY
7OII	3.0	ELECTRON MICROSCOPY
7OIZ	2.9	ELECTRON MICROSCOPY
7OJ0	3.5	ELECTRON MICROSCOPY
7OJK	3.89	ELECTRON MICROSCOPY
7OJL	3.3	ELECTRON MICROSCOPY
7OJN	2.92	ELECTRON MICROSCOPY
7OKX	3.3	ELECTRON MICROSCOPY
7OKY	4.14	ELECTRON MICROSCOPY
7OL0	3.0	ELECTRON MICROSCOPY
7OL9	2.9	X-RAY DIFFRACTION
7OLC	2.9	ELECTRON MICROSCOPY
7OLD	3.0	ELECTRON MICROSCOPY
7OM3	1.92	X-RAY DIFFRACTION
7OM6	2.18	X-RAY DIFFRACTION
7OM7	2.4	X-RAY DIFFRACTION
7OMA	3.1	X-RAY DIFFRACTION
7OMB	2.01	X-RAY DIFFRACTION
7OMG	2.1	X-RAY DIFFRACTION
7OMY	1.6	X-RAY DIFFRACTION
7OMZ	1.66	X-RAY DIFFRACTION
7ON0	1.46	X-RAY DIFFRACTION
7ON1	3.35	ELECTRON MICROSCOPY
7ONB	3.1	ELECTRON MICROSCOPY
7ONU	3.0	ELECTRON MICROSCOPY
7OO3	2.8	ELECTRON MICROSCOPY
7OOB	2.7	ELECTRON MICROSCOPY
7OOC	3.7	ELECTRON MICROSCOPY
7OOD	3.4	ELECTRON MICROSCOPY
7OOO	2.57	X-RAY DIFFRACTION
7OOP	2.9	ELECTRON MICROSCOPY
7OOS	2.6	X-RAY DIFFRACTION
7OOT	2.25	X-RAY DIFFRACTION
7OPC	3.0	ELECTRON MICROSCOPY
7OPD	3.0	ELECTRON MICROSCOPY
7OPE	3.2	ELECTRON MICROSCOPY
7OQB	9.0	ELECTRON MICROSCOPY
7OQC	4.1	ELECTRON MICROSCOPY
7OQE	5.9	ELECTRON MICROSCOPY
7OQT	\N	SOLUTION NMR
7ORI	3.9	ELECTRON MICROSCOPY
7ORJ	3.9	ELECTRON MICROSCOPY
7ORK	3.1	ELECTRON MICROSCOPY
7ORL	3.6	ELECTRON MICROSCOPY
7ORM	3.3	ELECTRON MICROSCOPY
7ORN	2.8	ELECTRON MICROSCOPY
7ORO	2.9	ELECTRON MICROSCOPY
7OS0	2.2	X-RAY DIFFRACTION
7OSA	3.0	X-RAY DIFFRACTION
7OSM	3.0	X-RAY DIFFRACTION
7OT5	2.9	ELECTRON MICROSCOPY
7OT6	3.2	X-RAY DIFFRACTION
7OTA	3.0	X-RAY DIFFRACTION
7OTB	1.6	X-RAY DIFFRACTION
7OTC	2.9	ELECTRON MICROSCOPY
7OTJ	2.58	X-RAY DIFFRACTION
7OTK	2.95	X-RAY DIFFRACTION
7OTN	3.4	X-RAY DIFFRACTION
7OTQ	4.8	ELECTRON MICROSCOPY
7OTX	3.45	X-RAY DIFFRACTION
7OTZ	3.1	X-RAY DIFFRACTION
7OUE	2.04	X-RAY DIFFRACTION
7OUF	3.0	ELECTRON MICROSCOPY
7OUG	3.1	ELECTRON MICROSCOPY
7OUH	3.5	ELECTRON MICROSCOPY
7OUO	2.212	X-RAY DIFFRACTION
7OUT	3.2	X-RAY DIFFRACTION
7OW0	1.55	X-RAY DIFFRACTION
7OW7	2.4	ELECTRON MICROSCOPY
7OWF	1.91	X-RAY DIFFRACTION
7OX7	2.6	X-RAY DIFFRACTION
7OX8	2.75	X-RAY DIFFRACTION
7OX9	2.45	X-RAY DIFFRACTION
7OXA	2.15	X-RAY DIFFRACTION
7OXQ	3.3	X-RAY DIFFRACTION
7OXS	1.91	X-RAY DIFFRACTION
7OY7	1.7	X-RAY DIFFRACTION
7OYA	3.2	ELECTRON MICROSCOPY
7OYB	2.4	ELECTRON MICROSCOPY
7OYC	2.4	ELECTRON MICROSCOPY
7OYD	2.3	ELECTRON MICROSCOPY
7OYG	5.5	ELECTRON MICROSCOPY
7OYK	2.101	X-RAY DIFFRACTION
7OZ2	2.85	X-RAY DIFFRACTION
7OZ3	4.46	ELECTRON MICROSCOPY
7OZ5	3.37	X-RAY DIFFRACTION
7OZQ	1.91	X-RAY DIFFRACTION
7OZR	4.5	ELECTRON MICROSCOPY
7OZS	3.5	ELECTRON MICROSCOPY
7OZU	3.3	ELECTRON MICROSCOPY
7OZV	3.2	ELECTRON MICROSCOPY
7OZW	3.38	ELECTRON MICROSCOPY
7OZZ	2.7	X-RAY DIFFRACTION
7P0V	1.56	X-RAY DIFFRACTION
7P0W	1.12	X-RAY DIFFRACTION
7P15	3.58	ELECTRON MICROSCOPY
7P2E	2.4	ELECTRON MICROSCOPY
7P30	3.0	ELECTRON MICROSCOPY
7P3F	3.31	ELECTRON MICROSCOPY
7P3K	2.9	ELECTRON MICROSCOPY
7P48	2.9	ELECTRON MICROSCOPY
7P5X	3.2	ELECTRON MICROSCOPY
7P5Z	3.3	ELECTRON MICROSCOPY
7P6Z	3.5	ELECTRON MICROSCOPY
7P7Q	2.4	ELECTRON MICROSCOPY
7P7R	2.9	ELECTRON MICROSCOPY
7P7S	3.0	ELECTRON MICROSCOPY
7P7T	2.9	ELECTRON MICROSCOPY
7P7U	3.1	ELECTRON MICROSCOPY
7P8L	1.25	X-RAY DIFFRACTION
7P8Q	2.289	X-RAY DIFFRACTION
7P8V	3.6	ELECTRON MICROSCOPY
7P9I	1.594	X-RAY DIFFRACTION
7P9J	1.9	X-RAY DIFFRACTION
7P9Z	1.33	X-RAY DIFFRACTION
7PAH	9.5	ELECTRON MICROSCOPY
7PAI	6.7	ELECTRON MICROSCOPY
7PAJ	7.3	ELECTRON MICROSCOPY
7PAK	5.3	ELECTRON MICROSCOPY
7PAL	4.7	ELECTRON MICROSCOPY
7PAM	6.8	ELECTRON MICROSCOPY
7PAN	9.7	ELECTRON MICROSCOPY
7PAO	7.0	ELECTRON MICROSCOPY
7PAQ	8.9	ELECTRON MICROSCOPY
7PAR	8.2	ELECTRON MICROSCOPY
7PAS	16.0	ELECTRON MICROSCOPY
7PAT	9.2	ELECTRON MICROSCOPY
7PAU	8.3	ELECTRON MICROSCOPY
7PBL	3.2	ELECTRON MICROSCOPY
7PBM	3.2	ELECTRON MICROSCOPY
7PBN	3.2	ELECTRON MICROSCOPY
7PBO	2.9	ELECTRON MICROSCOPY
7PBP	3.2	ELECTRON MICROSCOPY
7PBQ	3.1	ELECTRON MICROSCOPY
7PBR	3.0	ELECTRON MICROSCOPY
7PBS	3.3	ELECTRON MICROSCOPY
7PBT	3.3	ELECTRON MICROSCOPY
7PBU	3.3	ELECTRON MICROSCOPY
7PD3	3.4	ELECTRON MICROSCOPY
7PDS	3.14	ELECTRON MICROSCOPY
7PDU	\N	SOLUTION NMR
7PDV	3.49	X-RAY DIFFRACTION
7PEL	3.34	ELECTRON MICROSCOPY
7PET	9.5	ELECTRON MICROSCOPY
7PEU	7.2	ELECTRON MICROSCOPY
7PEV	6.0	ELECTRON MICROSCOPY
7PEW	4.6	ELECTRON MICROSCOPY
7PEX	5.1	ELECTRON MICROSCOPY
7PEY	4.5	ELECTRON MICROSCOPY
7PEZ	7.9	ELECTRON MICROSCOPY
7PF0	11.0	ELECTRON MICROSCOPY
7PF2	5.1	ELECTRON MICROSCOPY
7PF3	4.0	ELECTRON MICROSCOPY
7PF4	4.0	ELECTRON MICROSCOPY
7PF5	3.8	ELECTRON MICROSCOPY
7PF6	4.0	ELECTRON MICROSCOPY
7PFA	9.7	ELECTRON MICROSCOPY
7PFC	6.4	ELECTRON MICROSCOPY
7PFD	4.4	ELECTRON MICROSCOPY
7PFE	4.4	ELECTRON MICROSCOPY
7PFF	4.3	ELECTRON MICROSCOPY
7PFO	3.2	ELECTRON MICROSCOPY
7PFT	9.8	ELECTRON MICROSCOPY
7PFU	5.0	ELECTRON MICROSCOPY
7PFV	4.4	ELECTRON MICROSCOPY
7PFW	5.2	ELECTRON MICROSCOPY
7PFX	4.3	ELECTRON MICROSCOPY
7PH9	8.7	ELECTRON MICROSCOPY
7PHA	8.5	ELECTRON MICROSCOPY
7PHB	4.9	ELECTRON MICROSCOPY
7PHC	9.9	ELECTRON MICROSCOPY
7PI8	8.9	ELECTRON MICROSCOPY
7PI9	6.3	ELECTRON MICROSCOPY
7PIA	13.6	ELECTRON MICROSCOPY
7PIB	4.7	ELECTRON MICROSCOPY
7PIC	9.1	ELECTRON MICROSCOPY
7PII	2.68	ELECTRON MICROSCOPY
7PIK	2.68	ELECTRON MICROSCOPY
7PIO	9.5	ELECTRON MICROSCOPY
7PIP	9.3	ELECTRON MICROSCOPY
7PIQ	9.7	ELECTRON MICROSCOPY
7PIR	12.1	ELECTRON MICROSCOPY
7PIS	15.0	ELECTRON MICROSCOPY
7PIT	5.7	ELECTRON MICROSCOPY
7PJS	2.35	ELECTRON MICROSCOPY
7PJT	6.0	ELECTRON MICROSCOPY
7PJU	9.5	ELECTRON MICROSCOPY
7PJV	3.1	ELECTRON MICROSCOPY
7PJW	4.0	ELECTRON MICROSCOPY
7PJX	6.5	ELECTRON MICROSCOPY
7PJY	3.1	ELECTRON MICROSCOPY
7PJZ	6.0	ELECTRON MICROSCOPY
7PKQ	4.2	ELECTRON MICROSCOPY
7PKS	3.6	ELECTRON MICROSCOPY
7PKT	3.0	ELECTRON MICROSCOPY
7PLA	3.04	ELECTRON MICROSCOPY
7PLH	3.57	ELECTRON MICROSCOPY
7PLI	2.5	X-RAY DIFFRACTION
7PLO	2.8	ELECTRON MICROSCOPY
7PMK	3.2	ELECTRON MICROSCOPY
7PMM	3.0	X-RAY DIFFRACTION
7PMN	3.2	ELECTRON MICROSCOPY
7PMQ	3.22	X-RAY DIFFRACTION
7PNE	\N	SOLUTION NMR
7PNG	\N	SOLUTION NMR
7PNL	1.83	X-RAY DIFFRACTION
7PNT	3.19	ELECTRON MICROSCOPY
7PNU	3.06	ELECTRON MICROSCOPY
7PNV	3.06	ELECTRON MICROSCOPY
7PNW	3.09	ELECTRON MICROSCOPY
7PNX	2.76	ELECTRON MICROSCOPY
7PNY	3.06	ELECTRON MICROSCOPY
7PNZ	3.09	ELECTRON MICROSCOPY
7PO0	2.9	ELECTRON MICROSCOPY
7PO1	2.92	ELECTRON MICROSCOPY
7PO2	3.09	ELECTRON MICROSCOPY
7PO3	2.92	ELECTRON MICROSCOPY
7PO4	2.56	ELECTRON MICROSCOPY
7PO6	1.77	X-RAY DIFFRACTION
7POF	\N	SOLUTION NMR
7PRV	2.7	X-RAY DIFFRACTION
7PRW	2.502	X-RAY DIFFRACTION
7PS8	\N	SOLUTION NMR
7PSX	2.0	X-RAY DIFFRACTION
7PTK	5.18	ELECTRON MICROSCOPY
7PTL	4.9	ELECTRON MICROSCOPY
7PTQ	4.08	ELECTRON MICROSCOPY
7PTS	5.71	ELECTRON MICROSCOPY
7PU7	2.9	ELECTRON MICROSCOPY
7PUA	3.6	ELECTRON MICROSCOPY
7PUB	3.7	ELECTRON MICROSCOPY
7PVK	2.4	X-RAY DIFFRACTION
7PWF	2.85	ELECTRON MICROSCOPY
7PWG	2.75	ELECTRON MICROSCOPY
7PWO	2.75	ELECTRON MICROSCOPY
7PY0	4.5	ELECTRON MICROSCOPY
7PY1	3.8	ELECTRON MICROSCOPY
7PY3	3.8	ELECTRON MICROSCOPY
7PY5	3.9	ELECTRON MICROSCOPY
7PY6	4.1	ELECTRON MICROSCOPY
7PY7	4.1	ELECTRON MICROSCOPY
7PY8	3.8	ELECTRON MICROSCOPY
7PYJ	4.2	ELECTRON MICROSCOPY
7PYK	4.1	ELECTRON MICROSCOPY
7PZA	2.72	X-RAY DIFFRACTION
7PZB	3.12	X-RAY DIFFRACTION
7PZY	2.32	ELECTRON MICROSCOPY
7Q08	2.56	ELECTRON MICROSCOPY
7Q0F	2.64	ELECTRON MICROSCOPY
7Q0J	4.3	ELECTRON MICROSCOPY
7Q0K	4.0	ELECTRON MICROSCOPY
7Q0N	2.5	X-RAY DIFFRACTION
7Q0P	2.77	ELECTRON MICROSCOPY
7Q0R	2.67	ELECTRON MICROSCOPY
7Q22	6.3	ELECTRON MICROSCOPY
7Q23	4.3	ELECTRON MICROSCOPY
7Q2Q	4.3	ELECTRON MICROSCOPY
7Q2R	3.5	ELECTRON MICROSCOPY
7Q2S	3.7	ELECTRON MICROSCOPY
7Q2X	3.0	ELECTRON MICROSCOPY
7Q2Y	3.0	ELECTRON MICROSCOPY
7Q2Z	3.2	ELECTRON MICROSCOPY
7Q33	\N	SOLUTION NMR
7Q3L	2.21	ELECTRON MICROSCOPY
7Q3O	2.78	X-RAY DIFFRACTION
7Q48	\N	SOLUTION NMR
7Q4K	3.0	ELECTRON MICROSCOPY
7Q4L	\N	SOLUTION NMR
7Q4N	3.2	X-RAY DIFFRACTION
7Q4O	2.1	ELECTRON MICROSCOPY
7Q4P	2.15	ELECTRON MICROSCOPY
7Q5B	3.98	ELECTRON MICROSCOPY
7Q6L	\N	SOLUTION NMR
7Q7X	2.8	X-RAY DIFFRACTION
7Q7Y	2.9	X-RAY DIFFRACTION
7Q7Z	3.26	X-RAY DIFFRACTION
7Q80	3.14	X-RAY DIFFRACTION
7Q81	2.85	X-RAY DIFFRACTION
7Q82	2.95	X-RAY DIFFRACTION
7Q8A	2.05	X-RAY DIFFRACTION
7Q94	4.3	X-RAY DIFFRACTION
7QA2	\N	SOLUTION NMR
7QA9	\N	SOLUTION NMR
7QAZ	2.11	X-RAY DIFFRACTION
7QB3	\N	SOLUTION NMR
7QCA	2.79	ELECTRON MICROSCOPY
7QD4	2.9	ELECTRON MICROSCOPY
7QD5	3.1	ELECTRON MICROSCOPY
7QD6	3.0	ELECTRON MICROSCOPY
7QDD	\N	SOLUTION NMR
7QDE	\N	SOLUTION NMR
7QDU	5.14	ELECTRON MICROSCOPY
7QDY	3.1	ELECTRON MICROSCOPY
7QDZ	3.6	ELECTRON MICROSCOPY
7QE0	6.5	ELECTRON MICROSCOPY
7QEN	3.46	ELECTRON MICROSCOPY
7QEP	2.7	ELECTRON MICROSCOPY
7QFW	3.86	ELECTRON MICROSCOPY
7QG8	3.97	ELECTRON MICROSCOPY
7QGG	2.86	ELECTRON MICROSCOPY
7QGH	4.48	ELECTRON MICROSCOPY
7QGN	3.37	ELECTRON MICROSCOPY
7QGR	5.7	ELECTRON MICROSCOPY
7QGU	4.75	ELECTRON MICROSCOPY
7QH4	5.45	ELECTRON MICROSCOPY
7QH6	3.08	ELECTRON MICROSCOPY
7QH7	2.89	ELECTRON MICROSCOPY
7QHS	3.3	ELECTRON MICROSCOPY
7QI4	2.21	ELECTRON MICROSCOPY
7QI5	2.63	ELECTRON MICROSCOPY
7QI6	2.98	ELECTRON MICROSCOPY
7QIW	2.35	ELECTRON MICROSCOPY
7QIX	2.53	ELECTRON MICROSCOPY
7QIY	2.58	ELECTRON MICROSCOPY
7QIZ	2.38	ELECTRON MICROSCOPY
7QNZ	4.58	ELECTRON MICROSCOPY
7QO1	4.4	ELECTRON MICROSCOPY
7QP2	0.9	X-RAY DIFFRACTION
7QP6	4.7	ELECTRON MICROSCOPY
7QP7	3.7	ELECTRON MICROSCOPY
7QQ3	2.1	ELECTRON MICROSCOPY
7QQD	2.7	X-RAY DIFFRACTION
7QQK	3.8	ELECTRON MICROSCOPY
7QQO	3.0	X-RAY DIFFRACTION
7QQP	2.6	X-RAY DIFFRACTION
7QQQ	2.65	X-RAY DIFFRACTION
7QQR	2.75	X-RAY DIFFRACTION
7QQS	2.4	X-RAY DIFFRACTION
7QQT	2.5	X-RAY DIFFRACTION
7QQU	2.45	X-RAY DIFFRACTION
7QQV	2.25	X-RAY DIFFRACTION
7QQW	3.1	X-RAY DIFFRACTION
7QQX	2.4	X-RAY DIFFRACTION
7QQZ	2.25	X-RAY DIFFRACTION
7QR0	2.3	X-RAY DIFFRACTION
7QR1	2.6	X-RAY DIFFRACTION
7QR3	2.18	X-RAY DIFFRACTION
7QR4	2.83	X-RAY DIFFRACTION
7QR5	3.3	X-RAY DIFFRACTION
7QR7	3.0	X-RAY DIFFRACTION
7QR8	2.75	X-RAY DIFFRACTION
7QSH	0.86	X-RAY DIFFRACTION
7QTL	2.48	ELECTRON MICROSCOPY
7QTN	1.2	X-RAY DIFFRACTION
7QTT	3.1	ELECTRON MICROSCOPY
7QUA	1.0	X-RAY DIFFRACTION
7QV1	3.5	ELECTRON MICROSCOPY
7QV2	3.5	ELECTRON MICROSCOPY
7QV3	5.14	ELECTRON MICROSCOPY
7QV9	3.5	ELECTRON MICROSCOPY
7QVP	3.0	ELECTRON MICROSCOPY
7QVQ	2.4	X-RAY DIFFRACTION
7QW5	2.3	X-RAY DIFFRACTION
7QW6	2.4	X-RAY DIFFRACTION
7QW7	2.6	X-RAY DIFFRACTION
7QWP	3.4	ELECTRON MICROSCOPY
7QWQ	2.83	ELECTRON MICROSCOPY
7QWR	2.9	ELECTRON MICROSCOPY
7QWS	3.4	ELECTRON MICROSCOPY
7QXA	3.2	ELECTRON MICROSCOPY
7QXB	3.9	ELECTRON MICROSCOPY
7QXI	3.4	ELECTRON MICROSCOPY
7QXS	3.9	ELECTRON MICROSCOPY
7R06	2.27	ELECTRON MICROSCOPY
7R07	3.1	X-RAY DIFFRACTION
7R0E	2.51	ELECTRON MICROSCOPY
7R1F	2.58	ELECTRON MICROSCOPY
7R21	3.1	ELECTRON MICROSCOPY
7R2K	3.3	ELECTRON MICROSCOPY
7R3X	2.46	X-RAY DIFFRACTION
7R3Y	2.6	X-RAY DIFFRACTION
7R4X	2.15	ELECTRON MICROSCOPY
7R5R	2.44	ELECTRON MICROSCOPY
7R5S	2.83	ELECTRON MICROSCOPY
7R5V	4.55	ELECTRON MICROSCOPY
7R6K	3.17	ELECTRON MICROSCOPY
7R6L	2.85	ELECTRON MICROSCOPY
7R6M	3.68	ELECTRON MICROSCOPY
7R6N	4.1	ELECTRON MICROSCOPY
7R6Q	2.98	ELECTRON MICROSCOPY
7R6R	3.13	X-RAY DIFFRACTION
7R6T	2.9	X-RAY DIFFRACTION
7R6V	2.16	X-RAY DIFFRACTION
7R72	3.07	ELECTRON MICROSCOPY
7R77	3.0	ELECTRON MICROSCOPY
7R78	3.5	ELECTRON MICROSCOPY
7R7A	3.04	ELECTRON MICROSCOPY
7R7C	3.71	ELECTRON MICROSCOPY
7R81	2.7	ELECTRON MICROSCOPY
7R8G	2.5	X-RAY DIFFRACTION
7R8H	2.54	X-RAY DIFFRACTION
7R8I	2.4	X-RAY DIFFRACTION
7R8J	2.7	X-RAY DIFFRACTION
7R96	5.68	X-RAY DIFFRACTION
7R97	1.804	X-RAY DIFFRACTION
7R9F	2.89	X-RAY DIFFRACTION
7R9G	2.4	X-RAY DIFFRACTION
7RAY	1.78	X-RAY DIFFRACTION
7RBE	1.89	X-RAY DIFFRACTION
7RBF	1.84	X-RAY DIFFRACTION
7RBG	1.9	X-RAY DIFFRACTION
7RBH	1.75	X-RAY DIFFRACTION
7RBI	1.93	X-RAY DIFFRACTION
7RBJ	1.91	X-RAY DIFFRACTION
7RBK	2.2	X-RAY DIFFRACTION
7RBL	1.98	X-RAY DIFFRACTION
7RBM	2.21	X-RAY DIFFRACTION
7RBN	2.9	X-RAY DIFFRACTION
7RBO	2.96	X-RAY DIFFRACTION
7RCC	2.45	X-RAY DIFFRACTION
7RCD	2.448	X-RAY DIFFRACTION
7RCE	2.42	X-RAY DIFFRACTION
7RCF	2.233	X-RAY DIFFRACTION
7RCG	2.368	X-RAY DIFFRACTION
7RCU	2.69	X-RAY DIFFRACTION
7RDQ	3.0	ELECTRON MICROSCOPY
7RDX	3.1	ELECTRON MICROSCOPY
7RDY	3.1	ELECTRON MICROSCOPY
7RDZ	3.6	ELECTRON MICROSCOPY
7RE0	3.5	ELECTRON MICROSCOPY
7RE1	2.91	ELECTRON MICROSCOPY
7RE2	3.17	ELECTRON MICROSCOPY
7RE3	3.33	ELECTRON MICROSCOPY
7REX	2.6	X-RAY DIFFRACTION
7RFK	2.05	X-RAY DIFFRACTION
7RFL	2.38	X-RAY DIFFRACTION
7RFM	2.68	X-RAY DIFFRACTION
7RFN	2.5	X-RAY DIFFRACTION
7RGU	3.2	X-RAY DIFFRACTION
7RH2	2.47	X-RAY DIFFRACTION
7RHX	3.23	ELECTRON MICROSCOPY
7RHY	3.91	ELECTRON MICROSCOPY
7RHZ	4.48	ELECTRON MICROSCOPY
7RIL	1.8	X-RAY DIFFRACTION
7RIM	2.9	X-RAY DIFFRACTION
7RIP	3.3	X-RAY DIFFRACTION
7RIQ	3.0	X-RAY DIFFRACTION
7RIW	3.2	X-RAY DIFFRACTION
7RIX	3.4	X-RAY DIFFRACTION
7RIY	3.7	X-RAY DIFFRACTION
7RL1	2.71	ELECTRON MICROSCOPY
7RPO	4.16	ELECTRON MICROSCOPY
7RPW	4.38	ELECTRON MICROSCOPY
7RPX	4.2	ELECTRON MICROSCOPY
7RQ5	\N	SOLUTION NMR
7RQ8	2.5	X-RAY DIFFRACTION
7RQ9	2.6	X-RAY DIFFRACTION
7RQA	2.4	X-RAY DIFFRACTION
7RQB	2.45	X-RAY DIFFRACTION
7RQC	2.5	X-RAY DIFFRACTION
7RQD	2.5	X-RAY DIFFRACTION
7RQE	2.4	X-RAY DIFFRACTION
7RQT	1.26	X-RAY DIFFRACTION
7RR5	3.23	ELECTRON MICROSCOPY
7RSR	1.98	X-RAY DIFFRACTION
7RSS	2.71	X-RAY DIFFRACTION
7RSU	2.1	X-RAY DIFFRACTION
7RTE	2.06	X-RAY DIFFRACTION
7RTI	2.05	X-RAY DIFFRACTION
7RVA	1.89	X-RAY DIFFRACTION
7RWI	3.7	X-RAY DIFFRACTION
7RWR	\N	SOLUTION NMR
7RYF	2.65	ELECTRON MICROSCOPY
7RYG	2.38	ELECTRON MICROSCOPY
7RYH	2.43	ELECTRON MICROSCOPY
7RZZ	2.39	X-RAY DIFFRACTION
7S01	3.4	X-RAY DIFFRACTION
7S02	2.34	X-RAY DIFFRACTION
7S03	2.37	X-RAY DIFFRACTION
7S0S	3.05	ELECTRON MICROSCOPY
7S0T	3.05	ELECTRON MICROSCOPY
7S1G	2.48	ELECTRON MICROSCOPY
7S1H	2.35	ELECTRON MICROSCOPY
7S1I	2.48	ELECTRON MICROSCOPY
7S1J	2.47	ELECTRON MICROSCOPY
7S1K	2.42	ELECTRON MICROSCOPY
7S36	3.2	ELECTRON MICROSCOPY
7S37	3.2	ELECTRON MICROSCOPY
7S38	3.3	ELECTRON MICROSCOPY
7S3A	1.48	X-RAY DIFFRACTION
7S3B	1.89	X-RAY DIFFRACTION
7S3C	1.51	X-RAY DIFFRACTION
7S3H	2.5	ELECTRON MICROSCOPY
7S4U	3.56	ELECTRON MICROSCOPY
7S4V	3.28	ELECTRON MICROSCOPY
7S4X	2.76	ELECTRON MICROSCOPY
7S68	3.3	X-RAY DIFFRACTION
7S6H	3.1	X-RAY DIFFRACTION
7S6M	3.2	X-RAY DIFFRACTION
7S7B	4.06	ELECTRON MICROSCOPY
7S7C	3.62	ELECTRON MICROSCOPY
7S81	3.6	X-RAY DIFFRACTION
7S9J	1.91	X-RAY DIFFRACTION
7S9K	1.97	X-RAY DIFFRACTION
7S9L	2.05	X-RAY DIFFRACTION
7S9M	2.31	X-RAY DIFFRACTION
7S9N	1.71	X-RAY DIFFRACTION
7S9O	2.23	X-RAY DIFFRACTION
7S9P	1.86	X-RAY DIFFRACTION
7S9Q	1.9	X-RAY DIFFRACTION
7S9U	3.2	ELECTRON MICROSCOPY
7S9W	3.4	ELECTRON MICROSCOPY
7SA4	2.55	ELECTRON MICROSCOPY
7SAE	3.0	ELECTRON MICROSCOPY
7SAM	4.3	ELECTRON MICROSCOPY
7SB8	1.317	X-RAY DIFFRACTION
7SBA	2.9	ELECTRON MICROSCOPY
7SBB	3.1	ELECTRON MICROSCOPY
7SC6	5.51	ELECTRON MICROSCOPY
7SCQ	6.0	ELECTRON MICROSCOPY
7SCY	4.1	ELECTRON MICROSCOPY
7SCZ	3.5	ELECTRON MICROSCOPY
7SD6	3.53	X-RAY DIFFRACTION
7SD7	3.68	X-RAY DIFFRACTION
7SD8	2.94	X-RAY DIFFRACTION
7SDF	3.46	X-RAY DIFFRACTION
7SDG	3.63	X-RAY DIFFRACTION
7SDH	4.05	X-RAY DIFFRACTION
7SDI	3.58	X-RAY DIFFRACTION
7SDJ	4.0	X-RAY DIFFRACTION
7SDK	3.86	X-RAY DIFFRACTION
7SDL	4.37	X-RAY DIFFRACTION
7SDM	4.01	X-RAY DIFFRACTION
7SDN	4.32	X-RAY DIFFRACTION
7SDO	3.62	X-RAY DIFFRACTION
7SDP	3.01	X-RAY DIFFRACTION
7SDQ	4.3	X-RAY DIFFRACTION
7SDS	3.7	X-RAY DIFFRACTION
7SDT	4.0	X-RAY DIFFRACTION
7SDU	4.33	X-RAY DIFFRACTION
7SDV	4.19	X-RAY DIFFRACTION
7SDW	4.2	X-RAY DIFFRACTION
7SDX	3.89	X-RAY DIFFRACTION
7SDY	4.45	X-RAY DIFFRACTION
7SDZ	4.51	X-RAY DIFFRACTION
7SE0	3.93	X-RAY DIFFRACTION
7SE1	4.19	X-RAY DIFFRACTION
7SE2	4.03	X-RAY DIFFRACTION
7SE3	3.76	X-RAY DIFFRACTION
7SE4	4.65	X-RAY DIFFRACTION
7SE5	4.05	X-RAY DIFFRACTION
7SFC	1.97	X-RAY DIFFRACTION
7SFD	2.09	X-RAY DIFFRACTION
7SFE	2.55	X-RAY DIFFRACTION
7SFF	2.05	X-RAY DIFFRACTION
7SFG	2.43	X-RAY DIFFRACTION
7SFR	2.6	ELECTRON MICROSCOPY
7SG8	3.71	X-RAY DIFFRACTION
7SG9	3.81	X-RAY DIFFRACTION
7SGA	3.15	X-RAY DIFFRACTION
7SGB	5.2	X-RAY DIFFRACTION
7SGC	2.7	X-RAY DIFFRACTION
7SGL	3.0	ELECTRON MICROSCOPY
7SGZ	3.17	ELECTRON MICROSCOPY
7SH2	3.23	ELECTRON MICROSCOPY
7SHX	\N	SOLUTION NMR
7SJR	3.8	ELECTRON MICROSCOPY
7SLB	4.31	X-RAY DIFFRACTION
7SLC	4.02	X-RAY DIFFRACTION
7SLD	4.13	X-RAY DIFFRACTION
7SLE	4.39	X-RAY DIFFRACTION
7SLF	4.83	X-RAY DIFFRACTION
7SLG	5.1	X-RAY DIFFRACTION
7SLJ	4.16	X-RAY DIFFRACTION
7SLK	4.01	X-RAY DIFFRACTION
7SLL	3.73	X-RAY DIFFRACTION
7SLM	4.3	X-RAY DIFFRACTION
7SLN	4.02	X-RAY DIFFRACTION
7SLO	4.12	X-RAY DIFFRACTION
7SLP	4.1	ELECTRON MICROSCOPY
7SLQ	3.7	ELECTRON MICROSCOPY
7SM0	4.18	X-RAY DIFFRACTION
7SM1	3.81	X-RAY DIFFRACTION
7SM2	3.92	X-RAY DIFFRACTION
7SM3	3.74	X-RAY DIFFRACTION
7SM4	4.01	X-RAY DIFFRACTION
7SM5	4.84	X-RAY DIFFRACTION
7SM6	3.8	X-RAY DIFFRACTION
7SM7	3.9	X-RAY DIFFRACTION
7SM8	3.62	X-RAY DIFFRACTION
7SM9	3.24	X-RAY DIFFRACTION
7SMA	3.64	X-RAY DIFFRACTION
7SMB	4.63	X-RAY DIFFRACTION
7SOP	1.55	X-RAY DIFFRACTION
7SOQ	1.15	X-RAY DIFFRACTION
7SOR	1.35	X-RAY DIFFRACTION
7SOS	1.25	X-RAY DIFFRACTION
7SOT	1.52	X-RAY DIFFRACTION
7SOU	1.45	X-RAY DIFFRACTION
7SOV	1.45	X-RAY DIFFRACTION
7SOW	1.3	X-RAY DIFFRACTION
7SOZ	3.14	X-RAY DIFFRACTION
7SP1	3.4	ELECTRON MICROSCOPY
7SPL	6.09	X-RAY DIFFRACTION
7SPM	3.28	X-RAY DIFFRACTION
7SR6	2.62	X-RAY DIFFRACTION
7SS5	2.7	ELECTRON MICROSCOPY
7SS9	3.9	ELECTRON MICROSCOPY
7SSA	3.2	ELECTRON MICROSCOPY
7SSD	3.3	ELECTRON MICROSCOPY
7SSG	5.2	ELECTRON MICROSCOPY
7SSL	3.8	ELECTRON MICROSCOPY
7SSN	3.2	ELECTRON MICROSCOPY
7SSO	3.2	ELECTRON MICROSCOPY
7SSW	3.8	ELECTRON MICROSCOPY
7ST2	2.9	ELECTRON MICROSCOPY
7ST6	3.0	ELECTRON MICROSCOPY
7ST7	3.2	ELECTRON MICROSCOPY
7ST9	2.2	ELECTRON MICROSCOPY
7STB	2.72	ELECTRON MICROSCOPY
7SU3	3.3	ELECTRON MICROSCOPY
7SUK	3.99	ELECTRON MICROSCOPY
7SUM	2.9	X-RAY DIFFRACTION
7SUV	1.99	X-RAY DIFFRACTION
7SVA	3.26	ELECTRON MICROSCOPY
7SVB	2.24	X-RAY DIFFRACTION
7SVU	3.5	ELECTRON MICROSCOPY
7SVV	3.54	ELECTRON MICROSCOPY
7SVW	3.69	ELECTRON MICROSCOPY
7SWF	3.79	ELECTRON MICROSCOPY
7SWQ	3.79	ELECTRON MICROSCOPY
7SWY	2.6	ELECTRON MICROSCOPY
7SX5	2.8	X-RAY DIFFRACTION
7SXE	3.0	X-RAY DIFFRACTION
7SXP	2.9	X-RAY DIFFRACTION
7SYG	4.3	ELECTRON MICROSCOPY
7SYH	4.6	ELECTRON MICROSCOPY
7SYI	4.5	ELECTRON MICROSCOPY
7SYJ	4.8	ELECTRON MICROSCOPY
7SYK	4.2	ELECTRON MICROSCOPY
7SYL	4.5	ELECTRON MICROSCOPY
7SYM	4.8	ELECTRON MICROSCOPY
7SYN	4.0	ELECTRON MICROSCOPY
7SYO	4.6	ELECTRON MICROSCOPY
7SYP	4.0	ELECTRON MICROSCOPY
7SYQ	3.8	ELECTRON MICROSCOPY
7SYR	3.6	ELECTRON MICROSCOPY
7SYS	3.5	ELECTRON MICROSCOPY
7SYT	4.4	ELECTRON MICROSCOPY
7SYU	4.6	ELECTRON MICROSCOPY
7SYV	3.9	ELECTRON MICROSCOPY
7SYW	3.7	ELECTRON MICROSCOPY
7SYX	3.7	ELECTRON MICROSCOPY
7SZJ	3.11	ELECTRON MICROSCOPY
7SZK	2.94	ELECTRON MICROSCOPY
7SZU	2.24	X-RAY DIFFRACTION
7T02	3.8	ELECTRON MICROSCOPY
7T18	1.7	X-RAY DIFFRACTION
7T19	2.01	X-RAY DIFFRACTION
7T1A	1.81	X-RAY DIFFRACTION
7T1B	1.75	X-RAY DIFFRACTION
7T1N	\N	SOLUTION NMR
7T1O	\N	SOLUTION NMR
7T1P	\N	SOLUTION NMR
7T20	4.7	ELECTRON MICROSCOPY
7T21	5.4	ELECTRON MICROSCOPY
7T22	4.2	ELECTRON MICROSCOPY
7T3J	3.2	ELECTRON MICROSCOPY
7T3K	3.5	ELECTRON MICROSCOPY
7T3L	3.6	ELECTRON MICROSCOPY
7T6Y	2.3	X-RAY DIFFRACTION
7T8K	2.3	X-RAY DIFFRACTION
7TAN	3.0	ELECTRON MICROSCOPY
7TAW	2.7	ELECTRON MICROSCOPY
7TAX	2.8	ELECTRON MICROSCOPY
7TD7	2.95	X-RAY DIFFRACTION
7TDA	2.25	X-RAY DIFFRACTION
7TDB	2.56	X-RAY DIFFRACTION
7TDC	2.46	X-RAY DIFFRACTION
7TDW	4.0	X-RAY DIFFRACTION
7TDX	3.1	X-RAY DIFFRACTION
7TEA	2.35	X-RAY DIFFRACTION
7TEC	3.45	X-RAY DIFFRACTION
7TFH	3.09	ELECTRON MICROSCOPY
7TFI	3.41	ELECTRON MICROSCOPY
7TFJ	3.3	ELECTRON MICROSCOPY
7TFK	3.25	ELECTRON MICROSCOPY
7TFL	3.33	ELECTRON MICROSCOPY
7TFT	4.42	X-RAY DIFFRACTION
7TFU	4.55	X-RAY DIFFRACTION
7TFV	4.23	X-RAY DIFFRACTION
7TFW	3.92	X-RAY DIFFRACTION
7TFX	4.99	X-RAY DIFFRACTION
7TFY	4.71	X-RAY DIFFRACTION
7TFZ	6.13	X-RAY DIFFRACTION
7TG0	6.05	X-RAY DIFFRACTION
7TG1	4.85	X-RAY DIFFRACTION
7TG2	4.37	X-RAY DIFFRACTION
7TG3	4.59	X-RAY DIFFRACTION
7TG4	5.21	X-RAY DIFFRACTION
7TG6	4.82	X-RAY DIFFRACTION
7TG7	3.94	X-RAY DIFFRACTION
7TG8	5.46	X-RAY DIFFRACTION
7TG9	4.69	X-RAY DIFFRACTION
7TGA	6.61	X-RAY DIFFRACTION
7TGB	5.36	X-RAY DIFFRACTION
7TGC	5.19	X-RAY DIFFRACTION
7TGD	5.25	X-RAY DIFFRACTION
7THB	1.64	X-RAY DIFFRACTION
7TI3	4.79	X-RAY DIFFRACTION
7TIB	3.4	ELECTRON MICROSCOPY
7TID	3.3	ELECTRON MICROSCOPY
7TJ2	3.2	ELECTRON MICROSCOPY
7TJF	2.6	ELECTRON MICROSCOPY
7TJH	2.5	ELECTRON MICROSCOPY
7TJI	2.7	ELECTRON MICROSCOPY
7TJJ	2.7	ELECTRON MICROSCOPY
7TJK	2.7	ELECTRON MICROSCOPY
7TM3	3.25	ELECTRON MICROSCOPY
7TN2	2.3	ELECTRON MICROSCOPY
7TNX	3.54	ELECTRON MICROSCOPY
7TNY	3.2	ELECTRON MICROSCOPY
7TNZ	3.54	ELECTRON MICROSCOPY
7TO0	3.5	ELECTRON MICROSCOPY
7TO1	3.66	ELECTRON MICROSCOPY
7TO2	3.2	ELECTRON MICROSCOPY
7TOO	2.7	ELECTRON MICROSCOPY
7TOP	2.4	ELECTRON MICROSCOPY
7TOQ	3.1	ELECTRON MICROSCOPY
7TOR	2.9	ELECTRON MICROSCOPY
7TOS	2.9	ELECTRON MICROSCOPY
7TQB	3.1	X-RAY DIFFRACTION
7TQL	3.2	ELECTRON MICROSCOPY
7TQQ	2.2	X-RAY DIFFRACTION
7TQV	3.43	ELECTRON MICROSCOPY
7TQW	3.01	X-RAY DIFFRACTION
7TR6	3.4	ELECTRON MICROSCOPY
7TR7	2.0	X-RAY DIFFRACTION
7TR8	3.6	ELECTRON MICROSCOPY
7TR9	3.9	ELECTRON MICROSCOPY
7TRA	3.3	ELECTRON MICROSCOPY
7TRC	3.3	ELECTRON MICROSCOPY
7TRD	3.3	ELECTRON MICROSCOPY
7TRE	3.5	ELECTRON MICROSCOPY
7TRF	3.7	ELECTRON MICROSCOPY
7TTU	3.0	ELECTRON MICROSCOPY
7TTW	2.9	ELECTRON MICROSCOPY
7TUT	3.88	ELECTRON MICROSCOPY
7TUV	2.225	X-RAY DIFFRACTION
7TVE	3.8	ELECTRON MICROSCOPY
7TXC	3.04	X-RAY DIFFRACTION
7TXJ	3.9	ELECTRON MICROSCOPY
7TZ1	2.79	X-RAY DIFFRACTION
7TZR	2.7	X-RAY DIFFRACTION
7TZS	2.21	X-RAY DIFFRACTION
7TZT	2.96	X-RAY DIFFRACTION
7TZU	2.87	X-RAY DIFFRACTION
7TZV	1.65	X-RAY DIFFRACTION
7U02	2.48	X-RAY DIFFRACTION
7U0G	2.6	ELECTRON MICROSCOPY
7U0H	2.76	ELECTRON MICROSCOPY
7U0I	2.6	ELECTRON MICROSCOPY
7U0J	2.7	ELECTRON MICROSCOPY
7U0Y	2.66	X-RAY DIFFRACTION
7U19	3.7	ELECTRON MICROSCOPY
7U1A	3.3	ELECTRON MICROSCOPY
7U1P	3.0	ELECTRON MICROSCOPY
7U1T	3.3	ELECTRON MICROSCOPY
7U22	3.87	X-RAY DIFFRACTION
7U2A	4.1	ELECTRON MICROSCOPY
7U2B	4.1	ELECTRON MICROSCOPY
7U2H	2.55	X-RAY DIFFRACTION
7U2I	2.55	X-RAY DIFFRACTION
7U2J	2.55	X-RAY DIFFRACTION
7U32	3.46	ELECTRON MICROSCOPY
7U38	2.49	X-RAY DIFFRACTION
7U3O	3.31	X-RAY DIFFRACTION
7U3P	6.06	X-RAY DIFFRACTION
7U3Q	9.32	X-RAY DIFFRACTION
7U3R	6.27	X-RAY DIFFRACTION
7U3S	9.5	X-RAY DIFFRACTION
7U3T	4.69	X-RAY DIFFRACTION
7U3U	4.46	X-RAY DIFFRACTION
7U3V	5.14	X-RAY DIFFRACTION
7U3W	6.33	X-RAY DIFFRACTION
7U3X	5.68	X-RAY DIFFRACTION
7U3Y	6.06	X-RAY DIFFRACTION
7U3Z	7.55	X-RAY DIFFRACTION
7U40	7.55	X-RAY DIFFRACTION
7U41	7.24	X-RAY DIFFRACTION
7U42	7.71	X-RAY DIFFRACTION
7U43	7.55	X-RAY DIFFRACTION
7U44	8.46	X-RAY DIFFRACTION
7U45	8.05	X-RAY DIFFRACTION
7U46	2.68	ELECTRON MICROSCOPY
7U47	7.5	ELECTRON MICROSCOPY
7U4A	3.15	X-RAY DIFFRACTION
7U4D	8.1	ELECTRON MICROSCOPY
7U50	3.4	ELECTRON MICROSCOPY
7U51	3.1	ELECTRON MICROSCOPY
7U52	3.4	ELECTRON MICROSCOPY
7U53	4.0	ELECTRON MICROSCOPY
7U5C	4.6	ELECTRON MICROSCOPY
7U5D	3.52	ELECTRON MICROSCOPY
7U5E	4.03	ELECTRON MICROSCOPY
7U6K	2.38	X-RAY DIFFRACTION
7U72	1.53	X-RAY DIFFRACTION
7U73	1.56	X-RAY DIFFRACTION
7U74	1.52	X-RAY DIFFRACTION
7U75	1.55	X-RAY DIFFRACTION
7U76	1.69	X-RAY DIFFRACTION
7U77	1.58	X-RAY DIFFRACTION
7U78	1.61	X-RAY DIFFRACTION
7U79	1.69	X-RAY DIFFRACTION
7U7A	1.58	X-RAY DIFFRACTION
7U7B	1.58	X-RAY DIFFRACTION
7U7C	1.55	X-RAY DIFFRACTION
7U7D	1.57	X-RAY DIFFRACTION
7U7E	1.58	X-RAY DIFFRACTION
7U7F	1.65	X-RAY DIFFRACTION
7U7G	1.77	X-RAY DIFFRACTION
7U7I	1.57	X-RAY DIFFRACTION
7U7J	1.58	X-RAY DIFFRACTION
7U7K	1.67	X-RAY DIFFRACTION
7U7L	1.47	X-RAY DIFFRACTION
7U7O	2.97	X-RAY DIFFRACTION
7U7R	1.64	X-RAY DIFFRACTION
7U7S	1.6	X-RAY DIFFRACTION
7U7T	1.55	X-RAY DIFFRACTION
7U7U	1.54	X-RAY DIFFRACTION
7U7V	1.65	X-RAY DIFFRACTION
7U7W	1.66	X-RAY DIFFRACTION
7U7X	1.65	X-RAY DIFFRACTION
7U7Y	1.78	X-RAY DIFFRACTION
7U7Z	1.67	X-RAY DIFFRACTION
7U80	1.83	X-RAY DIFFRACTION
7U81	1.6	X-RAY DIFFRACTION
7U82	1.55	X-RAY DIFFRACTION
7U83	1.55	X-RAY DIFFRACTION
7U84	1.71	X-RAY DIFFRACTION
7U87	1.701	X-RAY DIFFRACTION
7U88	2.14	X-RAY DIFFRACTION
7U89	1.65	X-RAY DIFFRACTION
7U8A	2.1	X-RAY DIFFRACTION
7U8B	1.73	X-RAY DIFFRACTION
7UB2	3.4	ELECTRON MICROSCOPY
7UBL	2.177	X-RAY DIFFRACTION
7UBM	3.13	ELECTRON MICROSCOPY
7UBN	3.36	ELECTRON MICROSCOPY
7UBU	2.39	X-RAY DIFFRACTION
7UCJ	3.1	ELECTRON MICROSCOPY
7UCK	2.8	ELECTRON MICROSCOPY
7UCR	\N	X-RAY DIFFRACTION
7UD5	4.25	ELECTRON MICROSCOPY
7UFI	3.4	ELECTRON MICROSCOPY
7UFM	3.9	ELECTRON MICROSCOPY
7UFX	2.8	X-RAY DIFFRACTION
7UG6	2.9	ELECTRON MICROSCOPY
7UG7	2.58	ELECTRON MICROSCOPY
7UGA	\N	SOLUTION NMR
7UGW	3.0	X-RAY DIFFRACTION
7UID	2.0	X-RAY DIFFRACTION
7UIK	7.7	ELECTRON MICROSCOPY
7UIM	3.1	ELECTRON MICROSCOPY
7UIN	2.8	ELECTRON MICROSCOPY
7UIO	3.3	ELECTRON MICROSCOPY
7UJ1	3.5	X-RAY DIFFRACTION
7UJL	3.3	ELECTRON MICROSCOPY
7UJZ	3.94	X-RAY DIFFRACTION
7UK0	4.36	X-RAY DIFFRACTION
7UL8	4.22	X-RAY DIFFRACTION
7UM0	3.8	ELECTRON MICROSCOPY
7UMC	\N	SOLUTION NMR
7UMD	\N	SOLUTION NMR
7UME	\N	SOLUTION NMR
7UMK	4.1	ELECTRON MICROSCOPY
7UML	3.5	ELECTRON MICROSCOPY
7UN7	2.04	X-RAY DIFFRACTION
7UNC	3.0	ELECTRON MICROSCOPY
7UND	3.0	ELECTRON MICROSCOPY
7UNR	2.9	ELECTRON MICROSCOPY
7UNU	2.9	ELECTRON MICROSCOPY
7UNV	2.7	ELECTRON MICROSCOPY
7UNW	2.6	ELECTRON MICROSCOPY
7UO0	3.4	ELECTRON MICROSCOPY
7UO1	3.2	ELECTRON MICROSCOPY
7UO2	3.1	ELECTRON MICROSCOPY
7UO4	3.38	ELECTRON MICROSCOPY
7UO5	3.1	ELECTRON MICROSCOPY
7UO7	3.09	ELECTRON MICROSCOPY
7UO9	3.13	ELECTRON MICROSCOPY
7UOB	2.68	ELECTRON MICROSCOPY
7UOE	2.67	ELECTRON MICROSCOPY
7UOG	2.63	X-RAY DIFFRACTION
7UOO	2.34	ELECTRON MICROSCOPY
7UPH	4.18	ELECTRON MICROSCOPY
7UPZ	2.487	X-RAY DIFFRACTION
7UQ6	2.951	X-RAY DIFFRACTION
7UQB	2.43	ELECTRON MICROSCOPY
7UQZ	2.44	ELECTRON MICROSCOPY
7UR0	3.3	X-RAY DIFFRACTION
7UR5	2.6	ELECTRON MICROSCOPY
7URI	2.6	ELECTRON MICROSCOPY
7URK	3.12	X-RAY DIFFRACTION
7URM	3.0	ELECTRON MICROSCOPY
7USF	3.5	ELECTRON MICROSCOPY
7UT1	3.8	ELECTRON MICROSCOPY
7UTN	2.74	ELECTRON MICROSCOPY
7UTT	2.04	X-RAY DIFFRACTION
7UU3	3.099	X-RAY DIFFRACTION
7UU4	2.1	X-RAY DIFFRACTION
7UU5	2.9	X-RAY DIFFRACTION
7UUX	2.26	X-RAY DIFFRACTION
7UV6	2.72	X-RAY DIFFRACTION
7UV7	3.02	X-RAY DIFFRACTION
7UV9	3.2	ELECTRON MICROSCOPY
7UVT	3.9	ELECTRON MICROSCOPY
7UVV	2.5	ELECTRON MICROSCOPY
7UVW	2.37	ELECTRON MICROSCOPY
7UVX	2.35	ELECTRON MICROSCOPY
7UVY	2.39	ELECTRON MICROSCOPY
7UVZ	2.21	ELECTRON MICROSCOPY
7UW1	2.21	ELECTRON MICROSCOPY
7UWE	2.9	ELECTRON MICROSCOPY
7UWH	3.1	ELECTRON MICROSCOPY
7UWS	3.47	ELECTRON MICROSCOPY
7UX9	3.2	ELECTRON MICROSCOPY
7UXA	3.28	ELECTRON MICROSCOPY
7UXD	1.5	X-RAY DIFFRACTION
7UXW	2.57	X-RAY DIFFRACTION
7UXY	3.15	X-RAY DIFFRACTION
7UY5	3.5	ELECTRON MICROSCOPY
7UY6	2.9	ELECTRON MICROSCOPY
7UY7	4.2	ELECTRON MICROSCOPY
7UYN	1.65	X-RAY DIFFRACTION
7UYO	1.65	X-RAY DIFFRACTION
7UYP	1.5	X-RAY DIFFRACTION
7UYQ	2.57	X-RAY DIFFRACTION
7UYZ	2.49	X-RAY DIFFRACTION
7UZ0	3.03	X-RAY DIFFRACTION
7UZR	2.7	X-RAY DIFFRACTION
7UZW	3.55	ELECTRON MICROSCOPY
7UZX	3.49	ELECTRON MICROSCOPY
7UZY	4.05	ELECTRON MICROSCOPY
7UZZ	4.45	ELECTRON MICROSCOPY
7V00	3.87	ELECTRON MICROSCOPY
7V01	3.67	ELECTRON MICROSCOPY
7V02	4.97	ELECTRON MICROSCOPY
7V06	\N	SOLUTION NMR
7V08	2.36	ELECTRON MICROSCOPY
7V0C	2.57	X-RAY DIFFRACTION
7V0R	2.51	X-RAY DIFFRACTION
7V0W	2.66	X-RAY DIFFRACTION
7V2L	3.3	ELECTRON MICROSCOPY
7V2M	3.4	ELECTRON MICROSCOPY
7V2N	3.6	ELECTRON MICROSCOPY
7V2O	3.5	ELECTRON MICROSCOPY
7V2P	3.3	ELECTRON MICROSCOPY
7V2Q	3.24	ELECTRON MICROSCOPY
7V2Z	2.10101667251	X-RAY DIFFRACTION
7V3T	\N	SOLUTION NMR
7V4G	2.1	X-RAY DIFFRACTION
7V59	5.26	ELECTRON MICROSCOPY
7V5N	1.7	X-RAY DIFFRACTION
7V6C	3.3	ELECTRON MICROSCOPY
7V6V	\N	SOLID-STATE NMR
7V6W	2.55	X-RAY DIFFRACTION
7V90	3.5	ELECTRON MICROSCOPY
7V93	3.0	ELECTRON MICROSCOPY
7V94	2.7	ELECTRON MICROSCOPY
7V96	3.92	ELECTRON MICROSCOPY
7V99	3.54	ELECTRON MICROSCOPY
7V9A	3.94	ELECTRON MICROSCOPY
7V9C	4.5	ELECTRON MICROSCOPY
7V9E	2.3	X-RAY DIFFRACTION
7V9F	2.5	X-RAY DIFFRACTION
7V9G	3.5	X-RAY DIFFRACTION
7V9I	3.5	X-RAY DIFFRACTION
7V9J	8.0	ELECTRON MICROSCOPY
7V9K	8.1	ELECTRON MICROSCOPY
7V9S	11.0	ELECTRON MICROSCOPY
7V9U	3.12	ELECTRON MICROSCOPY
7V9X	2.82	ELECTRON MICROSCOPY
7VA3	1.8	X-RAY DIFFRACTION
7VA4	14.0	ELECTRON MICROSCOPY
7VA6	2.1	X-RAY DIFFRACTION
7VBA	2.89	ELECTRON MICROSCOPY
7VBB	2.81	ELECTRON MICROSCOPY
7VBC	3.01	ELECTRON MICROSCOPY
7VBM	3.4	ELECTRON MICROSCOPY
7VCK	\N	SOLUTION NMR
7VDT	2.8	ELECTRON MICROSCOPY
7VDV	3.4	ELECTRON MICROSCOPY
7VE5	2.0	X-RAY DIFFRACTION
7VF1	\N	SOLUTION NMR
7VFT	1.45	X-RAY DIFFRACTION
7VG2	3.1	ELECTRON MICROSCOPY
7VG3	3.73	ELECTRON MICROSCOPY
7VG8	2.04	X-RAY DIFFRACTION
7VJM	3.0	X-RAY DIFFRACTION
7VJQ	2.79	X-RAY DIFFRACTION
7VKI	1.65	X-RAY DIFFRACTION
7VKL	1.95	X-RAY DIFFRACTION
7VM9	\N	SOLUTION NMR
7VN2	2.42	X-RAY DIFFRACTION
7VN3	1.94	X-RAY DIFFRACTION
7VN4	2.1	X-RAY DIFFRACTION
7VN5	1.95	X-RAY DIFFRACTION
7VN6	2.79	X-RAY DIFFRACTION
7VN7	2.11	X-RAY DIFFRACTION
7VN8	2.04	X-RAY DIFFRACTION
7VNV	1.9	X-RAY DIFFRACTION
7VNW	2.61	X-RAY DIFFRACTION
7VO0	3.4	ELECTRON MICROSCOPY
7VO9	3.8	ELECTRON MICROSCOPY
7VOU	3.1	X-RAY DIFFRACTION
7VOV	3.15	X-RAY DIFFRACTION
7VOX	2.1	X-RAY DIFFRACTION
7VP1	2.902	X-RAY DIFFRACTION
7VP2	1.92	X-RAY DIFFRACTION
7VP3	3.003	X-RAY DIFFRACTION
7VP4	3.04	X-RAY DIFFRACTION
7VP5	2.992	X-RAY DIFFRACTION
7VP7	2.653	X-RAY DIFFRACTION
7VPD	3.77	ELECTRON MICROSCOPY
7VPX	3.0	ELECTRON MICROSCOPY
7VPZ	4.14	ELECTRON MICROSCOPY
7VRL	\N	SOLUTION NMR
7VRU	2.4	X-RAY DIFFRACTION
7VS4	2.55	X-RAY DIFFRACTION
7VSJ	2.38	X-RAY DIFFRACTION
7VTI	1.89	X-RAY DIFFRACTION
7VTN	3.38	ELECTRON MICROSCOPY
7VUP	3.4	X-RAY DIFFRACTION
7VUQ	3.1	X-RAY DIFFRACTION
7VVU	3.4	ELECTRON MICROSCOPY
7VVZ	8.8	ELECTRON MICROSCOPY
7VW3	3.8	ELECTRON MICROSCOPY
7VWY	4.57	ELECTRON MICROSCOPY
7VWZ	4.0	ELECTRON MICROSCOPY
7VYX	3.2	X-RAY DIFFRACTION
7VZ4	1.89	ELECTRON MICROSCOPY
7W0A	3.12	ELECTRON MICROSCOPY
7W0C	3.93	ELECTRON MICROSCOPY
7W0D	4.18	ELECTRON MICROSCOPY
7W0E	4.03	ELECTRON MICROSCOPY
7W0F	4.55	ELECTRON MICROSCOPY
7W0V	\N	SOLUTION NMR
7W0X	\N	SOLUTION NMR
7W1M	6.5	ELECTRON MICROSCOPY
7W1Y	2.59	ELECTRON MICROSCOPY
7W27	1.49	X-RAY DIFFRACTION
7W59	3.6	ELECTRON MICROSCOPY
7W5A	3.6	ELECTRON MICROSCOPY
7W5B	4.3	ELECTRON MICROSCOPY
7W5P	2.3	X-RAY DIFFRACTION
7W5W	4.55	ELECTRON MICROSCOPY
7W5X	3.4	ELECTRON MICROSCOPY
7W5Y	4.2	ELECTRON MICROSCOPY
7W7L	3.0	X-RAY DIFFRACTION
7W9N	\N	SOLUTION NMR
7W9S	2.53	X-RAY DIFFRACTION
7W9V	3.95	ELECTRON MICROSCOPY
7WAH	2.45	ELECTRON MICROSCOPY
7WAY	2.9	ELECTRON MICROSCOPY
7WAZ	3.4	ELECTRON MICROSCOPY
7WB0	3.2	ELECTRON MICROSCOPY
7WB1	3.7	ELECTRON MICROSCOPY
7WB3	2.401	X-RAY DIFFRACTION
7WBV	4.1	ELECTRON MICROSCOPY
7WBW	7.1	ELECTRON MICROSCOPY
7WBX	4.0	ELECTRON MICROSCOPY
7WE6	3.2	ELECTRON MICROSCOPY
7WGW	\N	SOLUTION NMR
7WI9	2.98	X-RAY DIFFRACTION
7WIA	3.22	X-RAY DIFFRACTION
7WIB	2.83	X-RAY DIFFRACTION
7WIE	2.9	X-RAY DIFFRACTION
7WIF	2.86	X-RAY DIFFRACTION
7WII	2.75	X-RAY DIFFRACTION
7WJU	2.69	ELECTRON MICROSCOPY
7WKP	2.0	X-RAY DIFFRACTION
7WKV	2.1	X-RAY DIFFRACTION
7WL0	2.5	X-RAY DIFFRACTION
7WLR	3.54	ELECTRON MICROSCOPY
7WM3	1.62	X-RAY DIFFRACTION
7WM4	3.2	ELECTRON MICROSCOPY
7WNH	3.1	X-RAY DIFFRACTION
7WNR	\N	SOLUTION NMR
7WNU	3.2	X-RAY DIFFRACTION
7WQ5	2.35	X-RAY DIFFRACTION
7WTL	3.3	ELECTRON MICROSCOPY
7WTM	3.5	ELECTRON MICROSCOPY
7WTN	3.4	ELECTRON MICROSCOPY
7WTO	3.5	ELECTRON MICROSCOPY
7WTP	3.8	ELECTRON MICROSCOPY
7WTQ	3.7	ELECTRON MICROSCOPY
7WTR	3.5	ELECTRON MICROSCOPY
7WTS	3.2	ELECTRON MICROSCOPY
7WTT	3.1	ELECTRON MICROSCOPY
7WTU	3.0	ELECTRON MICROSCOPY
7WTV	3.5	ELECTRON MICROSCOPY
7WTW	3.2	ELECTRON MICROSCOPY
7WTX	3.1	ELECTRON MICROSCOPY
7WTZ	3.0	ELECTRON MICROSCOPY
7WU0	3.3	ELECTRON MICROSCOPY
7WV3	2.26	ELECTRON MICROSCOPY
7WV4	3.35	ELECTRON MICROSCOPY
7WV5	3.1	ELECTRON MICROSCOPY
7WVE	3.11	ELECTRON MICROSCOPY
7WVF	3.91	ELECTRON MICROSCOPY
7WVJ	3.26	ELECTRON MICROSCOPY
7WWU	3.5	ELECTRON MICROSCOPY
7WWV	3.2	ELECTRON MICROSCOPY
7X1N	3.315	X-RAY DIFFRACTION
7X2Z	\N	SOLUTION NMR
7X34	3.1	ELECTRON MICROSCOPY
7X3A	\N	SOLUTION NMR
7X3T	5.4	ELECTRON MICROSCOPY
7X3V	3.09	ELECTRON MICROSCOPY
7X3W	3.1	ELECTRON MICROSCOPY
7X3X	3.2	ELECTRON MICROSCOPY
7X57	3.63	ELECTRON MICROSCOPY
7X58	3.93	ELECTRON MICROSCOPY
7X5A	3.01	ELECTRON MICROSCOPY
7X5E	2.3	X-RAY DIFFRACTION
7X5F	2.6	X-RAY DIFFRACTION
7X5G	2.3	X-RAY DIFFRACTION
7X5K	3.8	ELECTRON MICROSCOPY
7X5L	3.51	ELECTRON MICROSCOPY
7X5M	3.42	ELECTRON MICROSCOPY
7X6R	1.89	X-RAY DIFFRACTION
7X74	3.7	ELECTRON MICROSCOPY
7X75	3.45	ELECTRON MICROSCOPY
7X76	3.67	ELECTRON MICROSCOPY
7X7A	3.2	ELECTRON MICROSCOPY
7X7G	2.19	X-RAY DIFFRACTION
7X7P	7.02	ELECTRON MICROSCOPY
7X7Q	7.02	ELECTRON MICROSCOPY
7X7R	3.5	ELECTRON MICROSCOPY
7X8A	2.8	ELECTRON MICROSCOPY
7X8M	\N	SOLUTION NMR
7X8N	\N	SOLUTION NMR
7X8O	\N	SOLUTION NMR
7X97	1.95	X-RAY DIFFRACTION
7X9F	2.96	X-RAY DIFFRACTION
7XAM	3.5	ELECTRON MICROSCOPY
7XAQ	3.59	ELECTRON MICROSCOPY
7XC7	3.1	ELECTRON MICROSCOPY
7XCR	2.57	ELECTRON MICROSCOPY
7XCT	2.72	ELECTRON MICROSCOPY
7XD0	3.48	ELECTRON MICROSCOPY
7XD1	3.2	ELECTRON MICROSCOPY
7XD3	4.05	ELECTRON MICROSCOPY
7XD4	3.89	ELECTRON MICROSCOPY
7XD5	2.84	ELECTRON MICROSCOPY
7XD6	2.84	ELECTRON MICROSCOPY
7XD7	3.02	ELECTRON MICROSCOPY
7XD8	2.85	X-RAY DIFFRACTION
7XD9	2.58	X-RAY DIFFRACTION
7XDH	1.83	X-RAY DIFFRACTION
7XDJ	2.435	X-RAY DIFFRACTION
7XF1	3.2	X-RAY DIFFRACTION
7XFC	2.9	ELECTRON MICROSCOPY
7XFH	2.9	ELECTRON MICROSCOPY
7XFI	2.9	ELECTRON MICROSCOPY
7XFJ	3.0	ELECTRON MICROSCOPY
7XFL	2.8	ELECTRON MICROSCOPY
7XFM	3.1	ELECTRON MICROSCOPY
7XFN	2.8	ELECTRON MICROSCOPY
7XFV	\N	SOLUTION NMR
7XFZ	3.0	ELECTRON MICROSCOPY
7XG0	2.6	ELECTRON MICROSCOPY
7XG1	3.3	ELECTRON MICROSCOPY
7XG2	2.8	ELECTRON MICROSCOPY
7XG3	3.0	ELECTRON MICROSCOPY
7XG4	3.7	ELECTRON MICROSCOPY
7XH3	\N	SOLUTION NMR
7XH9	1.63	X-RAY DIFFRACTION
7XHD	1.66	X-RAY DIFFRACTION
7XHN	3.71	ELECTRON MICROSCOPY
7XHT	2.55	ELECTRON MICROSCOPY
7XHV	3.996	X-RAY DIFFRACTION
7XI3	4.274	X-RAY DIFFRACTION
7XI4	4.707	X-RAY DIFFRACTION
7XI9	2.52	ELECTRON MICROSCOPY
7XIB	2.23	ELECTRON MICROSCOPY
7XIE	1.97	X-RAY DIFFRACTION
7XJG	2.51	ELECTRON MICROSCOPY
7XJZ	3.9	ELECTRON MICROSCOPY
7XK0	3.59	ELECTRON MICROSCOPY
7XK1	4.3	ELECTRON MICROSCOPY
7XKM	2.79	X-RAY DIFFRACTION
7XLT	4.4	ELECTRON MICROSCOPY
7XLV	1.1	X-RAY DIFFRACTION
7XLW	1.89	X-RAY DIFFRACTION
7XM0	2.6	X-RAY DIFFRACTION
7XN7	3.1	ELECTRON MICROSCOPY
7XNP	2.9	ELECTRON MICROSCOPY
7XNX	2.7	ELECTRON MICROSCOPY
7XNY	2.5	ELECTRON MICROSCOPY
7XP3	3.25	X-RAY DIFFRACTION
7XPG	3.51	ELECTRON MICROSCOPY
7XPL	2.213	X-RAY DIFFRACTION
7XPX	3.2	ELECTRON MICROSCOPY
7XQ5	2.25	X-RAY DIFFRACTION
7XRC	1.89	X-RAY DIFFRACTION
7XS4	1.846	X-RAY DIFFRACTION
7XSE	3.6	ELECTRON MICROSCOPY
7XSK	3.53	ELECTRON MICROSCOPY
7XSL	3.84	ELECTRON MICROSCOPY
7XSM	4.01	ELECTRON MICROSCOPY
7XSN	3.01	ELECTRON MICROSCOPY
7XSO	3.01	ELECTRON MICROSCOPY
7XSP	2.89	ELECTRON MICROSCOPY
7XSQ	2.88	ELECTRON MICROSCOPY
7XSR	2.97	ELECTRON MICROSCOPY
7XSS	3.2	ELECTRON MICROSCOPY
7XSX	3.8	ELECTRON MICROSCOPY
7XSZ	3.4	ELECTRON MICROSCOPY
7XT4	3.08	ELECTRON MICROSCOPY
7XT7	4.2	ELECTRON MICROSCOPY
7XTD	3.9	ELECTRON MICROSCOPY
7XTI	3.9	ELECTRON MICROSCOPY
7XUE	3.17	ELECTRON MICROSCOPY
7XUG	3.57	ELECTRON MICROSCOPY
7XUI	3.61	ELECTRON MICROSCOPY
7XUR	3.49	ELECTRON MICROSCOPY
7XUZ	3.591	X-RAY DIFFRACTION
7XV6	2.3	X-RAY DIFFRACTION
7XV8	3.199	X-RAY DIFFRACTION
7XVL	3.506	X-RAY DIFFRACTION
7XVM	2.84	X-RAY DIFFRACTION
7XVN	2.302	X-RAY DIFFRACTION
7XW2	3.04	ELECTRON MICROSCOPY
7XWZ	2.25	X-RAY DIFFRACTION
7XX5	3.19	X-RAY DIFFRACTION
7XX6	3.39	X-RAY DIFFRACTION
7XYA	3.3	ELECTRON MICROSCOPY
7XYB	3.7	ELECTRON MICROSCOPY
7XYF	3.8	ELECTRON MICROSCOPY
7XYG	4.2	ELECTRON MICROSCOPY
7XZX	4.53	ELECTRON MICROSCOPY
7XZY	3.97	ELECTRON MICROSCOPY
7XZZ	4.07	ELECTRON MICROSCOPY
7Y00	3.96	ELECTRON MICROSCOPY
7Y01	2.8	X-RAY DIFFRACTION
7Y2B	1.88	X-RAY DIFFRACTION
7Y2P	1.58	X-RAY DIFFRACTION
7Y38	2.8	ELECTRON MICROSCOPY
7Y3I	2.45	X-RAY DIFFRACTION
7Y3K	2.501	X-RAY DIFFRACTION
7Y3L	2.5	X-RAY DIFFRACTION
7Y3M	2.723	X-RAY DIFFRACTION
7Y41	4.1	ELECTRON MICROSCOPY
7Y43	1.5	X-RAY DIFFRACTION
7Y5W	3.5	ELECTRON MICROSCOPY
7Y60	3.8	ELECTRON MICROSCOPY
7Y61	5.6	ELECTRON MICROSCOPY
7Y7C	2.51	ELECTRON MICROSCOPY
7Y7D	2.58	ELECTRON MICROSCOPY
7Y7E	2.41	ELECTRON MICROSCOPY
7Y7F	2.43	ELECTRON MICROSCOPY
7Y7G	2.34	ELECTRON MICROSCOPY
7Y7H	2.51	ELECTRON MICROSCOPY
7Y7I	3.42	ELECTRON MICROSCOPY
7Y7P	2.7	X-RAY DIFFRACTION
7Y7Q	2.05	X-RAY DIFFRACTION
7Y7R	2.1	X-RAY DIFFRACTION
7Y7S	2.7	X-RAY DIFFRACTION
7Y7T	2.5	X-RAY DIFFRACTION
7Y80	2.71	ELECTRON MICROSCOPY
7Y81	2.54	ELECTRON MICROSCOPY
7Y82	2.83	ELECTRON MICROSCOPY
7Y83	2.93	ELECTRON MICROSCOPY
7Y84	2.61	ELECTRON MICROSCOPY
7Y85	2.73	ELECTRON MICROSCOPY
7Y8P	1.5	X-RAY DIFFRACTION
7Y8R	4.4	ELECTRON MICROSCOPY
7Y8T	2.9	ELECTRON MICROSCOPY
7Y8Y	3.0	ELECTRON MICROSCOPY
7Y9X	2.49	ELECTRON MICROSCOPY
7Y9Y	2.77	ELECTRON MICROSCOPY
7YC7	1.95	X-RAY DIFFRACTION
7YC8	4.14	ELECTRON MICROSCOPY
7YCG	3.18	ELECTRON MICROSCOPY
7YCH	3.09	ELECTRON MICROSCOPY
7YCI	2.98	ELECTRON MICROSCOPY
7YCM	2.0	X-RAY DIFFRACTION
7YCP	2.08	X-RAY DIFFRACTION
7YCR	2.15	X-RAY DIFFRACTION
7YCX	4.18	ELECTRON MICROSCOPY
7YD6	2.15	X-RAY DIFFRACTION
7YD7	2.25	X-RAY DIFFRACTION
7YD8	2.15	X-RAY DIFFRACTION
7YDW	2.47	X-RAY DIFFRACTION
7YDZ	2.23	X-RAY DIFFRACTION
7YE0	2.75	X-RAY DIFFRACTION
7YE1	3.7	ELECTRON MICROSCOPY
7YE2	3.8	ELECTRON MICROSCOPY
7YEB	2.2	X-RAY DIFFRACTION
7YEC	2.2	X-RAY DIFFRACTION
7YED	3.0	ELECTRON MICROSCOPY
7YEE	2.15	X-RAY DIFFRACTION
7YEI	2.7	X-RAY DIFFRACTION
7YEJ	2.55	X-RAY DIFFRACTION
7YEK	2.4	X-RAY DIFFRACTION
7YEL	2.5	X-RAY DIFFRACTION
7YEM	2.6	X-RAY DIFFRACTION
7YEW	2.5	X-RAY DIFFRACTION
7YEX	2.0	X-RAY DIFFRACTION
7YEY	1.85	X-RAY DIFFRACTION
7YF7	\N	SOLUTION NMR
7YFE	3.4	ELECTRON MICROSCOPY
7YFQ	3.2	ELECTRON MICROSCOPY
7YFX	3.4	ELECTRON MICROSCOPY
7YFY	3.4	ELECTRON MICROSCOPY
7YG6	3.2	ELECTRON MICROSCOPY
7YG7	3.7	ELECTRON MICROSCOPY
7YG8	2.97	ELECTRON MICROSCOPY
7YG9	2.68	ELECTRON MICROSCOPY
7YGA	2.35	ELECTRON MICROSCOPY
7YGB	2.62	ELECTRON MICROSCOPY
7YGC	2.65	ELECTRON MICROSCOPY
7YGD	3.41	ELECTRON MICROSCOPY
7YGH	3.11	X-RAY DIFFRACTION
7YGL	2.5	X-RAY DIFFRACTION
7YGN	3.0	ELECTRON MICROSCOPY
7YGO	2.403	X-RAY DIFFRACTION
7YGP	1.997	X-RAY DIFFRACTION
7YHO	3.3	ELECTRON MICROSCOPY
7YHP	3.1	ELECTRON MICROSCOPY
7YHQ	3.9	ELECTRON MICROSCOPY
7YHS	3.37	ELECTRON MICROSCOPY
7YI1	2.8	ELECTRON MICROSCOPY
7YI2	3.4	ELECTRON MICROSCOPY
7YI4	3.96	ELECTRON MICROSCOPY
7YI5	3.96	ELECTRON MICROSCOPY
7YLA	2.52	ELECTRON MICROSCOPY
7YN9	3.53	ELECTRON MICROSCOPY
7YNA	3.64	ELECTRON MICROSCOPY
7YNB	3.46	ELECTRON MICROSCOPY
7YNC	3.14	ELECTRON MICROSCOPY
7YND	3.29	ELECTRON MICROSCOPY
7YOJ	3.36	ELECTRON MICROSCOPY
7YOZ	4.3	ELECTRON MICROSCOPY
7YP9	3.58	ELECTRON MICROSCOPY
7YPA	3.05	ELECTRON MICROSCOPY
7YPB	3.48	ELECTRON MICROSCOPY
7YPO	3.5	ELECTRON MICROSCOPY
7YPQ	3.1	ELECTRON MICROSCOPY
7YPW	3.0356	ELECTRON MICROSCOPY
7YQ3	3.6	ELECTRON MICROSCOPY
7YQ4	3.95	ELECTRON MICROSCOPY
7YQ5	4.27	ELECTRON MICROSCOPY
7YQ6	4.18	ELECTRON MICROSCOPY
7YQ8	3.9	ELECTRON MICROSCOPY
7YQK	3.38	ELECTRON MICROSCOPY
7YR6	4.8	ELECTRON MICROSCOPY
7YR7	3.8	ELECTRON MICROSCOPY
7YR8	3.2	ELECTRON MICROSCOPY
7YRD	3.2	ELECTRON MICROSCOPY
7YRG	4.2	ELECTRON MICROSCOPY
7YS5	\N	SOLUTION NMR
7YS7	\N	SOLUTION NMR
7YSE	2.907	X-RAY DIFFRACTION
7YSF	2.4	X-RAY DIFFRACTION
7YUK	2.11	X-RAY DIFFRACTION
7YUL	1.82	X-RAY DIFFRACTION
7YUN	2.13	X-RAY DIFFRACTION
7YVW	\N	SOLUTION NMR
7YVX	2.99	X-RAY DIFFRACTION
7YWA	3.26	ELECTRON MICROSCOPY
7YWH	8.0	ELECTRON MICROSCOPY
7YWI	8.0	ELECTRON MICROSCOPY
7YWL	8.0	ELECTRON MICROSCOPY
7YWN	8.0	ELECTRON MICROSCOPY
7YWO	8.0	ELECTRON MICROSCOPY
7YWX	12.0	ELECTRON MICROSCOPY
7YYH	8.9	ELECTRON MICROSCOPY
7YYM	4.19	ELECTRON MICROSCOPY
7YYN	6.21	ELECTRON MICROSCOPY
7YZ7	0.98	X-RAY DIFFRACTION
7YZA	1.18	X-RAY DIFFRACTION
7YZB	1.47	X-RAY DIFFRACTION
7YZC	2.17	X-RAY DIFFRACTION
7YZD	2.13	X-RAY DIFFRACTION
7YZE	1.99	X-RAY DIFFRACTION
7YZF	2.18	X-RAY DIFFRACTION
7YZG	2.82	X-RAY DIFFRACTION
7YZO	3.4	ELECTRON MICROSCOPY
7YZP	4.0	ELECTRON MICROSCOPY
7Z03	3.7	ELECTRON MICROSCOPY
7Z0O	2.8	ELECTRON MICROSCOPY
7Z0U	2.85	X-RAY DIFFRACTION
7Z13	3.4	ELECTRON MICROSCOPY
7Z1L	2.8	ELECTRON MICROSCOPY
7Z1M	3.4	ELECTRON MICROSCOPY
7Z1N	3.9	ELECTRON MICROSCOPY
7Z1O	2.7	ELECTRON MICROSCOPY
7Z1Z	3.5	ELECTRON MICROSCOPY
7Z20	2.29	ELECTRON MICROSCOPY
7Z24	3.32	ELECTRON MICROSCOPY
7Z26	1.9	X-RAY DIFFRACTION
7Z29	3.38	ELECTRON MICROSCOPY
7Z2D	3.38	ELECTRON MICROSCOPY
7Z2E	3.45	ELECTRON MICROSCOPY
7Z2G	3.65	ELECTRON MICROSCOPY
7Z2H	3.58	ELECTRON MICROSCOPY
7Z2Z	3.07	ELECTRON MICROSCOPY
7Z34	3.8	ELECTRON MICROSCOPY
7Z3N	3.2	ELECTRON MICROSCOPY
7Z3O	3.3	ELECTRON MICROSCOPY
7Z3X	1.65	X-RAY DIFFRACTION
7Z42	2.418	X-RAY DIFFRACTION
7Z43	3.123	X-RAY DIFFRACTION
7Z4C	3.87	ELECTRON MICROSCOPY
7Z4D	3.1	X-RAY DIFFRACTION
7Z4E	4.14	ELECTRON MICROSCOPY
7Z4G	3.64	ELECTRON MICROSCOPY
7Z4H	3.49	ELECTRON MICROSCOPY
7Z4I	3.12	ELECTRON MICROSCOPY
7Z4J	2.99	ELECTRON MICROSCOPY
7Z4K	3.81	ELECTRON MICROSCOPY
7Z4L	2.54	ELECTRON MICROSCOPY
7Z4O	3.412	X-RAY DIFFRACTION
7Z52	3.4	ELECTRON MICROSCOPY
7Z55	1.664	X-RAY DIFFRACTION
7Z5A	2.28	X-RAY DIFFRACTION
7Z5I	3.0	X-RAY DIFFRACTION
7Z5K	2.28	X-RAY DIFFRACTION
7Z5Y	1.71	X-RAY DIFFRACTION
7Z5Z	1.49	X-RAY DIFFRACTION
7Z6A	1.66	X-RAY DIFFRACTION
7Z6H	3.59	ELECTRON MICROSCOPY
7Z6K	1.6	X-RAY DIFFRACTION
7Z6O	3.7	X-RAY DIFFRACTION
7Z7K	2.7	X-RAY DIFFRACTION
7Z7L	2.5	X-RAY DIFFRACTION
7Z7M	2.6	X-RAY DIFFRACTION
7Z7N	5.1	ELECTRON MICROSCOPY
7Z7U	2.75	X-RAY DIFFRACTION
7Z7W	2.75	X-RAY DIFFRACTION
7Z7Y	2.7	X-RAY DIFFRACTION
7Z7Z	2.9	X-RAY DIFFRACTION
7Z81	2.75	X-RAY DIFFRACTION
7Z82	3.2	X-RAY DIFFRACTION
7Z87	2.91	ELECTRON MICROSCOPY
7Z88	3.33	ELECTRON MICROSCOPY
7Z8S	3.9	ELECTRON MICROSCOPY
7Z9C	3.06	ELECTRON MICROSCOPY
7Z9G	3.25	ELECTRON MICROSCOPY
7Z9K	3.25	ELECTRON MICROSCOPY
7Z9L	\N	SOLUTION NMR
7Z9M	3.3	ELECTRON MICROSCOPY
7Z9P	2.2	X-RAY DIFFRACTION
7ZAG	2.77	ELECTRON MICROSCOPY
7ZAH	2.7	ELECTRON MICROSCOPY
7ZAI	2.6	ELECTRON MICROSCOPY
7ZAP	\N	SOLUTION NMR
7ZB5	2.8	ELECTRON MICROSCOPY
7ZEK	\N	SOLUTION NMR
7ZEM	\N	SOLUTION NMR
7ZEO	\N	SOLUTION NMR
7ZES	3.1	ELECTRON MICROSCOPY
7ZEW	\N	SOLUTION NMR
7ZEX	\N	SOLUTION NMR
7ZF1	4.14	ELECTRON MICROSCOPY
7ZFW	3.8	ELECTRON MICROSCOPY
7ZG5	2.0	X-RAY DIFFRACTION
7ZGP	2.7	ELECTRON MICROSCOPY
7ZGR	2.6	ELECTRON MICROSCOPY
7ZGV	1.48	X-RAY DIFFRACTION
7ZHG	2.25	ELECTRON MICROSCOPY
7ZHH	1.6	X-RAY DIFFRACTION
7ZI4	3.2	ELECTRON MICROSCOPY
7ZIE	2.9	X-RAY DIFFRACTION
7ZJ4	4.43	ELECTRON MICROSCOPY
7ZJ5	4.55	ELECTRON MICROSCOPY
7ZJW	2.8	ELECTRON MICROSCOPY
7ZJX	3.1	ELECTRON MICROSCOPY
7ZKE	3.6	ELECTRON MICROSCOPY
7ZKI	3.6	ELECTRON MICROSCOPY
7ZKL	3.18	X-RAY DIFFRACTION
7ZKM	2.0	X-RAY DIFFRACTION
7ZKN	3.03	X-RAY DIFFRACTION
7ZKO	2.5	X-RAY DIFFRACTION
7ZLA	3.99	ELECTRON MICROSCOPY
7ZLQ	2.8	X-RAY DIFFRACTION
7ZN5	3.7	ELECTRON MICROSCOPY
7ZNJ	2.4	ELECTRON MICROSCOPY
7ZNK	3.9	ELECTRON MICROSCOPY
7ZO1	2.4	X-RAY DIFFRACTION
7ZOD	2.56	ELECTRON MICROSCOPY
7ZOL	3.03	ELECTRON MICROSCOPY
7ZOQ	3.2	ELECTRON MICROSCOPY
7ZP8	2.2	ELECTRON MICROSCOPY
7ZPA	3.9	ELECTRON MICROSCOPY
7ZPI	5.91	ELECTRON MICROSCOPY
7ZPJ	3.81	ELECTRON MICROSCOPY
7ZPK	3.81	ELECTRON MICROSCOPY
7ZPL	3.12	ELECTRON MICROSCOPY
7ZPP	4.5	ELECTRON MICROSCOPY
7ZPQ	3.47	ELECTRON MICROSCOPY
7ZQ5	2.7	ELECTRON MICROSCOPY
7ZQ6	2.75	ELECTRON MICROSCOPY
7ZQL	2.55	X-RAY DIFFRACTION
7ZQM	1.41	X-RAY DIFFRACTION
7ZQN	1.41	X-RAY DIFFRACTION
7ZQO	1.8	X-RAY DIFFRACTION
7ZQS	2.54	ELECTRON MICROSCOPY
7ZRS	4.8	ELECTRON MICROSCOPY
7ZRZ	3.09	ELECTRON MICROSCOPY
7ZS5	3.2	ELECTRON MICROSCOPY
7ZS9	3.1	ELECTRON MICROSCOPY
7ZSA	4.0	ELECTRON MICROSCOPY
7ZSB	6.6	ELECTRON MICROSCOPY
7ZTA	2.7	ELECTRON MICROSCOPY
7ZTH	4.0	ELECTRON MICROSCOPY
7ZUR	1.6	X-RAY DIFFRACTION
7ZUS	2.26	X-RAY DIFFRACTION
7ZUW	4.3	ELECTRON MICROSCOPY
7ZUX	2.5	ELECTRON MICROSCOPY
7ZVN	1.87	X-RAY DIFFRACTION
7ZVT	2.74	ELECTRON MICROSCOPY
7ZVX	2.4	X-RAY DIFFRACTION
7ZW0	2.4	ELECTRON MICROSCOPY
7ZWA	2.8	ELECTRON MICROSCOPY
7ZWC	3.2	ELECTRON MICROSCOPY
7ZWD	3.0	ELECTRON MICROSCOPY
7ZX0	2.99	X-RAY DIFFRACTION
7ZX1	2.829	X-RAY DIFFRACTION
7ZX7	3.4	ELECTRON MICROSCOPY
7ZX8	3.0	ELECTRON MICROSCOPY
7ZXE	3.5	ELECTRON MICROSCOPY
7ZYG	2.68	ELECTRON MICROSCOPY
7ZYX	\N	SOLUTION NMR
8A0W	2.334	X-RAY DIFFRACTION
8A0X	3.296	X-RAY DIFFRACTION
8A1C	2.1	X-RAY DIFFRACTION
8A22	2.91	ELECTRON MICROSCOPY
8A2Q	3.53	ELECTRON MICROSCOPY
8A3D	1.67	ELECTRON MICROSCOPY
8A3L	3.42	ELECTRON MICROSCOPY
8A3W	2.89	ELECTRON MICROSCOPY
8A3Y	3.3	ELECTRON MICROSCOPY
8A40	3.0	ELECTRON MICROSCOPY
8A4I	2.76	X-RAY DIFFRACTION
8A57	2.3	ELECTRON MICROSCOPY
8A5I	2.3	ELECTRON MICROSCOPY
8A5P	3.4	ELECTRON MICROSCOPY
8A5Q	3.3	ELECTRON MICROSCOPY
8A63	3.1	ELECTRON MICROSCOPY
8A71	0.69	X-RAY DIFFRACTION
8A8J	3.1	ELECTRON MICROSCOPY
8A93	3.05	ELECTRON MICROSCOPY
8A98	2.46	ELECTRON MICROSCOPY
8A9J	2.8	ELECTRON MICROSCOPY
8A9K	2.85	ELECTRON MICROSCOPY
8AA5	2.46	ELECTRON MICROSCOPY
8AAD	2.04	X-RAY DIFFRACTION
8AAF	2.5	ELECTRON MICROSCOPY
8AAG	10.0	ELECTRON MICROSCOPY
8AAN	2.19	X-RAY DIFFRACTION
8AAS	3.2	X-RAY DIFFRACTION
8AB0	6.09	ELECTRON MICROSCOPY
8ABD	\N	SOLUTION NMR
8ABN	\N	SOLUTION NMR
8ABY	3.7	ELECTRON MICROSCOPY
8ABZ	3.4	ELECTRON MICROSCOPY
8AC0	4.1	ELECTRON MICROSCOPY
8AC1	4.06	ELECTRON MICROSCOPY
8AC2	3.7	ELECTRON MICROSCOPY
8AC8	1.6	X-RAY DIFFRACTION
8ACB	2.6	ELECTRON MICROSCOPY
8ACC	2.9	ELECTRON MICROSCOPY
8ACP	4.5	ELECTRON MICROSCOPY
8AD1	4.1	ELECTRON MICROSCOPY
8AF0	2.43	X-RAY DIFFRACTION
8AG6	2.8	ELECTRON MICROSCOPY
8AGT	2.6	ELECTRON MICROSCOPY
8AGU	2.7	ELECTRON MICROSCOPY
8AGV	2.6	ELECTRON MICROSCOPY
8AGW	2.6	ELECTRON MICROSCOPY
8AGX	2.4	ELECTRON MICROSCOPY
8AGZ	2.6	ELECTRON MICROSCOPY
8AKN	2.3	ELECTRON MICROSCOPY
8AM9	2.8	ELECTRON MICROSCOPY
8AMD	3.9	ELECTRON MICROSCOPY
8AMF	3.8	ELECTRON MICROSCOPY
8AMG	2.26	X-RAY DIFFRACTION
8AMI	1.79	X-RAY DIFFRACTION
8AMJ	2.02	X-RAY DIFFRACTION
8AMK	2.85	X-RAY DIFFRACTION
8AML	2.75	X-RAY DIFFRACTION
8AMM	2.86	X-RAY DIFFRACTION
8AMN	2.46	X-RAY DIFFRACTION
8AMU	3.0	X-RAY DIFFRACTION
8ANA	2.1	ELECTRON MICROSCOPY
8ANE	3.2	ELECTRON MICROSCOPY
8ANY	2.85	ELECTRON MICROSCOPY
8AP1	3.47	ELECTRON MICROSCOPY
8AP4	3.0	ELECTRON MICROSCOPY
8APM	6.6	ELECTRON MICROSCOPY
8APN	3.1	ELECTRON MICROSCOPY
8APO	3.2	ELECTRON MICROSCOPY
8AS6	3.4	ELECTRON MICROSCOPY
8AS7	2.6	ELECTRON MICROSCOPY
8ASB	3.6	ELECTRON MICROSCOPY
8ASC	2.95	X-RAY DIFFRACTION
8ASD	2.6	ELECTRON MICROSCOPY
8ASG	3.2	ELECTRON MICROSCOPY
8ASH	1.837	X-RAY DIFFRACTION
8ASK	2.955	X-RAY DIFFRACTION
8ASM	1.7	X-RAY DIFFRACTION
8ASO	1.19	X-RAY DIFFRACTION
8ASW	3.96	ELECTRON MICROSCOPY
8ATF	3.45	ELECTRON MICROSCOPY
8ATT	3.44	ELECTRON MICROSCOPY
8ATV	3.39	ELECTRON MICROSCOPY
8ATW	3.62	ELECTRON MICROSCOPY
8AUV	2.38	ELECTRON MICROSCOPY
8AV6	4.68	ELECTRON MICROSCOPY
8AW3	3.6	ELECTRON MICROSCOPY
8AXA	2.96	ELECTRON MICROSCOPY
8AXB	2.87	ELECTRON MICROSCOPY
8AXF	2.54	X-RAY DIFFRACTION
8AYE	1.96	ELECTRON MICROSCOPY
8AYG	2.25	X-RAY DIFFRACTION
8AZW	2.14	ELECTRON MICROSCOPY
8B0A	3.0	ELECTRON MICROSCOPY
8B0I	4.28	ELECTRON MICROSCOPY
8B0J	3.99	ELECTRON MICROSCOPY
8B0R	2.2	X-RAY DIFFRACTION
8B0X	1.55	ELECTRON MICROSCOPY
8B1T	3.4	ELECTRON MICROSCOPY
8B1U	3.8	ELECTRON MICROSCOPY
8B2L	2.2	ELECTRON MICROSCOPY
8B3D	2.6	ELECTRON MICROSCOPY
8B3F	3.1	ELECTRON MICROSCOPY
8B4B	1.75	X-RAY DIFFRACTION
8B4C	2.07	X-RAY DIFFRACTION
8B4D	2.64	X-RAY DIFFRACTION
8B4E	3.25	X-RAY DIFFRACTION
8B4H	3.35	ELECTRON MICROSCOPY
8B5L	2.86	ELECTRON MICROSCOPY
8B67	2.6	X-RAY DIFFRACTION
8B6C	2.79	ELECTRON MICROSCOPY
8B6K	2.5	X-RAY DIFFRACTION
8B6Z	2.9	ELECTRON MICROSCOPY
8B76	2.6	X-RAY DIFFRACTION
8B77	2.7	X-RAY DIFFRACTION
8B79	2.65	X-RAY DIFFRACTION
8B7E	2.6	X-RAY DIFFRACTION
8B7Y	3.0	ELECTRON MICROSCOPY
8B9A	3.5	ELECTRON MICROSCOPY
8B9B	3.5	ELECTRON MICROSCOPY
8B9C	4.6	ELECTRON MICROSCOPY
8B9D	3.4	ELECTRON MICROSCOPY
8B9G	2.86	ELECTRON MICROSCOPY
8B9I	2.95	ELECTRON MICROSCOPY
8B9K	4.04	ELECTRON MICROSCOPY
8B9N	2.0	X-RAY DIFFRACTION
8BAE	1.2	X-RAY DIFFRACTION
8BAF	1.6	X-RAY DIFFRACTION
8BAG	1.13	X-RAY DIFFRACTION
8BAO	2.06	X-RAY DIFFRACTION
8BAR	1.63	X-RAY DIFFRACTION
8BAS	1.92	X-RAY DIFFRACTION
8BD4	3.44	ELECTRON MICROSCOPY
8BD5	3.3	ELECTRON MICROSCOPY
8BD6	4.1	ELECTRON MICROSCOPY
8BDR	2.7	ELECTRON MICROSCOPY
8BE0	2.34	ELECTRON MICROSCOPY
8BEK	2.86	ELECTRON MICROSCOPY
8BF5	2.96	ELECTRON MICROSCOPY
8BF7	2.33	ELECTRON MICROSCOPY
8BF8	2.8	ELECTRON MICROSCOPY
8BF9	2.69	ELECTRON MICROSCOPY
8BGE	2.11	ELECTRON MICROSCOPY
8BGH	2.88	ELECTRON MICROSCOPY
8BGU	4.1	ELECTRON MICROSCOPY
8BH3	4.55	ELECTRON MICROSCOPY
8BH4	2.62	ELECTRON MICROSCOPY
8BH6	3.7	ELECTRON MICROSCOPY
8BH7	4.23	ELECTRON MICROSCOPY
8BH8	2.88	X-RAY DIFFRACTION
8BH9	2.09	X-RAY DIFFRACTION
8BHF	3.1	ELECTRON MICROSCOPY
8BHJ	2.81	ELECTRON MICROSCOPY
8BHL	2.21	ELECTRON MICROSCOPY
8BHN	2.85	ELECTRON MICROSCOPY
8BHP	2.37	ELECTRON MICROSCOPY
8BHV	4.51	ELECTRON MICROSCOPY
8BHY	5.33	ELECTRON MICROSCOPY
8BIL	2.04	ELECTRON MICROSCOPY
8BIM	2.04	ELECTRON MICROSCOPY
8BIP	3.1	ELECTRON MICROSCOPY
8BJQ	3.8	ELECTRON MICROSCOPY
8BM4	\N	SOLUTION NMR
8BM6	\N	SOLUTION NMR
8BM7	\N	SOLUTION NMR
8BMW	3.5	ELECTRON MICROSCOPY
8BN3	2.4	ELECTRON MICROSCOPY
8BNA	2.2	X-RAY DIFFRACTION
8BOT	7.76	ELECTRON MICROSCOPY
8BP2	2.8	X-RAY DIFFRACTION
8BPO	2.8	ELECTRON MICROSCOPY
8BPR	3.65	ELECTRON MICROSCOPY
8BQ2	3.8	ELECTRON MICROSCOPY
8BQD	3.9	ELECTRON MICROSCOPY
8BQX	3.8	ELECTRON MICROSCOPY
8BQY	\N	SOLUTION NMR
8BR2	2.9	ELECTRON MICROSCOPY
8BR8	3.35	ELECTRON MICROSCOPY
8BRM	3.33	ELECTRON MICROSCOPY
8BSI	3.4	ELECTRON MICROSCOPY
8BSJ	6.49	ELECTRON MICROSCOPY
8BTD	4.9	ELECTRON MICROSCOPY
8BTG	3.2	ELECTRON MICROSCOPY
8BTK	3.5	ELECTRON MICROSCOPY
8BTR	3.25	ELECTRON MICROSCOPY
8BTZ	5.39	ELECTRON MICROSCOPY
8BU8	6.56	ELECTRON MICROSCOPY
8BUU	2.9	ELECTRON MICROSCOPY
8BV6	\N	SOLUTION NMR
8BVH	3.6	ELECTRON MICROSCOPY
8BVJ	4.5	ELECTRON MICROSCOPY
8BVM	3.8	ELECTRON MICROSCOPY
8BVW	4.0	ELECTRON MICROSCOPY
8BW5	2.8	X-RAY DIFFRACTION
8BWS	3.2	ELECTRON MICROSCOPY
8BWT	\N	SOLUTION NMR
8BX1	2.5	X-RAY DIFFRACTION
8BX2	3.14	X-RAY DIFFRACTION
8BYQ	4.1	ELECTRON MICROSCOPY
8BYV	2.89	ELECTRON MICROSCOPY
8BYX	3.0	X-RAY DIFFRACTION
8BZ1	3.8	ELECTRON MICROSCOPY
8BZM	2.69	X-RAY DIFFRACTION
8BZU	\N	SOLUTION NMR
8C00	2.9	ELECTRON MICROSCOPY
8C01	2.7	ELECTRON MICROSCOPY
8C3A	3.0	X-RAY DIFFRACTION
8C41	2.393	X-RAY DIFFRACTION
8C4H	3.485	ELECTRON MICROSCOPY
8C4T	3.23	ELECTRON MICROSCOPY
8C4U	3.36	ELECTRON MICROSCOPY
8C4V	3.14	ELECTRON MICROSCOPY
8C56	2.4	X-RAY DIFFRACTION
8C57	1.95	X-RAY DIFFRACTION
8C58	1.85	X-RAY DIFFRACTION
8C59	1.7	X-RAY DIFFRACTION
8C5S	3.75	ELECTRON MICROSCOPY
8C5U	3.62	ELECTRON MICROSCOPY
8C62	2.31	X-RAY DIFFRACTION
8C63	1.52	X-RAY DIFFRACTION
8C64	2.51	X-RAY DIFFRACTION
8C6J	2.8	ELECTRON MICROSCOPY
8C7A	\N	SOLUTION NMR
8C7B	\N	SOLUTION NMR
8C7S	3.05	X-RAY DIFFRACTION
8C7U	3.15	X-RAY DIFFRACTION
8C83	3.0	ELECTRON MICROSCOPY
8C84	1.9	X-RAY DIFFRACTION
8C8H	3.84	ELECTRON MICROSCOPY
8C8J	2.1	X-RAY DIFFRACTION
8C8X	3.93	ELECTRON MICROSCOPY
8C8Y	3.03	ELECTRON MICROSCOPY
8C8Z	3.12	ELECTRON MICROSCOPY
8C90	3.15	ELECTRON MICROSCOPY
8C91	4.19	ELECTRON MICROSCOPY
8C92	3.79	ELECTRON MICROSCOPY
8C93	4.17	ELECTRON MICROSCOPY
8C94	3.8	ELECTRON MICROSCOPY
8C95	4.92	ELECTRON MICROSCOPY
8C96	4.43	ELECTRON MICROSCOPY
8C97	4.07	ELECTRON MICROSCOPY
8C98	3.66	ELECTRON MICROSCOPY
8C99	3.29	ELECTRON MICROSCOPY
8C9A	4.86	ELECTRON MICROSCOPY
8C9B	5.9	ELECTRON MICROSCOPY
8C9C	6.62	ELECTRON MICROSCOPY
8CA7	2.06	ELECTRON MICROSCOPY
8CAH	3.0	ELECTRON MICROSCOPY
8CAI	2.08	ELECTRON MICROSCOPY
8CAM	1.86	ELECTRON MICROSCOPY
8CAS	3.3	ELECTRON MICROSCOPY
8CAZ	2.11	ELECTRON MICROSCOPY
8CBJ	3.8	ELECTRON MICROSCOPY
8CBK	2.76	ELECTRON MICROSCOPY
8CBL	2.79	ELECTRON MICROSCOPY
8CBM	3.14	ELECTRON MICROSCOPY
8CBN	3.34	ELECTRON MICROSCOPY
8CBO	3.2	ELECTRON MICROSCOPY
8CBQ	4.0	ELECTRON MICROSCOPY
8CBW	3.485	ELECTRON MICROSCOPY
8CCS	1.97	ELECTRON MICROSCOPY
8CD1	3.0	ELECTRON MICROSCOPY
8CDL	2.72	ELECTRON MICROSCOPY
8CDN	2.55	X-RAY DIFFRACTION
8CDR	2.04	ELECTRON MICROSCOPY
8CDU	3.1	ELECTRON MICROSCOPY
8CDV	4.73	ELECTRON MICROSCOPY
8CE2	1.24	X-RAY DIFFRACTION
8CEC	3.57	ELECTRON MICROSCOPY
8CED	4.15	ELECTRON MICROSCOPY
8CEE	3.7	ELECTRON MICROSCOPY
8CEF	2.486	X-RAY DIFFRACTION
8CEH	2.05	ELECTRON MICROSCOPY
8CEN	3.0	ELECTRON MICROSCOPY
8CEO	3.6	ELECTRON MICROSCOPY
8CEP	2.04	ELECTRON MICROSCOPY
8CEU	1.83	ELECTRON MICROSCOPY
8CF1	1.82	ELECTRON MICROSCOPY
8CF2	\N	SOLUTION NMR
8CF5	2.71	ELECTRON MICROSCOPY
8CF8	2.2	ELECTRON MICROSCOPY
8CG8	2.57	ELECTRON MICROSCOPY
8CGD	1.98	ELECTRON MICROSCOPY
8CGI	1.89	ELECTRON MICROSCOPY
8CGJ	1.79	ELECTRON MICROSCOPY
8CGK	1.64	ELECTRON MICROSCOPY
8CGN	2.28	ELECTRON MICROSCOPY
8CGR	2.12	ELECTRON MICROSCOPY
8CGU	1.89	ELECTRON MICROSCOPY
8CGV	1.66	ELECTRON MICROSCOPY
8CH6	5.9	ELECTRON MICROSCOPY
8CI5	3.2	ELECTRON MICROSCOPY
8CIV	2.47	ELECTRON MICROSCOPY
8CKU	3.11	ELECTRON MICROSCOPY
8CLI	3.2	ELECTRON MICROSCOPY
8CLJ	3.2	ELECTRON MICROSCOPY
8CLM	1.8	X-RAY DIFFRACTION
8CLR	\N	SOLUTION NMR
8CMJ	3.79	ELECTRON MICROSCOPY
8CMM	0.9	X-RAY DIFFRACTION
8COM	3.3	ELECTRON MICROSCOPY
8COO	\N	SOLUTION NMR
8CPG	1.4	X-RAY DIFFRACTION
8CQ1	\N	SOLUTION NMR
8CQ7	3.2	X-RAY DIFFRACTION
8CQW	3.05	X-RAY DIFFRACTION
8CRE	3.0	X-RAY DIFFRACTION
8CRO	3.1	ELECTRON MICROSCOPY
8CRX	2.78	ELECTRON MICROSCOPY
8CRY	1.2	X-RAY DIFFRACTION
8CRZ	1.2	X-RAY DIFFRACTION
8CS0	1.65	X-RAY DIFFRACTION
8CS1	4.56	X-RAY DIFFRACTION
8CS2	6.0	X-RAY DIFFRACTION
8CS3	5.14	X-RAY DIFFRACTION
8CS4	6.03	X-RAY DIFFRACTION
8CS5	6.52	X-RAY DIFFRACTION
8CS6	6.76	X-RAY DIFFRACTION
8CS7	6.67	X-RAY DIFFRACTION
8CS8	6.0	X-RAY DIFFRACTION
8CSH	2.25	X-RAY DIFFRACTION
8CSP	2.66	ELECTRON MICROSCOPY
8CSQ	2.54	ELECTRON MICROSCOPY
8CSR	2.54	ELECTRON MICROSCOPY
8CSS	2.36	ELECTRON MICROSCOPY
8CST	2.85	ELECTRON MICROSCOPY
8CSU	3.03	ELECTRON MICROSCOPY
8CSZ	3.2	ELECTRON MICROSCOPY
8CTH	3.3	ELECTRON MICROSCOPY
8CTI	3.6	ELECTRON MICROSCOPY
8CTL	3.1	ELECTRON MICROSCOPY
8CTY	2.3	X-RAY DIFFRACTION
8CTZ	2.32	X-RAY DIFFRACTION
8CU0	1.74	X-RAY DIFFRACTION
8CUC	2.09	X-RAY DIFFRACTION
8CVJ	2.4	X-RAY DIFFRACTION
8CVK	2.5	X-RAY DIFFRACTION
8CVL	2.3	X-RAY DIFFRACTION
8CVM	2.66	ELECTRON MICROSCOPY
8CVO	2.95	ELECTRON MICROSCOPY
8CWO	2.84	ELECTRON MICROSCOPY
8CWW	2.74	ELECTRON MICROSCOPY
8CX0	2.7	ELECTRON MICROSCOPY
8CX1	3.3	ELECTRON MICROSCOPY
8CX2	3.2	ELECTRON MICROSCOPY
8CXF	1.77	X-RAY DIFFRACTION
8CXS	2.49	X-RAY DIFFRACTION
8CXT	2.61	X-RAY DIFFRACTION
8CXU	2.28	X-RAY DIFFRACTION
8CXV	2.26	X-RAY DIFFRACTION
8CXW	2.78	X-RAY DIFFRACTION
8CXX	2.34	X-RAY DIFFRACTION
8CXY	2.19	X-RAY DIFFRACTION
8CXZ	2.35	X-RAY DIFFRACTION
8CY0	2.65	X-RAY DIFFRACTION
8CY1	2.38	X-RAY DIFFRACTION
8CY2	2.81	X-RAY DIFFRACTION
8CY3	2.65	X-RAY DIFFRACTION
8CY4	2.34	X-RAY DIFFRACTION
8CY5	2.5	X-RAY DIFFRACTION
8CYF	2.44	X-RAY DIFFRACTION
8CYM	7.76	X-RAY DIFFRACTION
8CYN	9.45	X-RAY DIFFRACTION
8CZE	2.58	ELECTRON MICROSCOPY
8CZQ	2.78	X-RAY DIFFRACTION
8D0B	3.43	ELECTRON MICROSCOPY
8D0K	4.27	ELECTRON MICROSCOPY
8D1V	2.82	ELECTRON MICROSCOPY
8D28	1.42	X-RAY DIFFRACTION
8D29	1.81	X-RAY DIFFRACTION
8D2A	2.17	X-RAY DIFFRACTION
8D2B	1.44	X-RAY DIFFRACTION
8D2K	2.43	ELECTRON MICROSCOPY
8D2L	2.21	ELECTRON MICROSCOPY
8D2M	1.821	X-RAY DIFFRACTION
8D2N	2.88	ELECTRON MICROSCOPY
8D2O	2.66	ELECTRON MICROSCOPY
8D2P	2.78	ELECTRON MICROSCOPY
8D2Q	2.58	ELECTRON MICROSCOPY
8D31	7.45	X-RAY DIFFRACTION
8D33	2.46	ELECTRON MICROSCOPY
8D37	2.65	ELECTRON MICROSCOPY
8D3L	3.49	ELECTRON MICROSCOPY
8D3M	3.41	ELECTRON MICROSCOPY
8D3P	4.26	ELECTRON MICROSCOPY
8D3Q	3.9	ELECTRON MICROSCOPY
8D3R	3.04	ELECTRON MICROSCOPY
8D42	2.91	ELECTRON MICROSCOPY
8D49	3.2	ELECTRON MICROSCOPY
8D4A	2.74	ELECTRON MICROSCOPY
8D4B	2.92	ELECTRON MICROSCOPY
8D5L	1.64	X-RAY DIFFRACTION
8D5O	2.7	X-RAY DIFFRACTION
8D6J	2.5	X-RAY DIFFRACTION
8D71	2.5	X-RAY DIFFRACTION
8D78	2.12	X-RAY DIFFRACTION
8D79	1.99	X-RAY DIFFRACTION
8D86	3.12	X-RAY DIFFRACTION
8D8J	3.8	ELECTRON MICROSCOPY
8D8K	3.13	ELECTRON MICROSCOPY
8D8L	2.6	ELECTRON MICROSCOPY
8D8M	3.1	X-RAY DIFFRACTION
8D8N	3.6	ELECTRON MICROSCOPY
8D93	2.96	X-RAY DIFFRACTION
8D94	2.44	X-RAY DIFFRACTION
8D96	3.35	ELECTRON MICROSCOPY
8D97	3.8	ELECTRON MICROSCOPY
8D9D	3.59	ELECTRON MICROSCOPY
8D9E	3.76	ELECTRON MICROSCOPY
8D9F	2.71	ELECTRON MICROSCOPY
8D9G	2.57	ELECTRON MICROSCOPY
8D9H	3.6	ELECTRON MICROSCOPY
8D9I	3.62	ELECTRON MICROSCOPY
8D9J	2.82	X-RAY DIFFRACTION
8D9K	3.72	ELECTRON MICROSCOPY
8D9L	4.04	ELECTRON MICROSCOPY
8DAG	6.16	X-RAY DIFFRACTION
8DAH	5.47	X-RAY DIFFRACTION
8DAP	6.47	X-RAY DIFFRACTION
8DC2	2.99	ELECTRON MICROSCOPY
8DCJ	3.33	X-RAY DIFFRACTION
8DEJ	2.86	ELECTRON MICROSCOPY
8DEX	2.7	ELECTRON MICROSCOPY
8DF7	3.52	X-RAY DIFFRACTION
8DF8	2.92	X-RAY DIFFRACTION
8DF9	3.24	X-RAY DIFFRACTION
8DFA	2.8	ELECTRON MICROSCOPY
8DFB	3.17	X-RAY DIFFRACTION
8DFO	3.1	ELECTRON MICROSCOPY
8DFS	3.0	ELECTRON MICROSCOPY
8DFV	3.06	ELECTRON MICROSCOPY
8DG5	3.26	ELECTRON MICROSCOPY
8DG7	3.32	ELECTRON MICROSCOPY
8DGA	3.73	ELECTRON MICROSCOPY
8DH0	2.9	X-RAY DIFFRACTION
8DH1	2.65	X-RAY DIFFRACTION
8DH2	2.9	X-RAY DIFFRACTION
8DH3	3.0	X-RAY DIFFRACTION
8DH4	2.8	X-RAY DIFFRACTION
8DH5	2.85	X-RAY DIFFRACTION
8DHC	2.02	X-RAY DIFFRACTION
8DK2	4.1	ELECTRON MICROSCOPY
8DK3	3.28	ELECTRON MICROSCOPY
8DK5	2.71	ELECTRON MICROSCOPY
8DK7	2.46	X-RAY DIFFRACTION
8DLF	3.23	ELECTRON MICROSCOPY
8DMB	3.1	ELECTRON MICROSCOPY
8DO6	3.1	ELECTRON MICROSCOPY
8DP3	1.91	X-RAY DIFFRACTION
8DQ1	4.1	ELECTRON MICROSCOPY
8DQW	2.1	ELECTRON MICROSCOPY
8DQX	2.1	ELECTRON MICROSCOPY
8DQZ	2.92	ELECTRON MICROSCOPY
8DR0	2.42	ELECTRON MICROSCOPY
8DR1	2.14	ELECTRON MICROSCOPY
8DR3	2.2	ELECTRON MICROSCOPY
8DR4	2.45	ELECTRON MICROSCOPY
8DR5	2.76	ELECTRON MICROSCOPY
8DR6	2.39	ELECTRON MICROSCOPY
8DR7	2.7	ELECTRON MICROSCOPY
8DRH	\N	SOLUTION NMR
8DTP	2.7	ELECTRON MICROSCOPY
8DU4	3.55	ELECTRON MICROSCOPY
8DUE	2.9	ELECTRON MICROSCOPY
8DUT	7.4	ELECTRON MICROSCOPY
8DVF	3.3	ELECTRON MICROSCOPY
8DVI	3.2	ELECTRON MICROSCOPY
8DVP	1.54	X-RAY DIFFRACTION
8DVR	3.3	ELECTRON MICROSCOPY
8DVS	3.0	ELECTRON MICROSCOPY
8DVU	2.9	ELECTRON MICROSCOPY
8DVY	2.36	X-RAY DIFFRACTION
8DW0	1.68	X-RAY DIFFRACTION
8DW1	1.849	X-RAY DIFFRACTION
8DW4	2.49	X-RAY DIFFRACTION
8DW6	3.5	ELECTRON MICROSCOPY
8DW7	1.96	X-RAY DIFFRACTION
8DW8	2.58	X-RAY DIFFRACTION
8DWD	1.68	X-RAY DIFFRACTION
8DWE	2.2	X-RAY DIFFRACTION
8DWF	2.6	X-RAY DIFFRACTION
8DWJ	3.9	ELECTRON MICROSCOPY
8DWM	2.99	X-RAY DIFFRACTION
8DX1	4.79	X-RAY DIFFRACTION
8DX5	5.9	X-RAY DIFFRACTION
8DX6	5.34	X-RAY DIFFRACTION
8DX7	4.92	X-RAY DIFFRACTION
8DX9	4.55	X-RAY DIFFRACTION
8DXA	4.21	X-RAY DIFFRACTION
8DXC	5.04	X-RAY DIFFRACTION
8DXD	4.28	X-RAY DIFFRACTION
8DXF	4.29	X-RAY DIFFRACTION
8DXV	4.59	X-RAY DIFFRACTION
8DXW	4.52	X-RAY DIFFRACTION
8DXX	4.07	X-RAY DIFFRACTION
8DXY	4.87	X-RAY DIFFRACTION
8DXZ	4.71	X-RAY DIFFRACTION
8DY7	3.18	ELECTRON MICROSCOPY
8DY9	3.12	ELECTRON MICROSCOPY
8DYK	2.1	NEUTRON DIFFRACTION
8DZJ	2.9	ELECTRON MICROSCOPY
8DZK	2.1	X-RAY DIFFRACTION
8E0F	2.7	X-RAY DIFFRACTION
8E14	3.36	ELECTRON MICROSCOPY
8E23	2.59	X-RAY DIFFRACTION
8E24	2.34	X-RAY DIFFRACTION
8E28	3.1	ELECTRON MICROSCOPY
8E29	3.1	ELECTRON MICROSCOPY
8E2A	2.8	ELECTRON MICROSCOPY
8E2L	3.51	ELECTRON MICROSCOPY
8E2P	2.72	X-RAY DIFFRACTION
8E2Q	2.34	X-RAY DIFFRACTION
8E30	1.91	ELECTRON MICROSCOPY
8E32	2.35	ELECTRON MICROSCOPY
8E33	2.23	ELECTRON MICROSCOPY
8E35	2.27	ELECTRON MICROSCOPY
8E36	2.38	ELECTRON MICROSCOPY
8E3D	2.62	X-RAY DIFFRACTION
8E3E	2.99	X-RAY DIFFRACTION
8E3F	6.5	ELECTRON MICROSCOPY
8E3H	6.5	ELECTRON MICROSCOPY
8E3I	2.53	ELECTRON MICROSCOPY
8E3K	1.28	X-RAY DIFFRACTION
8E3L	2.35	ELECTRON MICROSCOPY
8E3M	2.25	ELECTRON MICROSCOPY
8E3O	1.99	ELECTRON MICROSCOPY
8E3R	1.45	X-RAY DIFFRACTION
8E40	3.57	ELECTRON MICROSCOPY
8E41	2.13	ELECTRON MICROSCOPY
8E42	2.29	ELECTRON MICROSCOPY
8E43	2.09	ELECTRON MICROSCOPY
8E44	2.53	ELECTRON MICROSCOPY
8E45	2.3	ELECTRON MICROSCOPY
8E46	2.32	ELECTRON MICROSCOPY
8E47	2.32	ELECTRON MICROSCOPY
8E48	2.27	ELECTRON MICROSCOPY
8E49	2.05	ELECTRON MICROSCOPY
8E4D	4.19	X-RAY DIFFRACTION
8E4E	4.19	X-RAY DIFFRACTION
8E4H	1.39	X-RAY DIFFRACTION
8E4X	2.8	X-RAY DIFFRACTION
8E5D	2.39	X-RAY DIFFRACTION
8E5E	2.62	X-RAY DIFFRACTION
8E5K	4.2	ELECTRON MICROSCOPY
8E5L	4.2	ELECTRON MICROSCOPY
8E5O	4.4	ELECTRON MICROSCOPY
8E5P	4.4	ELECTRON MICROSCOPY
8E5T	4.0	ELECTRON MICROSCOPY
8E5Y	1.32	X-RAY DIFFRACTION
8E66	2.35	X-RAY DIFFRACTION
8E67	2.3	X-RAY DIFFRACTION
8E6W	4.27	ELECTRON MICROSCOPY
8E6X	4.27	ELECTRON MICROSCOPY
8E6Z	4.1	ELECTRON MICROSCOPY
8E70	4.1	ELECTRON MICROSCOPY
8E74	2.94	ELECTRON MICROSCOPY
8E79	3.71	ELECTRON MICROSCOPY
8E82	3.03	ELECTRON MICROSCOPY
8E85	1.72	X-RAY DIFFRACTION
8E86	1.78	X-RAY DIFFRACTION
8E87	2.19	X-RAY DIFFRACTION
8E88	2.4	X-RAY DIFFRACTION
8E89	2.2	X-RAY DIFFRACTION
8E8A	1.8	X-RAY DIFFRACTION
8E8B	2.2	X-RAY DIFFRACTION
8E8C	2.25	X-RAY DIFFRACTION
8E8D	2.09	X-RAY DIFFRACTION
8E8E	2.05	X-RAY DIFFRACTION
8E8F	2.14	X-RAY DIFFRACTION
8E8G	2.13	X-RAY DIFFRACTION
8E8H	2.13	X-RAY DIFFRACTION
8E8J	2.4	X-RAY DIFFRACTION
8E8K	2.4	X-RAY DIFFRACTION
8E8M	3.13	ELECTRON MICROSCOPY
8E95	2.9	ELECTRON MICROSCOPY
8E9A	2.69	X-RAY DIFFRACTION
8EA3	3.7	ELECTRON MICROSCOPY
8EA4	3.0	ELECTRON MICROSCOPY
8EAE	2.56	X-RAY DIFFRACTION
8EAF	2.62	ELECTRON MICROSCOPY
8EAG	3.01	ELECTRON MICROSCOPY
8EAH	2.48	ELECTRON MICROSCOPY
8EAI	2.76	ELECTRON MICROSCOPY
8EAJ	2.45	ELECTRON MICROSCOPY
8EAK	2.67	ELECTRON MICROSCOPY
8EAL	2.34	ELECTRON MICROSCOPY
8EAM	2.59	ELECTRON MICROSCOPY
8EB5	2.5	X-RAY DIFFRACTION
8EBH	1.33	X-RAY DIFFRACTION
8EBO	1.98	X-RAY DIFFRACTION
8EBS	4.0	ELECTRON MICROSCOPY
8EBT	3.9	ELECTRON MICROSCOPY
8EBU	3.3	ELECTRON MICROSCOPY
8EBV	7.1	ELECTRON MICROSCOPY
8EBW	5.6	ELECTRON MICROSCOPY
8EBX	3.6	ELECTRON MICROSCOPY
8EBY	3.6	ELECTRON MICROSCOPY
8EC1	1.63	X-RAY DIFFRACTION
8ECC	2.44	X-RAY DIFFRACTION
8ED6	1.63	X-RAY DIFFRACTION
8EDA	1.63	X-RAY DIFFRACTION
8EDB	1.55	X-RAY DIFFRACTION
8EDG	4.64	ELECTRON MICROSCOPY
8EDJ	1.83	X-RAY DIFFRACTION
8EDP	2.01	X-RAY DIFFRACTION
8EE9	1.22	X-RAY DIFFRACTION
8EEX	2.95	ELECTRON MICROSCOPY
8EEY	2.53	ELECTRON MICROSCOPY
8EF9	2.4	ELECTRON MICROSCOPY
8EFC	2.8	ELECTRON MICROSCOPY
8EFK	3.0	ELECTRON MICROSCOPY
8EFV	2.97	ELECTRON MICROSCOPY
8EFY	3.16	ELECTRON MICROSCOPY
8EG0	3.53	ELECTRON MICROSCOPY
8EG4	4.18	X-RAY DIFFRACTION
8EG7	3.2	ELECTRON MICROSCOPY
8EG8	3.3	ELECTRON MICROSCOPY
8EGB	3.8	ELECTRON MICROSCOPY
8EH8	3.4	ELECTRON MICROSCOPY
8EH9	3.9	ELECTRON MICROSCOPY
8EHA	3.7	ELECTRON MICROSCOPY
8EHF	3.3	ELECTRON MICROSCOPY
8EHI	5.5	ELECTRON MICROSCOPY
8EHQ	3.0	ELECTRON MICROSCOPY
8EIU	2.24	ELECTRON MICROSCOPY
8EJ3	3.13	ELECTRON MICROSCOPY
8EJ6	1.39	X-RAY DIFFRACTION
8EJ8	1.45	X-RAY DIFFRACTION
8EJO	2.67	X-RAY DIFFRACTION
8EJP	2.174	X-RAY DIFFRACTION
8EK3	1.38	X-RAY DIFFRACTION
8EK8	2.63	X-RAY DIFFRACTION
8EKB	2.7	X-RAY DIFFRACTION
8EKC	2.7	ELECTRON MICROSCOPY
8EKJ	1.54	X-RAY DIFFRACTION
8EKU	1.52	X-RAY DIFFRACTION
8EKV	1.62	X-RAY DIFFRACTION
8EKZ	1.42	X-RAY DIFFRACTION
8EM9	2.341	X-RAY DIFFRACTION
8EMD	1.55	X-RAY DIFFRACTION
8EMH	3.63	ELECTRON MICROSCOPY
8EML	2.21	X-RAY DIFFRACTION
8EMM	2.1	ELECTRON MICROSCOPY
8ENG	1.25	X-RAY DIFFRACTION
8ENK	2.5	X-RAY DIFFRACTION
8EO1	1.28	X-RAY DIFFRACTION
8EO4	1.24	X-RAY DIFFRACTION
8EOE	3.2	ELECTRON MICROSCOPY
8EOF	3.3	ELECTRON MICROSCOPY
8EOS	3.1	ELECTRON MICROSCOPY
8EOT	3.3	ELECTRON MICROSCOPY
8EP8	2.45	X-RAY DIFFRACTION
8EPB	2.61	X-RAY DIFFRACTION
8EPD	2.42	X-RAY DIFFRACTION
8EPE	2.45	X-RAY DIFFRACTION
8EPF	2.61	X-RAY DIFFRACTION
8EPG	2.15	X-RAY DIFFRACTION
8EPI	2.55	X-RAY DIFFRACTION
8EPK	2.65	X-RAY DIFFRACTION
8EPX	3.15	ELECTRON MICROSCOPY
8EQG	1.39	X-RAY DIFFRACTION
8EQK	1.45	X-RAY DIFFRACTION
8EQL	1.52	X-RAY DIFFRACTION
8ER8	2.3	ELECTRON MICROSCOPY
8ESQ	2.8	ELECTRON MICROSCOPY
8ESR	3.2	ELECTRON MICROSCOPY
8ETC	3.1	ELECTRON MICROSCOPY
8ETG	3.4	ELECTRON MICROSCOPY
8ETH	3.8	ELECTRON MICROSCOPY
8ETI	3.7	ELECTRON MICROSCOPY
8ETJ	3.2	ELECTRON MICROSCOPY
8ETT	6.68	ELECTRON MICROSCOPY
8ETV	3.16	ELECTRON MICROSCOPY
8EU2	2.93	ELECTRON MICROSCOPY
8EUB	2.52	ELECTRON MICROSCOPY
8EUE	3.48	ELECTRON MICROSCOPY
8EUG	2.8	ELECTRON MICROSCOPY
8EUI	3.1	ELECTRON MICROSCOPY
8EUJ	3.36	ELECTRON MICROSCOPY
8EUP	3.1	ELECTRON MICROSCOPY
8EUY	3.0	ELECTRON MICROSCOPY
8EV3	3.0	ELECTRON MICROSCOPY
8EV6	2.946	X-RAY DIFFRACTION
8EV7	2.89	X-RAY DIFFRACTION
8EVE	2.35	X-RAY DIFFRACTION
8EVF	2.87	X-RAY DIFFRACTION
8EVG	2.75	ELECTRON MICROSCOPY
8EVH	2.85	ELECTRON MICROSCOPY
8EVI	2.64	ELECTRON MICROSCOPY
8EVJ	4.1	ELECTRON MICROSCOPY
8EVP	2.38	ELECTRON MICROSCOPY
8EVQ	2.72	ELECTRON MICROSCOPY
8EVR	2.87	ELECTRON MICROSCOPY
8EVS	2.62	ELECTRON MICROSCOPY
8EVT	2.2	ELECTRON MICROSCOPY
8EWB	2.87	ELECTRON MICROSCOPY
8EWC	2.45	ELECTRON MICROSCOPY
8EWG	2.9	ELECTRON MICROSCOPY
8EX9	2.96	ELECTRON MICROSCOPY
8EXA	3.14	ELECTRON MICROSCOPY
8EXX	3.3	ELECTRON MICROSCOPY
8EXY	3.2	ELECTRON MICROSCOPY
8EY6	1.63	X-RAY DIFFRACTION
8EY7	1.35	X-RAY DIFFRACTION
8EY8	1.3	X-RAY DIFFRACTION
8EYQ	3.3	ELECTRON MICROSCOPY
8EYT	2.8	ELECTRON MICROSCOPY
8EYU	1.95	X-RAY DIFFRACTION
8EYV	2.55	X-RAY DIFFRACTION
8EYW	2.1	X-RAY DIFFRACTION
8EZA	4.39	ELECTRON MICROSCOPY
8EZB	8.9	ELECTRON MICROSCOPY
8F0N	2.85	X-RAY DIFFRACTION
8F1I	3.0	ELECTRON MICROSCOPY
8F1J	2.6	ELECTRON MICROSCOPY
8F1K	2.8	ELECTRON MICROSCOPY
8F1S	2.1	X-RAY DIFFRACTION
8F1V	2.1	X-RAY DIFFRACTION
8F20	2.23	X-RAY DIFFRACTION
8F24	3.2	X-RAY DIFFRACTION
8F27	1.6	X-RAY DIFFRACTION
8F2W	1.3	X-RAY DIFFRACTION
8F2Y	1.78	X-RAY DIFFRACTION
8F3C	3.4	ELECTRON MICROSCOPY
8F40	2.45	X-RAY DIFFRACTION
8F42	2.55	X-RAY DIFFRACTION
8F4O	3.1	X-RAY DIFFRACTION
8F5C	1.15	X-RAY DIFFRACTION
8F5G	2.7	X-RAY DIFFRACTION
8F69	2.2	X-RAY DIFFRACTION
8F6B	2.75	X-RAY DIFFRACTION
8F86	3.1	ELECTRON MICROSCOPY
8F94	1.08	X-RAY DIFFRACTION
8FAK	3.22	ELECTRON MICROSCOPY
8FAY	1.91	X-RAY DIFFRACTION
8FB3	3.0	X-RAY DIFFRACTION
8FB4	1.49	X-RAY DIFFRACTION
8FC1	2.5	X-RAY DIFFRACTION
8FC2	2.5	X-RAY DIFFRACTION
8FC3	2.6	X-RAY DIFFRACTION
8FC4	2.45	X-RAY DIFFRACTION
8FC5	2.65	X-RAY DIFFRACTION
8FC6	2.35	X-RAY DIFFRACTION
8FCJ	2.83	ELECTRON MICROSCOPY
8FCS	\N	SOLUTION NMR
8FCU	3.19	ELECTRON MICROSCOPY
8FCV	2.95	ELECTRON MICROSCOPY
8FCW	2.87	ELECTRON MICROSCOPY
8FD2	3.65	ELECTRON MICROSCOPY
8FD3	3.12	ELECTRON MICROSCOPY
8FDP	1.88	X-RAY DIFFRACTION
8FDQ	1.54	X-RAY DIFFRACTION
8FDR	1.55	X-RAY DIFFRACTION
8FEO	1.52	X-RAY DIFFRACTION
8FEP	1.55	X-RAY DIFFRACTION
8FEQ	1.5	X-RAY DIFFRACTION
8FER	1.54	X-RAY DIFFRACTION
8FF4	3.6	ELECTRON MICROSCOPY
8FF5	3.13	ELECTRON MICROSCOPY
8FFI	2.7	ELECTRON MICROSCOPY
8FFR	3.49	X-RAY DIFFRACTION
8FFY	3.6	ELECTRON MICROSCOPY
8FFZ	3.8	ELECTRON MICROSCOPY
8FHV	2.5	X-RAY DIFFRACTION
8FHX	2.5	X-RAY DIFFRACTION
8FHZ	2.6	X-RAY DIFFRACTION
8FI0	3.0	X-RAY DIFFRACTION
8FI1	2.6	X-RAY DIFFRACTION
8FI2	3.0	X-RAY DIFFRACTION
8FI7	2.9	X-RAY DIFFRACTION
8FI8	2.8	X-RAY DIFFRACTION
8FII	2.94	X-RAY DIFFRACTION
8FIJ	2.799	X-RAY DIFFRACTION
8FIK	1.912	X-RAY DIFFRACTION
8FIL	2.01	X-RAY DIFFRACTION
8FIM	2.22	X-RAY DIFFRACTION
8FIX	3.9	ELECTRON MICROSCOPY
8FIY	7.3	ELECTRON MICROSCOPY
8FIZ	3.8	ELECTRON MICROSCOPY
8FJK	3.3	ELECTRON MICROSCOPY
8FJL	3.27	ELECTRON MICROSCOPY
8FKP	2.85	ELECTRON MICROSCOPY
8FKQ	2.76	ELECTRON MICROSCOPY
8FKR	2.89	ELECTRON MICROSCOPY
8FKS	2.88	ELECTRON MICROSCOPY
8FKT	2.81	ELECTRON MICROSCOPY
8FKU	2.82	ELECTRON MICROSCOPY
8FKV	2.47	ELECTRON MICROSCOPY
8FKW	2.5	ELECTRON MICROSCOPY
8FKX	2.59	ELECTRON MICROSCOPY
8FKY	2.67	ELECTRON MICROSCOPY
8FKZ	3.04	ELECTRON MICROSCOPY
8FL0	2.91	ELECTRON MICROSCOPY
8FL2	2.67	ELECTRON MICROSCOPY
8FL3	2.53	ELECTRON MICROSCOPY
8FL4	2.89	ELECTRON MICROSCOPY
8FL6	2.62	ELECTRON MICROSCOPY
8FL7	2.55	ELECTRON MICROSCOPY
8FL9	2.75	ELECTRON MICROSCOPY
8FLA	2.63	ELECTRON MICROSCOPY
8FLB	2.55	ELECTRON MICROSCOPY
8FLC	2.76	ELECTRON MICROSCOPY
8FLD	2.58	ELECTRON MICROSCOPY
8FLE	2.48	ELECTRON MICROSCOPY
8FLF	2.65	ELECTRON MICROSCOPY
8FLI	3.8	ELECTRON MICROSCOPY
8FLJ	3.48	ELECTRON MICROSCOPY
8FMW	2.86	ELECTRON MICROSCOPY
8FN2	3.4	ELECTRON MICROSCOPY
8FN3	2.17	X-RAY DIFFRACTION
8FN6	3.7	ELECTRON MICROSCOPY
8FN7	2.8	ELECTRON MICROSCOPY
8FNC	3.3	ELECTRON MICROSCOPY
8FND	3.0	ELECTRON MICROSCOPY
8FNF	3.5	ELECTRON MICROSCOPY
8FNG	2.2	ELECTRON MICROSCOPY
8FNH	2.5	ELECTRON MICROSCOPY
8FNI	3.4	ELECTRON MICROSCOPY
8FNJ	2.4	ELECTRON MICROSCOPY
8FNK	3.7	ELECTRON MICROSCOPY
8FNL	2.8	ELECTRON MICROSCOPY
8FNM	2.8	ELECTRON MICROSCOPY
8FNN	2.7	ELECTRON MICROSCOPY
8FNO	2.5	ELECTRON MICROSCOPY
8FNP	2.2	ELECTRON MICROSCOPY
8FNQ	2.8	ELECTRON MICROSCOPY
8FOG	2.29	X-RAY DIFFRACTION
8FOH	4.6	ELECTRON MICROSCOPY
8FOJ	4.8	ELECTRON MICROSCOPY
8FOK	3.56	ELECTRON MICROSCOPY
8FOM	3.58	X-RAY DIFFRACTION
8FON	3.64	X-RAY DIFFRACTION
8FR8	2.76	ELECTRON MICROSCOPY
8FRU	2.49	ELECTRON MICROSCOPY
8FS1	2.74	X-RAY DIFFRACTION
8FS2	2.59	X-RAY DIFFRACTION
8FS3	2.93	ELECTRON MICROSCOPY
8FS4	2.94	ELECTRON MICROSCOPY
8FS5	2.76	ELECTRON MICROSCOPY
8FS6	2.9	ELECTRON MICROSCOPY
8FS7	2.85	ELECTRON MICROSCOPY
8FS8	3.04	ELECTRON MICROSCOPY
8FTD	2.76	ELECTRON MICROSCOPY
8FTI	3.5	ELECTRON MICROSCOPY
8FTJ	2.3	X-RAY DIFFRACTION
8FTM	3.01	X-RAY DIFFRACTION
8FTO	1.85	ELECTRON MICROSCOPY
8FUK	3.36	ELECTRON MICROSCOPY
8FVI	3.24	ELECTRON MICROSCOPY
8FVR	2.42	ELECTRON MICROSCOPY
8FVW	2.1	ELECTRON MICROSCOPY
8FVY	2.94	ELECTRON MICROSCOPY
8FW4	4.3	X-RAY DIFFRACTION
8FW7	2.0	X-RAY DIFFRACTION
8FY9	3.1	ELECTRON MICROSCOPY
8FYA	2.91	ELECTRON MICROSCOPY
8FYB	3.1	ELECTRON MICROSCOPY
8FYC	4.1	ELECTRON MICROSCOPY
8FYD	3.9	ELECTRON MICROSCOPY
8FYH	3.4	ELECTRON MICROSCOPY
8FZA	2.3	X-RAY DIFFRACTION
8FZD	3.1	ELECTRON MICROSCOPY
8FZE	3.0	ELECTRON MICROSCOPY
8FZF	3.2	ELECTRON MICROSCOPY
8FZG	3.1	ELECTRON MICROSCOPY
8FZH	2.9	ELECTRON MICROSCOPY
8FZI	3.1	ELECTRON MICROSCOPY
8FZJ	3.0	ELECTRON MICROSCOPY
8FZR	3.6	ELECTRON MICROSCOPY
8FZT	3.03	ELECTRON MICROSCOPY
8G00	3.4	ELECTRON MICROSCOPY
8G0H	3.8	X-RAY DIFFRACTION
8G0Z	3.61	ELECTRON MICROSCOPY
8G10	2.47	X-RAY DIFFRACTION
8G1I	3.12	ELECTRON MICROSCOPY
8G1J	2.3	X-RAY DIFFRACTION
8G1S	3.7	ELECTRON MICROSCOPY
8G23	2.71	X-RAY DIFFRACTION
8G29	2.55	X-RAY DIFFRACTION
8G2A	2.45	X-RAY DIFFRACTION
8G2B	2.55	X-RAY DIFFRACTION
8G2C	2.65	X-RAY DIFFRACTION
8G2D	2.7	X-RAY DIFFRACTION
8G2N	1.33	X-RAY DIFFRACTION
8G2P	2.521	X-RAY DIFFRACTION
8G2Q	2.37	X-RAY DIFFRACTION
8G2U	3.0	ELECTRON MICROSCOPY
8G2W	3.7	ELECTRON MICROSCOPY
8G31	3.2	ELECTRON MICROSCOPY
8G34	3.2	ELECTRON MICROSCOPY
8G38	3.2	ELECTRON MICROSCOPY
8G4G	2.17	X-RAY DIFFRACTION
8G4I	3.24	ELECTRON MICROSCOPY
8G4S	3.14	ELECTRON MICROSCOPY
8G4W	3.8	ELECTRON MICROSCOPY
8G57	3.07	ELECTRON MICROSCOPY
8G5I	2.75	ELECTRON MICROSCOPY
8G5J	2.63	ELECTRON MICROSCOPY
8G5K	2.9	ELECTRON MICROSCOPY
8G5L	3.0	ELECTRON MICROSCOPY
8G5M	2.58	ELECTRON MICROSCOPY
8G5N	2.73	ELECTRON MICROSCOPY
8G5O	2.61	ELECTRON MICROSCOPY
8G5P	2.78	ELECTRON MICROSCOPY
8G5Y	2.29	ELECTRON MICROSCOPY
8G5Z	2.64	ELECTRON MICROSCOPY
8G60	2.54	ELECTRON MICROSCOPY
8G61	2.94	ELECTRON MICROSCOPY
8G6G	2.93	ELECTRON MICROSCOPY
8G6H	3.06	ELECTRON MICROSCOPY
8G6J	2.8	ELECTRON MICROSCOPY
8G6Q	3.41	ELECTRON MICROSCOPY
8G6R	3.3	ELECTRON MICROSCOPY
8G6S	3.47	ELECTRON MICROSCOPY
8G6W	2.02	ELECTRON MICROSCOPY
8G6X	2.31	ELECTRON MICROSCOPY
8G6Y	2.09	ELECTRON MICROSCOPY
8G7E	3.9	ELECTRON MICROSCOPY
8G7P	2.9	ELECTRON MICROSCOPY
8G7Q	3.1	ELECTRON MICROSCOPY
8G7R	2.8	ELECTRON MICROSCOPY
8G7S	3.1	ELECTRON MICROSCOPY
8G7T	3.2	ELECTRON MICROSCOPY
8G7U	4.0	ELECTRON MICROSCOPY
8G7V	3.9	ELECTRON MICROSCOPY
8G86	2.3	ELECTRON MICROSCOPY
8G87	8.1	ELECTRON MICROSCOPY
8G88	2.3	ELECTRON MICROSCOPY
8G8B	4.3	ELECTRON MICROSCOPY
8G8E	3.9	ELECTRON MICROSCOPY
8G8G	3.2	ELECTRON MICROSCOPY
8G8H	1.64	X-RAY DIFFRACTION
8G8J	1.74	X-RAY DIFFRACTION
8G8Z	4.3	ELECTRON MICROSCOPY
8G90	1.2	X-RAY DIFFRACTION
8G91	1.2	X-RAY DIFFRACTION
8G9L	3.3	ELECTRON MICROSCOPY
8G9N	3.5	ELECTRON MICROSCOPY
8G9O	4.4	ELECTRON MICROSCOPY
8G9S	3.4	ELECTRON MICROSCOPY
8G9T	3.6	ELECTRON MICROSCOPY
8G9U	3.0	ELECTRON MICROSCOPY
8G9Z	2.07	X-RAY DIFFRACTION
8GAF	3.64	ELECTRON MICROSCOPY
8GAM	3.46	ELECTRON MICROSCOPY
8GAN	3.26	ELECTRON MICROSCOPY
8GAO	4.1	ELECTRON MICROSCOPY
8GAP	3.8	ELECTRON MICROSCOPY
8GBF	2.11	X-RAY DIFFRACTION
8GBJ	3.11	ELECTRON MICROSCOPY
8GCC	2.94	ELECTRON MICROSCOPY
8GD7	3.24	X-RAY DIFFRACTION
8GH5	2.64	X-RAY DIFFRACTION
8GH6	3.08	ELECTRON MICROSCOPY
8GH8	4.3	ELECTRON MICROSCOPY
8GHU	3.0	ELECTRON MICROSCOPY
8GIM	2.63	X-RAY DIFFRACTION
8GIN	2.75	X-RAY DIFFRACTION
8GIO	2.67	X-RAY DIFFRACTION
8GIP	2.7	X-RAY DIFFRACTION
8GIR	2.5	X-RAY DIFFRACTION
8GIS	2.46	X-RAY DIFFRACTION
8GIT	2.72	X-RAY DIFFRACTION
8GJ0	2.9	ELECTRON MICROSCOPY
8GJ1	3.0	ELECTRON MICROSCOPY
8GJ2	2.6	ELECTRON MICROSCOPY
8GJ3	2.8	ELECTRON MICROSCOPY
8GKH	2.7	ELECTRON MICROSCOPY
8GKR	2.784	X-RAY DIFFRACTION
8GLP	1.67	ELECTRON MICROSCOPY
8GLW	3.51	ELECTRON MICROSCOPY
8GLX	3.88	ELECTRON MICROSCOPY
8GME	4.98	X-RAY DIFFRACTION
8GML	2.567	X-RAY DIFFRACTION
8GMS	3.31	ELECTRON MICROSCOPY
8GMT	3.31	ELECTRON MICROSCOPY
8GMU	2.78	ELECTRON MICROSCOPY
8GN3	1.8	X-RAY DIFFRACTION
8GN4	1.9	X-RAY DIFFRACTION
8GNA	2.8	ELECTRON MICROSCOPY
8GP7	\N	SOLUTION NMR
8GPN	3.2	ELECTRON MICROSCOPY
8GRM	3.05	ELECTRON MICROSCOPY
8GRQ	3.87	ELECTRON MICROSCOPY
8GS2	2.84	ELECTRON MICROSCOPY
8GU6	3.1	ELECTRON MICROSCOPY
8GUI	2.81	ELECTRON MICROSCOPY
8GUJ	2.8	ELECTRON MICROSCOPY
8GUK	2.51	ELECTRON MICROSCOPY
8GW1	3.31	ELECTRON MICROSCOPY
8GWB	2.75	ELECTRON MICROSCOPY
8GWE	2.66	ELECTRON MICROSCOPY
8GWF	3.39	ELECTRON MICROSCOPY
8GWG	3.37	ELECTRON MICROSCOPY
8GWI	3.18	ELECTRON MICROSCOPY
8GWK	2.72	ELECTRON MICROSCOPY
8GWM	2.64	ELECTRON MICROSCOPY
8GWN	3.38	ELECTRON MICROSCOPY
8GWO	3.8	ELECTRON MICROSCOPY
8GXB	2.15	X-RAY DIFFRACTION
8GXC	2.5	X-RAY DIFFRACTION
8GXQ	5.04	ELECTRON MICROSCOPY
8GXS	4.16	ELECTRON MICROSCOPY
8GZG	3.13	ELECTRON MICROSCOPY
8GZH	2.96	ELECTRON MICROSCOPY
8GZJ	2.093	X-RAY DIFFRACTION
8GZK	2.94	X-RAY DIFFRACTION
8GZL	3.0	X-RAY DIFFRACTION
8GZM	2.55	X-RAY DIFFRACTION
8GZP	3.6	ELECTRON MICROSCOPY
8GZQ	3.9	ELECTRON MICROSCOPY
8GZR	2.8	ELECTRON MICROSCOPY
8H0I	2.8	ELECTRON MICROSCOPY
8H0L	1.8	X-RAY DIFFRACTION
8H0S	2.9	X-RAY DIFFRACTION
8H0V	3.8	ELECTRON MICROSCOPY
8H0W	4.6	ELECTRON MICROSCOPY
8H1B	1.55	X-RAY DIFFRACTION
8H1C	4.5	ELECTRON MICROSCOPY
8H1J	3.1	ELECTRON MICROSCOPY
8H1T	3.0	ELECTRON MICROSCOPY
8H2H	3.2	ELECTRON MICROSCOPY
8H3V	4.5	ELECTRON MICROSCOPY
8H40	3.6	ELECTRON MICROSCOPY
8H67	3.8	ELECTRON MICROSCOPY
8H69	3.7	ELECTRON MICROSCOPY
8H6E	3.2	ELECTRON MICROSCOPY
8H6J	3.25	ELECTRON MICROSCOPY
8H6K	2.7	ELECTRON MICROSCOPY
8H6L	2.6	ELECTRON MICROSCOPY
8H7A	1.92	X-RAY DIFFRACTION
8H7Q	3.8	ELECTRON MICROSCOPY
8H8E	3.81	ELECTRON MICROSCOPY
8H9D	3.1	X-RAY DIFFRACTION
8H9H	2.2	X-RAY DIFFRACTION
8HAG	3.2	ELECTRON MICROSCOPY
8HAH	3.9	ELECTRON MICROSCOPY
8HAI	4.7	ELECTRON MICROSCOPY
8HAJ	4.8	ELECTRON MICROSCOPY
8HAK	4.5	ELECTRON MICROSCOPY
8HAL	4.4	ELECTRON MICROSCOPY
8HAM	4.5	ELECTRON MICROSCOPY
8HAN	4.2	ELECTRON MICROSCOPY
8HB1	2.23	X-RAY DIFFRACTION
8HB3	2.87	X-RAY DIFFRACTION
8HB8	2.3	X-RAY DIFFRACTION
8HBA	2.64	X-RAY DIFFRACTION
8HBM	3.3	X-RAY DIFFRACTION
8HCL	1.99	X-RAY DIFFRACTION
8HCM	2.59	X-RAY DIFFRACTION
8HD6	3.73	ELECTRON MICROSCOPY
8HD7	3.52	ELECTRON MICROSCOPY
8HE5	6.95	ELECTRON MICROSCOPY
8HF0	3.72	ELECTRON MICROSCOPY
8HF1	3.7	ELECTRON MICROSCOPY
8HFR	2.64	ELECTRON MICROSCOPY
8HG1	2.8	ELECTRON MICROSCOPY
8HHL	2.87	ELECTRON MICROSCOPY
8HHM	3.08	ELECTRON MICROSCOPY
8HI1	3.09	ELECTRON MICROSCOPY
8HIG	2.329	X-RAY DIFFRACTION
8HIH	3.66	ELECTRON MICROSCOPY
8HIM	2.8	ELECTRON MICROSCOPY
8HIO	3.73	ELECTRON MICROSCOPY
8HIS	2.01	X-RAY DIFFRACTION
8HJ4	3.1	ELECTRON MICROSCOPY
8HK1	2.7	ELECTRON MICROSCOPY
8HKC	2.49	ELECTRON MICROSCOPY
8HKE	3.71	ELECTRON MICROSCOPY
8HKU	2.72	ELECTRON MICROSCOPY
8HKV	4.94	ELECTRON MICROSCOPY
8HKX	3.14	ELECTRON MICROSCOPY
8HKY	4.45	ELECTRON MICROSCOPY
8HKZ	4.78	ELECTRON MICROSCOPY
8HL1	3.93	ELECTRON MICROSCOPY
8HL2	4.1	ELECTRON MICROSCOPY
8HL3	4.8	ELECTRON MICROSCOPY
8HL4	4.62	ELECTRON MICROSCOPY
8HL5	5.72	ELECTRON MICROSCOPY
8HML	2.95	X-RAY DIFFRACTION
8HMW	\N	SOLUTION NMR
8HMY	2.94	ELECTRON MICROSCOPY
8HMZ	2.9	ELECTRON MICROSCOPY
8HNI	2.644	X-RAY DIFFRACTION
8HNT	3.06	X-RAY DIFFRACTION
8HNV	3.1	ELECTRON MICROSCOPY
8HNW	3.41	X-RAY DIFFRACTION
8HOV	2.77	X-RAY DIFFRACTION
8HPA	3.01	ELECTRON MICROSCOPY
8HQY	3.05	ELECTRON MICROSCOPY
8HR1	3.02	ELECTRON MICROSCOPY
8HR5	3.73	ELECTRON MICROSCOPY
8HRA	3.76	ELECTRON MICROSCOPY
8HRB	3.78	ELECTRON MICROSCOPY
8HSG	3.2	ELECTRON MICROSCOPY
8HSP	2.32	ELECTRON MICROSCOPY
8HSR	4.0	ELECTRON MICROSCOPY
8HT7	\N	SOLUTION NMR
8HTX	2.8	X-RAY DIFFRACTION
8HTZ	2.4	ELECTRON MICROSCOPY
8HU1	2.69	ELECTRON MICROSCOPY
8HU5	0.93	X-RAY DIFFRACTION
8HUD	3.43	ELECTRON MICROSCOPY
8HUJ	3.76	ELECTRON MICROSCOPY
8HVR	3.35	ELECTRON MICROSCOPY
8HWA	3.7	ELECTRON MICROSCOPY
8HWB	3.9	ELECTRON MICROSCOPY
8HWF	3.3	ELECTRON MICROSCOPY
8HWG	3.0	ELECTRON MICROSCOPY
8HWH	3.6	ELECTRON MICROSCOPY
8HXY	3.1	ELECTRON MICROSCOPY
8HXZ	3.4	ELECTRON MICROSCOPY
8HY0	3.1	ELECTRON MICROSCOPY
8HYJ	4.3	ELECTRON MICROSCOPY
8HZD	1.87	X-RAY DIFFRACTION
8HZE	1.59	X-RAY DIFFRACTION
8HZF	2.7	X-RAY DIFFRACTION
8HZJ	2.6	X-RAY DIFFRACTION
8HZK	2.0	X-RAY DIFFRACTION
8HZL	2.6	X-RAY DIFFRACTION
8HZM	2.5	X-RAY DIFFRACTION
8I0P	3.4	ELECTRON MICROSCOPY
8I0R	3.0	ELECTRON MICROSCOPY
8I0S	4.2	ELECTRON MICROSCOPY
8I0T	3.0	ELECTRON MICROSCOPY
8I0U	3.3	ELECTRON MICROSCOPY
8I0V	3.0	ELECTRON MICROSCOPY
8I0W	3.4	ELECTRON MICROSCOPY
8I23	3.03	ELECTRON MICROSCOPY
8I24	3.36	ELECTRON MICROSCOPY
8I3Q	3.1	ELECTRON MICROSCOPY
8I3Z	1.67	X-RAY DIFFRACTION
8I43	\N	SOLUTION NMR
8I44	\N	SOLUTION NMR
8I45	\N	SOLUTION NMR
8I46	\N	SOLUTION NMR
8I50	0.95	X-RAY DIFFRACTION
8I54	3.95	ELECTRON MICROSCOPY
8I6K	2.4	X-RAY DIFFRACTION
8I7J	4.6	ELECTRON MICROSCOPY
8I7N	2.98	ELECTRON MICROSCOPY
8I87	3.1	ELECTRON MICROSCOPY
8I88	3.7	ELECTRON MICROSCOPY
8I9P	3.0	ELECTRON MICROSCOPY
8I9R	3.1	ELECTRON MICROSCOPY
8I9T	3.6	ELECTRON MICROSCOPY
8I9V	3.1	ELECTRON MICROSCOPY
8I9W	3.1	ELECTRON MICROSCOPY
8I9X	2.8	ELECTRON MICROSCOPY
8I9Y	3.1	ELECTRON MICROSCOPY
8I9Z	2.7	ELECTRON MICROSCOPY
8IA0	2.7	ELECTRON MICROSCOPY
8IA3	3.5	X-RAY DIFFRACTION
8IAZ	3.0	ELECTRON MICROSCOPY
8IBW	3.6	ELECTRON MICROSCOPY
8IBX	3.74	ELECTRON MICROSCOPY
8IBY	3.47	ELECTRON MICROSCOPY
8IBZ	3.04	ELECTRON MICROSCOPY
8ICA	3.0	X-RAY DIFFRACTION
8ICB	3.1	X-RAY DIFFRACTION
8ICC	2.8	X-RAY DIFFRACTION
8ICE	3.2	X-RAY DIFFRACTION
8ICF	2.9	X-RAY DIFFRACTION
8ICG	3.3	X-RAY DIFFRACTION
8ICH	3.3	X-RAY DIFFRACTION
8ICI	2.8	X-RAY DIFFRACTION
8ICJ	3.2	X-RAY DIFFRACTION
8ICK	2.7	X-RAY DIFFRACTION
8ICL	3.1	X-RAY DIFFRACTION
8ICM	2.9	X-RAY DIFFRACTION
8ICN	2.8	X-RAY DIFFRACTION
8ICO	2.7	X-RAY DIFFRACTION
8ICP	2.9	X-RAY DIFFRACTION
8ICQ	3.0	X-RAY DIFFRACTION
8ICR	2.9	X-RAY DIFFRACTION
8ICS	2.9	X-RAY DIFFRACTION
8ICT	3.1	X-RAY DIFFRACTION
8ICU	3.0	X-RAY DIFFRACTION
8ICV	3.2	X-RAY DIFFRACTION
8ICW	3.3	X-RAY DIFFRACTION
8ICX	3.0	X-RAY DIFFRACTION
8ICY	3.1	X-RAY DIFFRACTION
8ICZ	3.1	X-RAY DIFFRACTION
8ID2	1.8	X-RAY DIFFRACTION
8IDF	3.7	X-RAY DIFFRACTION
8IDT	2.8	ELECTRON MICROSCOPY
8IDY	3.0	ELECTRON MICROSCOPY
8IE3	3.3	ELECTRON MICROSCOPY
8IEG	3.44	ELECTRON MICROSCOPY
8IEJ	3.12	ELECTRON MICROSCOPY
8IEW	3.1	ELECTRON MICROSCOPY
8IF5	\N	SOLUTION NMR
8IFB	2.43	ELECTRON MICROSCOPY
8IFC	2.9	ELECTRON MICROSCOPY
8IFD	2.59	ELECTRON MICROSCOPY
8IFE	2.57	ELECTRON MICROSCOPY
8IFK	2.54	ELECTRON MICROSCOPY
8IFL	3.11	ELECTRON MICROSCOPY
8IFM	2.92	ELECTRON MICROSCOPY
8IFO	2.2	X-RAY DIFFRACTION
8IGR	3.1	ELECTRON MICROSCOPY
8IGS	3.4	ELECTRON MICROSCOPY
8IHL	7.64	ELECTRON MICROSCOPY
8IHM	3.58	ELECTRON MICROSCOPY
8IHT	3.72	ELECTRON MICROSCOPY
8IJC	\N	SOLUTION NMR
8IJO	1.65	X-RAY DIFFRACTION
8IJP	1.55	X-RAY DIFFRACTION
8IK4	2.1	X-RAY DIFFRACTION
8IK5	1.989	X-RAY DIFFRACTION
8IK8	1.8	X-RAY DIFFRACTION
8IKD	2.1	X-RAY DIFFRACTION
8IKE	2.6	X-RAY DIFFRACTION
8ILD	2.25	X-RAY DIFFRACTION
8ILE	3.0	X-RAY DIFFRACTION
8ILF	2.3	X-RAY DIFFRACTION
8ILG	1.805	X-RAY DIFFRACTION
8ILH	2.1	X-RAY DIFFRACTION
8ILI	1.9	X-RAY DIFFRACTION
8ILW	2.712	X-RAY DIFFRACTION
8IN8	3.0	ELECTRON MICROSCOPY
8INB	3.1	ELECTRON MICROSCOPY
8INE	3.2	ELECTRON MICROSCOPY
8INF	3.0	ELECTRON MICROSCOPY
8INK	3.2	ELECTRON MICROSCOPY
8IP0	3.6	ELECTRON MICROSCOPY
8IP8	2.9	ELECTRON MICROSCOPY
8IP9	3.0	ELECTRON MICROSCOPY
8IPA	3.4	ELECTRON MICROSCOPY
8IPB	3.4	ELECTRON MICROSCOPY
8IPD	3.2	ELECTRON MICROSCOPY
8IPM	3.1	X-RAY DIFFRACTION
8IPP	2.007	X-RAY DIFFRACTION
8IPX	4.3	ELECTRON MICROSCOPY
8IPY	3.2	ELECTRON MICROSCOPY
8IQI	3.32	ELECTRON MICROSCOPY
8IR1	3.3	ELECTRON MICROSCOPY
8IR3	3.5	ELECTRON MICROSCOPY
8ISS	3.19	ELECTRON MICROSCOPY
8ISZ	3.27	ELECTRON MICROSCOPY
8IT0	3.5	ELECTRON MICROSCOPY
8IT1	3.41	ELECTRON MICROSCOPY
8ITS	1.94	X-RAY DIFFRACTION
8ITY	3.9	ELECTRON MICROSCOPY
8IUE	4.1	ELECTRON MICROSCOPY
8IUH	3.4	ELECTRON MICROSCOPY
8IUO	3.96	ELECTRON MICROSCOPY
8IYQ	2.46	ELECTRON MICROSCOPY
8J0K	2.1	X-RAY DIFFRACTION
8J0R	2.1	X-RAY DIFFRACTION
8J12	3.08	ELECTRON MICROSCOPY
8J1J	2.91	ELECTRON MICROSCOPY
8J1Q	3.3	ELECTRON MICROSCOPY
8J1Z	2.6	ELECTRON MICROSCOPY
8J26	3.4	ELECTRON MICROSCOPY
8J3R	2.95	ELECTRON MICROSCOPY
8J54	2.72	X-RAY DIFFRACTION
8J62	2.5	ELECTRON MICROSCOPY
8J6S	3.8	ELECTRON MICROSCOPY
8J6T	6.6	ELECTRON MICROSCOPY
8J70	1.85	X-RAY DIFFRACTION
8J71	1.85	X-RAY DIFFRACTION
8J72	3.16	X-RAY DIFFRACTION
8J7R	3.7	ELECTRON MICROSCOPY
8J7S	2.84	ELECTRON MICROSCOPY
8J86	3.22	ELECTRON MICROSCOPY
8J8F	2.98	ELECTRON MICROSCOPY
8J8G	2.79	ELECTRON MICROSCOPY
8J8H	3.4	ELECTRON MICROSCOPY
8J90	4.71	ELECTRON MICROSCOPY
8J91	2.9	ELECTRON MICROSCOPY
8J92	2.9	ELECTRON MICROSCOPY
8J9G	3.5	ELECTRON MICROSCOPY
8J9P	3.4	ELECTRON MICROSCOPY
8J9V	2.71	ELECTRON MICROSCOPY
8J9W	2.76	ELECTRON MICROSCOPY
8J9X	3.0	ELECTRON MICROSCOPY
8JA0	3.52	ELECTRON MICROSCOPY
8JAY	4.2	ELECTRON MICROSCOPY
8JBB	1.81	X-RAY DIFFRACTION
8JBX	3.35	ELECTRON MICROSCOPY
8JCC	3.42	ELECTRON MICROSCOPY
8JCD	3.14	ELECTRON MICROSCOPY
8JCH	2.7	ELECTRON MICROSCOPY
8JDJ	2.5	ELECTRON MICROSCOPY
8JDK	2.26	ELECTRON MICROSCOPY
8JDL	2.42	ELECTRON MICROSCOPY
8JDM	2.67	ELECTRON MICROSCOPY
8JFQ	\N	SOLUTION NMR
8JFR	3.1	X-RAY DIFFRACTION
8JFT	3.31	ELECTRON MICROSCOPY
8JFU	3.15	X-RAY DIFFRACTION
8JG9	3.82	ELECTRON MICROSCOPY
8JH1	2.89	X-RAY DIFFRACTION
8JH2	5.7	ELECTRON MICROSCOPY
8JH3	3.7	ELECTRON MICROSCOPY
8JH4	3.2	ELECTRON MICROSCOPY
8JHF	3.68	ELECTRON MICROSCOPY
8JHG	3.58	ELECTRON MICROSCOPY
8JHO	7.6	ELECTRON MICROSCOPY
8JHP	\N	SOLUTION NMR
8JIC	\N	SOLUTION NMR
8JIH	\N	SOLUTION NMR
8JIV	2.84	ELECTRON MICROSCOPY
8JIW	2.88	ELECTRON MICROSCOPY
8JKE	3.67	ELECTRON MICROSCOPY
8JKK	2.3	X-RAY DIFFRACTION
8JKL	2.94	X-RAY DIFFRACTION
8JKN	2.92	X-RAY DIFFRACTION
8JKO	2.95	X-RAY DIFFRACTION
8JKQ	3.09	X-RAY DIFFRACTION
8JKS	3.3	X-RAY DIFFRACTION
8JL0	3.1	ELECTRON MICROSCOPY
8JL9	2.65	ELECTRON MICROSCOPY
8JLA	3.44	ELECTRON MICROSCOPY
8JLB	2.36	ELECTRON MICROSCOPY
8JLD	2.48	ELECTRON MICROSCOPY
8JMJ	2.57	X-RAY DIFFRACTION
8JMK	2.7	X-RAY DIFFRACTION
8JND	3.66	ELECTRON MICROSCOPY
8JNE	4.68	ELECTRON MICROSCOPY
8JNF	6.91	ELECTRON MICROSCOPY
8JNK	2.69	X-RAY DIFFRACTION
8JNR	3.66	X-RAY DIFFRACTION
8JO2	2.74	ELECTRON MICROSCOPY
8JOZ	2.22	X-RAY DIFFRACTION
8JPX	2.9	ELECTRON MICROSCOPY
8JQ0	2.9	X-RAY DIFFRACTION
8JR8	3.48	ELECTRON MICROSCOPY
8JSG	4.6	ELECTRON MICROSCOPY
8JSH	4.4	ELECTRON MICROSCOPY
8JSI	2.9	ELECTRON MICROSCOPY
8JSL	2.95	ELECTRON MICROSCOPY
8JSM	3.3	ELECTRON MICROSCOPY
8JSN	3.4	ELECTRON MICROSCOPY
8JTJ	3.08	ELECTRON MICROSCOPY
8JTR	3.21	ELECTRON MICROSCOPY
8JY0	2.75	X-RAY DIFFRACTION
8K0K	2.995	X-RAY DIFFRACTION
8K0P	2.99	ELECTRON MICROSCOPY
8K0Q	3.14	ELECTRON MICROSCOPY
8K0R	2.65	ELECTRON MICROSCOPY
8K0S	3.41	ELECTRON MICROSCOPY
8K15	2.58	ELECTRON MICROSCOPY
8K21	3.8	ELECTRON MICROSCOPY
8K22	2.92	ELECTRON MICROSCOPY
8K23	3.75	ELECTRON MICROSCOPY
8K24	3.72	ELECTRON MICROSCOPY
8K25	3.4	ELECTRON MICROSCOPY
8K27	3.6	ELECTRON MICROSCOPY
8K28	3.54	ELECTRON MICROSCOPY
8K29	3.18	ELECTRON MICROSCOPY
8K2A	2.9	ELECTRON MICROSCOPY
8K2B	3.4	ELECTRON MICROSCOPY
8K2C	2.4	ELECTRON MICROSCOPY
8K2D	3.2	ELECTRON MICROSCOPY
8K34	2.81	ELECTRON MICROSCOPY
8K3D	2.3	X-RAY DIFFRACTION
8K3O	3.88	ELECTRON MICROSCOPY
8K4E	3.4	ELECTRON MICROSCOPY
8K4L	2.1	X-RAY DIFFRACTION
8K58	3.15	ELECTRON MICROSCOPY
8K59	3.5	ELECTRON MICROSCOPY
8K5A	3.3	ELECTRON MICROSCOPY
8K5P	2.8	ELECTRON MICROSCOPY
8K60	3.4	ELECTRON MICROSCOPY
8K82	3.0	ELECTRON MICROSCOPY
8K86	2.06	X-RAY DIFFRACTION
8K87	2.9	ELECTRON MICROSCOPY
8K88	2.6	ELECTRON MICROSCOPY
8K8A	2.07	X-RAY DIFFRACTION
8K8B	\N	SOLUTION NMR
8K8C	2.06	X-RAY DIFFRACTION
8K8D	2.2	X-RAY DIFFRACTION
8K8S	3.06	ELECTRON MICROSCOPY
8K8U	3.05	ELECTRON MICROSCOPY
8K9G	3.49	ELECTRON MICROSCOPY
8KA3	3.0	X-RAY DIFFRACTION
8KA5	2.8	X-RAY DIFFRACTION
8KAB	3.3	ELECTRON MICROSCOPY
8KAG	3.88	X-RAY DIFFRACTION
8KAH	3.36	X-RAY DIFFRACTION
8KAI	3.49	X-RAY DIFFRACTION
8KAJ	3.42	X-RAY DIFFRACTION
8KAK	3.6	X-RAY DIFFRACTION
8KAL	3.16	X-RAY DIFFRACTION
8KAM	3.91	X-RAY DIFFRACTION
8KB5	2.26133	ELECTRON MICROSCOPY
8KBC	2.8	X-RAY DIFFRACTION
8KBD	3.15	X-RAY DIFFRACTION
8KBF	2.31	X-RAY DIFFRACTION
8KBH	1.54	X-RAY DIFFRACTION
8KCB	3.17	ELECTRON MICROSCOPY
8KCC	3.1	ELECTRON MICROSCOPY
8KCM	2.5	X-RAY DIFFRACTION
8KD2	3.02	ELECTRON MICROSCOPY
8KD3	2.9	ELECTRON MICROSCOPY
8KD4	2.93	ELECTRON MICROSCOPY
8KD5	2.9	ELECTRON MICROSCOPY
8KD6	3.07	ELECTRON MICROSCOPY
8KD7	3.09	ELECTRON MICROSCOPY
8KD9	2.87	ELECTRON MICROSCOPY
8KDA	3.19	ELECTRON MICROSCOPY
8KF9	\N	SOLUTION NMR
8KFL	\N	SOLUTION NMR
8KFR	2.1	X-RAY DIFFRACTION
8KFS	2.15	X-RAY DIFFRACTION
8KFT	2.43	X-RAY DIFFRACTION
8KFU	2.3	X-RAY DIFFRACTION
8KFV	2.19	X-RAY DIFFRACTION
8KFW	2.3	X-RAY DIFFRACTION
8KG6	3.07	ELECTRON MICROSCOPY
8KG8	4.23	ELECTRON MICROSCOPY
8KG9	4.52	ELECTRON MICROSCOPY
8KGF	2.9	ELECTRON MICROSCOPY
8KGM	4.8	ELECTRON MICROSCOPY
8KGN	5.9	ELECTRON MICROSCOPY
8KGQ	5.6	ELECTRON MICROSCOPY
8KGR	3.2	ELECTRON MICROSCOPY
8KI7	3.7	ELECTRON MICROSCOPY
8KI8	3.2	ELECTRON MICROSCOPY
8KIE	2.5	ELECTRON MICROSCOPY
8MHT	2.76	X-RAY DIFFRACTION
8OE3	1.08	X-RAY DIFFRACTION
8OE7	1.25	X-RAY DIFFRACTION
8OE8	1.3	X-RAY DIFFRACTION
8OE9	1.04	X-RAY DIFFRACTION
8OEA	1.5	X-RAY DIFFRACTION
8OEB	1.8	X-RAY DIFFRACTION
8OEC	2.1	X-RAY DIFFRACTION
8OEJ	7.96	ELECTRON MICROSCOPY
8OEL	8.24	ELECTRON MICROSCOPY
8OEQ	3.3	X-RAY DIFFRACTION
8OET	2.11	X-RAY DIFFRACTION
8OEU	3.04	ELECTRON MICROSCOPY
8OEV	2.86	ELECTRON MICROSCOPY
8OEW	2.8	ELECTRON MICROSCOPY
8OEX	1.07	X-RAY DIFFRACTION
8OEZ	1.64	X-RAY DIFFRACTION
8OF0	3.05	ELECTRON MICROSCOPY
8OF4	2.94	ELECTRON MICROSCOPY
8OFC	\N	SOLUTION NMR
8OFF	3.4	ELECTRON MICROSCOPY
8OGJ	3.1	ELECTRON MICROSCOPY
8OH6	3.35	X-RAY DIFFRACTION
8OHD	3.1	ELECTRON MICROSCOPY
8OI5	2.9	X-RAY DIFFRACTION
8OIN	3.6	ELECTRON MICROSCOPY
8OIP	3.6	ELECTRON MICROSCOPY
8OIQ	3.5	ELECTRON MICROSCOPY
8OIR	3.1	ELECTRON MICROSCOPY
8OIS	3.0	ELECTRON MICROSCOPY
8OIT	2.9	ELECTRON MICROSCOPY
8OIV	2.12	X-RAY DIFFRACTION
8OJ0	3.3	ELECTRON MICROSCOPY
8OJ1	2.57	X-RAY DIFFRACTION
8OJ2	2.56	X-RAY DIFFRACTION
8OJ3	3.5	X-RAY DIFFRACTION
8OJ5	2.9	ELECTRON MICROSCOPY
8OJ6	2.41	ELECTRON MICROSCOPY
8OJ7	2.46	ELECTRON MICROSCOPY
8OJ8	3.3	ELECTRON MICROSCOPY
8OJA	1.87	ELECTRON MICROSCOPY
8OJB	1.9	ELECTRON MICROSCOPY
8OJC	2.08	ELECTRON MICROSCOPY
8OJD	2.46	ELECTRON MICROSCOPY
8OK9	2.5	X-RAY DIFFRACTION
8OKD	3.1	ELECTRON MICROSCOPY
8OKI	3.45	ELECTRON MICROSCOPY
8OL1	3.5	ELECTRON MICROSCOPY
8OLS	3.0	X-RAY DIFFRACTION
8OLV	2.81	X-RAY DIFFRACTION
8OLW	4.0	X-RAY DIFFRACTION
8OLX	3.1	ELECTRON MICROSCOPY
8OLY	3.11	X-RAY DIFFRACTION
8OLZ	3.31	X-RAY DIFFRACTION
8OM0	3.61	X-RAY DIFFRACTION
8OM2	2.57	ELECTRON MICROSCOPY
8OM3	2.87	ELECTRON MICROSCOPY
8OM4	2.32	ELECTRON MICROSCOPY
8OM9	3.32	ELECTRON MICROSCOPY
8OMA	3.29	ELECTRON MICROSCOPY
8OMR	3.3	ELECTRON MICROSCOPY
8ONY	2.92	ELECTRON MICROSCOPY
8ONZ	2.94	ELECTRON MICROSCOPY
8OO0	3.1	ELECTRON MICROSCOPY
8OO6	4.3	ELECTRON MICROSCOPY
8OO7	2.8	ELECTRON MICROSCOPY
8OO9	3.2	ELECTRON MICROSCOPY
8OOA	3.18	ELECTRON MICROSCOPY
8OOP	2.7	ELECTRON MICROSCOPY
8OOS	3.29	ELECTRON MICROSCOPY
8OOU	2.9	ELECTRON MICROSCOPY
8OOY	4.0	ELECTRON MICROSCOPY
8OP1	3.5	ELECTRON MICROSCOPY
8OP2	2.8	ELECTRON MICROSCOPY
8OPC	2.99	ELECTRON MICROSCOPY
8OPE	3.09	ELECTRON MICROSCOPY
8OPL	2.41	ELECTRON MICROSCOPY
8OPP	3.76	ELECTRON MICROSCOPY
8OPS	3.82	ELECTRON MICROSCOPY
8OPT	3.65	ELECTRON MICROSCOPY
8OR8	\N	SOLUTION NMR
8OSB	2.9	X-RAY DIFFRACTION
8OSJ	6.2	ELECTRON MICROSCOPY
8OSK	3.6	ELECTRON MICROSCOPY
8OSL	4.9	ELECTRON MICROSCOPY
8OST	3.69	ELECTRON MICROSCOPY
8OTS	3.3	ELECTRON MICROSCOPY
8OTT	3.3	ELECTRON MICROSCOPY
8OUE	2.7	ELECTRON MICROSCOPY
8OUF	3.1	ELECTRON MICROSCOPY
8OUW	3.75	ELECTRON MICROSCOPY
8OVA	2.47	ELECTRON MICROSCOPY
8OVE	2.6	ELECTRON MICROSCOPY
8OVJ	2.4	ELECTRON MICROSCOPY
8OVW	3.4	ELECTRON MICROSCOPY
8OW0	3.4	ELECTRON MICROSCOPY
8OW1	3.7	ELECTRON MICROSCOPY
8OW4	2.75	X-RAY DIFFRACTION
8OX0	2.52	ELECTRON MICROSCOPY
8OX1	2.7	ELECTRON MICROSCOPY
8OY3	2.16	X-RAY DIFFRACTION
8OY4	2.35	X-RAY DIFFRACTION
8OY5	2.27	X-RAY DIFFRACTION
8OY6	2.35	X-RAY DIFFRACTION
8OY7	2.36	X-RAY DIFFRACTION
8OY8	2.39	X-RAY DIFFRACTION
8OY9	2.24	X-RAY DIFFRACTION
8OYA	2.18	X-RAY DIFFRACTION
8OYB	2.25	X-RAY DIFFRACTION
8OYC	2.5	X-RAY DIFFRACTION
8OYR	2.21	X-RAY DIFFRACTION
8OZ0	3.5	ELECTRON MICROSCOPY
8OZ6	3.97	ELECTRON MICROSCOPY
8OZ7	2.75	X-RAY DIFFRACTION
8OZD	3.89	ELECTRON MICROSCOPY
8OZE	2.91	ELECTRON MICROSCOPY
8OZF	3.73	ELECTRON MICROSCOPY
8OZG	3.37	ELECTRON MICROSCOPY
8OZI	3.22	ELECTRON MICROSCOPY
8P03	3.04	ELECTRON MICROSCOPY
8P09	3.3	ELECTRON MICROSCOPY
8P0B	2.87	ELECTRON MICROSCOPY
8P0G	3.17	ELECTRON MICROSCOPY
8P0J	2.39	ELECTRON MICROSCOPY
8P0K	2.64	ELECTRON MICROSCOPY
8P0N	2.58	ELECTRON MICROSCOPY
8P0U	2.92	ELECTRON MICROSCOPY
8P16	2.77	ELECTRON MICROSCOPY
8P17	2.78	ELECTRON MICROSCOPY
8P18	2.77	ELECTRON MICROSCOPY
8P1M	3.23	ELECTRON MICROSCOPY
8P1N	2.79	ELECTRON MICROSCOPY
8P2F	2.44	ELECTRON MICROSCOPY
8P2G	2.02	ELECTRON MICROSCOPY
8P2H	2.49	ELECTRON MICROSCOPY
8P2K	2.9	ELECTRON MICROSCOPY
8P4A	3.6	ELECTRON MICROSCOPY
8P4B	3.2	ELECTRON MICROSCOPY
8P4C	3.8	ELECTRON MICROSCOPY
8P4D	3.6	ELECTRON MICROSCOPY
8P4E	3.9	ELECTRON MICROSCOPY
8P4F	4.0	ELECTRON MICROSCOPY
8P4V	3.16	X-RAY DIFFRACTION
8P5D	10.8	ELECTRON MICROSCOPY
8P5E	3.9	ELECTRON MICROSCOPY
8P5Q	2.14	X-RAY DIFFRACTION
8P60	14.3	ELECTRON MICROSCOPY
8P62	3.9	ELECTRON MICROSCOPY
8P63	3.7	ELECTRON MICROSCOPY
8P6B	2.5	X-RAY DIFFRACTION
8P6P	3.2	ELECTRON MICROSCOPY
8P7B	2.42	ELECTRON MICROSCOPY
8P7C	3.7	ELECTRON MICROSCOPY
8P7D	4.2	ELECTRON MICROSCOPY
8P7X	3.03	ELECTRON MICROSCOPY
8P7Y	3.7	ELECTRON MICROSCOPY
8P8B	2.9	ELECTRON MICROSCOPY
8P8M	2.66	ELECTRON MICROSCOPY
8P8N	2.15	ELECTRON MICROSCOPY
8P8U	2.23	ELECTRON MICROSCOPY
8P8V	8.7	ELECTRON MICROSCOPY
8P8W	8.7	ELECTRON MICROSCOPY
8P9A	2.9	X-RAY DIFFRACTION
8PBC	2.61	ELECTRON MICROSCOPY
8PBD	2.83	ELECTRON MICROSCOPY
8PBL	2.87	ELECTRON MICROSCOPY
8PC5	3.02	ELECTRON MICROSCOPY
8PC6	3.04	ELECTRON MICROSCOPY
8PDE	2.4	X-RAY DIFFRACTION
8PDL	3.1	ELECTRON MICROSCOPY
8PDM	3.3	ELECTRON MICROSCOPY
8PDN	4.7	ELECTRON MICROSCOPY
8PDO	3.1	ELECTRON MICROSCOPY
8PDP	2.9	ELECTRON MICROSCOPY
8PDQ	3.1	ELECTRON MICROSCOPY
8PDR	4.0	ELECTRON MICROSCOPY
8PDS	2.9	ELECTRON MICROSCOPY
8PDY	2.8	ELECTRON MICROSCOPY
8PE3	1.96	X-RAY DIFFRACTION
8PEG	3.3	ELECTRON MICROSCOPY
8PEN	3.1	ELECTRON MICROSCOPY
8PEO	2.69	ELECTRON MICROSCOPY
8PEP	3.33	ELECTRON MICROSCOPY
8PFG	3.1	ELECTRON MICROSCOPY
8PFJ	3.4	ELECTRON MICROSCOPY
8PFK	1.321	X-RAY DIFFRACTION
8PFQ	1.01	X-RAY DIFFRACTION
8PFR	2.15	ELECTRON MICROSCOPY
8PH9	3.0	ELECTRON MICROSCOPY
8PHJ	3.67	ELECTRON MICROSCOPY
8PHK	3.1	ELECTRON MICROSCOPY
8PI7	3.2	X-RAY DIFFRACTION
8PI8	2.3	X-RAY DIFFRACTION
8PI9	2.8	X-RAY DIFFRACTION
8PIA	2.8	X-RAY DIFFRACTION
8PIB	2.6	ELECTRON MICROSCOPY
8PID	3.0	ELECTRON MICROSCOPY
8PIL	3.2	ELECTRON MICROSCOPY
8PIM	3.4	ELECTRON MICROSCOPY
8PIP	2.0	X-RAY DIFFRACTION
8PJ1	3.4	ELECTRON MICROSCOPY
8PJ2	3.4	ELECTRON MICROSCOPY
8PJ3	3.7	ELECTRON MICROSCOPY
8PJ4	3.2	ELECTRON MICROSCOPY
8PJ5	2.9	ELECTRON MICROSCOPY
8PJ6	2.9	ELECTRON MICROSCOPY
8PJ9	3.24	ELECTRON MICROSCOPY
8PJB	3.62	ELECTRON MICROSCOPY
8PJJ	4.24	ELECTRON MICROSCOPY
8PJL	2.0	X-RAY DIFFRACTION
8PK0	3.03	ELECTRON MICROSCOPY
8PK1	3.17	ELECTRON MICROSCOPY
8PKI	2.58	ELECTRON MICROSCOPY
8PKJ	2.5	ELECTRON MICROSCOPY
8PKL	3.09	ELECTRON MICROSCOPY
8PM0	2.9	ELECTRON MICROSCOPY
8PM4	2.93	ELECTRON MICROSCOPY
8PM5	2.4	X-RAY DIFFRACTION
8PM7	1.7	X-RAY DIFFRACTION
8PMB	\N	SOLUTION NMR
8PMC	1.85	X-RAY DIFFRACTION
8PMF	0.95	X-RAY DIFFRACTION
8PMN	1.3	X-RAY DIFFRACTION
8PMV	2.1	X-RAY DIFFRACTION
8PN4	2.6	X-RAY DIFFRACTION
8PNA	1.45	X-RAY DIFFRACTION
8PNC	2.05	X-RAY DIFFRACTION
8PNF	2.9	ELECTRON MICROSCOPY
8PNP	2.49	ELECTRON MICROSCOPY
8PNQ	2.88	ELECTRON MICROSCOPY
8PO7	2.26	X-RAY DIFFRACTION
8PO8	2.52	X-RAY DIFFRACTION
8POH	3.3	ELECTRON MICROSCOPY
8POP	3.0	ELECTRON MICROSCOPY
8POT	2.149	X-RAY DIFFRACTION
8PP6	3.18	ELECTRON MICROSCOPY
8PP7	2.91	ELECTRON MICROSCOPY
8PPK	2.98	ELECTRON MICROSCOPY
8PPL	2.65	ELECTRON MICROSCOPY
8PPT	2.9	ELECTRON MICROSCOPY
8PPU	3.02	ELECTRON MICROSCOPY
8PPV	3.02	ELECTRON MICROSCOPY
8PSB	\N	SOLUTION NMR
8PSC	\N	SOLUTION NMR
8PSE	\N	SOLUTION NMR
8PSH	\N	SOLUTION NMR
8PSI	\N	SOLUTION NMR
8PSN	2.73	ELECTRON MICROSCOPY
8PSO	2.4	ELECTRON MICROSCOPY
8PSQ	2.65	ELECTRON MICROSCOPY
8PSS	2.83	ELECTRON MICROSCOPY
8PSU	3.18	ELECTRON MICROSCOPY
8PSX	2.96	ELECTRON MICROSCOPY
8PSZ	2.42	ELECTRON MICROSCOPY
8PT2	2.59	ELECTRON MICROSCOPY
8PT6	3.03	ELECTRON MICROSCOPY
8PT7	2.8	ELECTRON MICROSCOPY
8PTG	2.9	ELECTRON MICROSCOPY
8PTH	2.73	ELECTRON MICROSCOPY
8PTJ	2.86	ELECTRON MICROSCOPY
8PTX	2.87	ELECTRON MICROSCOPY
8PTZ	3.35	ELECTRON MICROSCOPY
8PU0	4.25	ELECTRON MICROSCOPY
8PV1	2.56	ELECTRON MICROSCOPY
8PV2	2.63	ELECTRON MICROSCOPY
8PV3	2.8	ELECTRON MICROSCOPY
8PV4	2.9	ELECTRON MICROSCOPY
8PV5	2.86	ELECTRON MICROSCOPY
8PV6	2.94	ELECTRON MICROSCOPY
8PV7	2.12	ELECTRON MICROSCOPY
8PV8	2.91	ELECTRON MICROSCOPY
8PVA	4.5	ELECTRON MICROSCOPY
8PVK	2.55	ELECTRON MICROSCOPY
8PVL	2.19	ELECTRON MICROSCOPY
8PVV	2.81	ELECTRON MICROSCOPY
8PW0	2.2	X-RAY DIFFRACTION
8PWR	\N	SOLUTION NMR
8PXS	\N	SOLID-STATE NMR
8PZP	8.7	ELECTRON MICROSCOPY
8PZQ	5.3	ELECTRON MICROSCOPY
8Q2N	2.98	ELECTRON MICROSCOPY
8Q36	2.604	X-RAY DIFFRACTION
8Q3E	2.174	X-RAY DIFFRACTION
8Q3M	2.503	X-RAY DIFFRACTION
8Q3W	3.18	ELECTRON MICROSCOPY
8Q3X	2.301	X-RAY DIFFRACTION
8Q3Z	3.15	X-RAY DIFFRACTION
8Q40	2.21	X-RAY DIFFRACTION
8Q41	2.38	X-RAY DIFFRACTION
8Q42	1.97	X-RAY DIFFRACTION
8Q43	2.28	X-RAY DIFFRACTION
8Q44	2.3	X-RAY DIFFRACTION
8Q4D	3.62	ELECTRON MICROSCOPY
8Q4F	3.1	ELECTRON MICROSCOPY
8Q4O	\N	SOLUTION NMR
8Q5I	2.45	ELECTRON MICROSCOPY
8Q5O	2.33	X-RAY DIFFRACTION
8Q5Q	\N	SOLUTION NMR
8Q63	3.68	ELECTRON MICROSCOPY
8Q6N	2.63	X-RAY DIFFRACTION
8Q72	4.17	ELECTRON MICROSCOPY
8Q7D	3.07	ELECTRON MICROSCOPY
8Q7N	3.1	ELECTRON MICROSCOPY
8Q7Q	3.2	ELECTRON MICROSCOPY
8Q7V	3.8	ELECTRON MICROSCOPY
8Q7W	3.9	ELECTRON MICROSCOPY
8Q7X	4.6	ELECTRON MICROSCOPY
8Q7Z	2.5	ELECTRON MICROSCOPY
8Q87	2.4	ELECTRON MICROSCOPY
8Q91	3.1	ELECTRON MICROSCOPY
8Q9N	1.51	X-RAY DIFFRACTION
8Q9P	2.2	X-RAY DIFFRACTION
8Q9Q	2.11	X-RAY DIFFRACTION
8Q9R	2.25	X-RAY DIFFRACTION
8Q9T	2.84	ELECTRON MICROSCOPY
8QA9	2.7	X-RAY DIFFRACTION
8QBK	2.99	ELECTRON MICROSCOPY
8QBL	2.66	ELECTRON MICROSCOPY
8QBM	3.09	ELECTRON MICROSCOPY
8QBT	2.2	ELECTRON MICROSCOPY
8QCA	2.84	ELECTRON MICROSCOPY
8QCF	2.55	ELECTRON MICROSCOPY
8QCQ	2.3	ELECTRON MICROSCOPY
8QDU	\N	SOLUTION NMR
8QDX	3.0	ELECTRON MICROSCOPY
8QE4	\N	SOLUTION NMR
8QEK	3.6	ELECTRON MICROSCOPY
8QEM	3.96	ELECTRON MICROSCOPY
8QEQ	3.1	ELECTRON MICROSCOPY
8QFD	2.2	ELECTRON MICROSCOPY
8QFS	2.7	ELECTRON MICROSCOPY
8QG0	3.43	ELECTRON MICROSCOPY
8QGT	2.8	ELECTRON MICROSCOPY
8QH3	2.81	ELECTRON MICROSCOPY
8QHC	3.1	ELECTRON MICROSCOPY
8QIE	2.43	ELECTRON MICROSCOPY
8QJK	1.761	X-RAY DIFFRACTION
8QK7	2.77	ELECTRON MICROSCOPY
8QKT	3.261	X-RAY DIFFRACTION
8QKU	3.8	ELECTRON MICROSCOPY
8QKV	4.7	ELECTRON MICROSCOPY
8QKX	\N	SOLUTION NMR
8QLP	3.14	ELECTRON MICROSCOPY
8QMB	2.0	X-RAY DIFFRACTION
8QMC	2.402	X-RAY DIFFRACTION
8QMH	1.1	X-RAY DIFFRACTION
8QMI	1.5	X-RAY DIFFRACTION
8QO2	7.1	ELECTRON MICROSCOPY
8QO3	6.6	ELECTRON MICROSCOPY
8QO4	5.9	ELECTRON MICROSCOPY
8QO5	6.5	ELECTRON MICROSCOPY
8QO9	5.29	ELECTRON MICROSCOPY
8QOA	2.0	ELECTRON MICROSCOPY
8QOI	1.9	ELECTRON MICROSCOPY
8QOR	\N	SOLUTION NMR
8QOZ	3.1	ELECTRON MICROSCOPY
8QP8	3.5	ELECTRON MICROSCOPY
8QP9	4.1	ELECTRON MICROSCOPY
8QPA	3.7	ELECTRON MICROSCOPY
8QPB	3.7	ELECTRON MICROSCOPY
8QPE	3.1	ELECTRON MICROSCOPY
8QPK	4.2	ELECTRON MICROSCOPY
8QPP	3.4	ELECTRON MICROSCOPY
8QQI	2.9	ELECTRON MICROSCOPY
8QQS	2.9	ELECTRON MICROSCOPY
8QQU	2.9	ELECTRON MICROSCOPY
8QRK	6.69	ELECTRON MICROSCOPY
8QRL	3.34	ELECTRON MICROSCOPY
8QRM	3.05	ELECTRON MICROSCOPY
8QRN	2.98	ELECTRON MICROSCOPY
8QSJ	3.0	ELECTRON MICROSCOPY
8QSZ	2.67	ELECTRON MICROSCOPY
8QTI	3.09	ELECTRON MICROSCOPY
8QU1	2.74	ELECTRON MICROSCOPY
8QU5	2.42	ELECTRON MICROSCOPY
8QU6	3.45	ELECTRON MICROSCOPY
8QUE	3.3	ELECTRON MICROSCOPY
8QWE	3.14	ELECTRON MICROSCOPY
8QWF	3.08	ELECTRON MICROSCOPY
8QXD	9.6	ELECTRON MICROSCOPY
8QYV	3.5	ELECTRON MICROSCOPY
8QYX	1.78	ELECTRON MICROSCOPY
8QZ0	3.8	ELECTRON MICROSCOPY
8QZ8	3.13	ELECTRON MICROSCOPY
8QZM	3.1	ELECTRON MICROSCOPY
8QZS	4.1	ELECTRON MICROSCOPY
8R08	6.1	ELECTRON MICROSCOPY
8R09	4.3	ELECTRON MICROSCOPY
8R0A	5.8	ELECTRON MICROSCOPY
8R0B	4.4	ELECTRON MICROSCOPY
8R0S	2.35	X-RAY DIFFRACTION
8R1X	\N	SOLUTION NMR
8R2M	3.44	ELECTRON MICROSCOPY
8R3G	4.4	ELECTRON MICROSCOPY
8R3K	3.43	ELECTRON MICROSCOPY
8R3L	3.25	ELECTRON MICROSCOPY
8R3M	3.49	ELECTRON MICROSCOPY
8R3V	3.28	ELECTRON MICROSCOPY
8R3Z	3.4	ELECTRON MICROSCOPY
8R4E	\N	SOLUTION NMR
8R4W	\N	SOLUTION NMR
8R55	3.57	ELECTRON MICROSCOPY
8R57	2.55	ELECTRON MICROSCOPY
8R60	3.23	ELECTRON MICROSCOPY
8R62	\N	SOLUTION NMR
8R63	\N	SOLUTION NMR
8R65	4.23	ELECTRON MICROSCOPY
8R6C	2.2	ELECTRON MICROSCOPY
8R6D	\N	SOLUTION NMR
8R6F	2.34	ELECTRON MICROSCOPY
8R6G	\N	SOLUTION NMR
8R6H	\N	SOLUTION NMR
8R6P	3.16	ELECTRON MICROSCOPY
8R6R	3.89	ELECTRON MICROSCOPY
8R6U	2.98	ELECTRON MICROSCOPY
8R6W	3.35	ELECTRON MICROSCOPY
8R6Y	3.4	ELECTRON MICROSCOPY
8R7C	2.82	X-RAY DIFFRACTION
8R7E	2.783	X-RAY DIFFRACTION
8R7F	1.98	X-RAY DIFFRACTION
8R7V	3.12	ELECTRON MICROSCOPY
8R7Y	3.7	X-RAY DIFFRACTION
8R7Z	3.26	X-RAY DIFFRACTION
8R8M	2.4	ELECTRON MICROSCOPY
8R8P	\N	SOLID-STATE NMR
8R8R	2.79	ELECTRON MICROSCOPY
8RAM	2.8	ELECTRON MICROSCOPY
8RAN	3.25	ELECTRON MICROSCOPY
8RAO	4.4	ELECTRON MICROSCOPY
8RAP	4.3	ELECTRON MICROSCOPY
8RAS	2.62	ELECTRON MICROSCOPY
8RBX	4.1	ELECTRON MICROSCOPY
8RC0	3.2	ELECTRON MICROSCOPY
8RC2	3.1	ELECTRON MICROSCOPY
8RC3	3.0	ELECTRON MICROSCOPY
8RCD	3.2	ELECTRON MICROSCOPY
8RCF	3.4	ELECTRON MICROSCOPY
8RCL	3.49	ELECTRON MICROSCOPY
8RCM	3.59	ELECTRON MICROSCOPY
8RCS	4.46	ELECTRON MICROSCOPY
8RCT	5.32	ELECTRON MICROSCOPY
8RD8	2.62	ELECTRON MICROSCOPY
8RDJ	2.62	ELECTRON MICROSCOPY
8RDU	2.3	ELECTRON MICROSCOPY
8RDV	2.6	ELECTRON MICROSCOPY
8RDW	2.74	ELECTRON MICROSCOPY
8RE4	2.8	ELECTRON MICROSCOPY
8REA	3.4	ELECTRON MICROSCOPY
8REB	3.4	ELECTRON MICROSCOPY
8REC	3.5	ELECTRON MICROSCOPY
8RED	3.9	ELECTRON MICROSCOPY
8REE	3.8	ELECTRON MICROSCOPY
8RER	1.2	X-RAY DIFFRACTION
8REV	3.1	ELECTRON MICROSCOPY
8RFJ	3.18	ELECTRON MICROSCOPY
8RG0	3.4	ELECTRON MICROSCOPY
8RGM	4.0	ELECTRON MICROSCOPY
8RI3	1.4	X-RAY DIFFRACTION
8RI5	1.415	X-RAY DIFFRACTION
8RIF	2.79	ELECTRON MICROSCOPY
8RIG	3.41	ELECTRON MICROSCOPY
8RJB	2.69243	ELECTRON MICROSCOPY
8RJC	2.90061	ELECTRON MICROSCOPY
8RJD	2.78574	ELECTRON MICROSCOPY
8RJW	2.3	ELECTRON MICROSCOPY
8RKT	2.35	ELECTRON MICROSCOPY
8RKU	2.3	ELECTRON MICROSCOPY
8RKV	3.11	ELECTRON MICROSCOPY
8RM5	6.9	ELECTRON MICROSCOPY
8RM6	2.05	X-RAY DIFFRACTION
8RM7	2.25	X-RAY DIFFRACTION
8RN1	3.64	ELECTRON MICROSCOPY
8RO0	2.9	ELECTRON MICROSCOPY
8RO1	3.0	ELECTRON MICROSCOPY
8RO2	3.5	ELECTRON MICROSCOPY
8RPX	1.81	X-RAY DIFFRACTION
8RPY	2.64	ELECTRON MICROSCOPY
8RPZ	2.44	ELECTRON MICROSCOPY
8RQ0	2.44	ELECTRON MICROSCOPY
8RQ2	2.44	ELECTRON MICROSCOPY
8RR1	2.93	ELECTRON MICROSCOPY
8RR3	3.4	ELECTRON MICROSCOPY
8RR4	3.2	ELECTRON MICROSCOPY
8RUH	4.55	X-RAY DIFFRACTION
8RUI	3.31	X-RAY DIFFRACTION
8RUJ	3.12	X-RAY DIFFRACTION
8RUK	4.81	X-RAY DIFFRACTION
8RUL	3.62	X-RAY DIFFRACTION
8RUM	3.62	X-RAY DIFFRACTION
8RUN	3.73	X-RAY DIFFRACTION
8RW1	3.35	ELECTRON MICROSCOPY
8RW2	\N	SOLUTION NMR
8RXC	3.15	ELECTRON MICROSCOPY
8RXD	3.13	ELECTRON MICROSCOPY
8RXH	2.93	ELECTRON MICROSCOPY
8RXK	3.23	ELECTRON MICROSCOPY
8RXX	2.97	ELECTRON MICROSCOPY
8RZ7	3.37	ELECTRON MICROSCOPY
8RZA	2.1	X-RAY DIFFRACTION
8RZV	1.51	X-RAY DIFFRACTION
8RZX	\N	SOLUTION NMR
8S09	3.1	ELECTRON MICROSCOPY
8S0A	3.2	ELECTRON MICROSCOPY
8S0B	3.6	ELECTRON MICROSCOPY
8S0C	4.0	ELECTRON MICROSCOPY
8S0D	3.6	ELECTRON MICROSCOPY
8S0E	3.8	ELECTRON MICROSCOPY
8S0F	4.1	ELECTRON MICROSCOPY
8S1P	1.96	ELECTRON MICROSCOPY
8S1U	3.4	ELECTRON MICROSCOPY
8S1W	\N	SOLUTION NMR
8S35	2.9	ELECTRON MICROSCOPY
8S36	2.9	ELECTRON MICROSCOPY
8S37	2.9	ELECTRON MICROSCOPY
8S4N	\N	SOLUTION NMR
8S4T	2.67	X-RAY DIFFRACTION
8S51	3.1	ELECTRON MICROSCOPY
8S52	2.9	ELECTRON MICROSCOPY
8S54	3.4	ELECTRON MICROSCOPY
8S55	3.4	ELECTRON MICROSCOPY
8S5N	3.4	ELECTRON MICROSCOPY
8S84	2.35	X-RAY DIFFRACTION
8S8D	3.45	ELECTRON MICROSCOPY
8S8E	3.85	ELECTRON MICROSCOPY
8S8F	3.95	ELECTRON MICROSCOPY
8S8G	4.0	ELECTRON MICROSCOPY
8S8H	4.0	ELECTRON MICROSCOPY
8S8I	4.3	ELECTRON MICROSCOPY
8S8J	4.7	ELECTRON MICROSCOPY
8S8K	4.0	ELECTRON MICROSCOPY
8S8W	2.1	X-RAY DIFFRACTION
8S8X	1.99	X-RAY DIFFRACTION
8S95	3.1	X-RAY DIFFRACTION
8S9I	3.53	X-RAY DIFFRACTION
8S9T	2.52	ELECTRON MICROSCOPY
8S9U	2.77	ELECTRON MICROSCOPY
8S9V	3.0	ELECTRON MICROSCOPY
8S9X	3.44	ELECTRON MICROSCOPY
8SA2	3.1	ELECTRON MICROSCOPY
8SA3	3.0	ELECTRON MICROSCOPY
8SA4	3.1	ELECTRON MICROSCOPY
8SA5	3.5	ELECTRON MICROSCOPY
8SA6	5.3	ELECTRON MICROSCOPY
8SCB	2.5	ELECTRON MICROSCOPY
8SCF	\N	SOLUTION NMR
8SCG	2.0	X-RAY DIFFRACTION
8SCH	\N	SOLUTION NMR
8SCI	2.67	X-RAY DIFFRACTION
8SCJ	2.68	X-RAY DIFFRACTION
8SCK	2.3	X-RAY DIFFRACTION
8SCL	2.44	X-RAY DIFFRACTION
8SCM	2.3	X-RAY DIFFRACTION
8SCN	2.3	X-RAY DIFFRACTION
8SCO	1.92	X-RAY DIFFRACTION
8SCP	2.08	X-RAY DIFFRACTION
8SCQ	2.18	X-RAY DIFFRACTION
8SCR	2.0	X-RAY DIFFRACTION
8SCS	2.1	X-RAY DIFFRACTION
8SCT	2.34	X-RAY DIFFRACTION
8SCU	2.38	X-RAY DIFFRACTION
8SCZ	3.4	ELECTRON MICROSCOPY
8SD0	3.8	ELECTRON MICROSCOPY
8SFH	3.4	ELECTRON MICROSCOPY
8SFI	3.5	ELECTRON MICROSCOPY
8SFJ	3.6	ELECTRON MICROSCOPY
8SFL	3.3	ELECTRON MICROSCOPY
8SFN	3.3	ELECTRON MICROSCOPY
8SFO	3.3	ELECTRON MICROSCOPY
8SFP	3.8	ELECTRON MICROSCOPY
8SFQ	3.5	ELECTRON MICROSCOPY
8SFR	3.5	ELECTRON MICROSCOPY
8SH0	2.16	X-RAY DIFFRACTION
8SH1	2.6	X-RAY DIFFRACTION
8SH5	2.75	X-RAY DIFFRACTION
8SIY	2.9	ELECTRON MICROSCOPY
8SJ0	2.55	X-RAY DIFFRACTION
8SJ1	2.81	X-RAY DIFFRACTION
8SJ2	2.23	X-RAY DIFFRACTION
8SJ7	2.09	X-RAY DIFFRACTION
8SJD	5.1	ELECTRON MICROSCOPY
8SJM	8.08	X-RAY DIFFRACTION
8SJN	7.3	X-RAY DIFFRACTION
8SJO	7.08	X-RAY DIFFRACTION
8SJP	5.22	X-RAY DIFFRACTION
8SJQ	6.19	X-RAY DIFFRACTION
8SJR	5.25	X-RAY DIFFRACTION
8SJS	6.31	X-RAY DIFFRACTION
8SJT	9.38	X-RAY DIFFRACTION
8SJU	7.14	X-RAY DIFFRACTION
8SJV	8.59	X-RAY DIFFRACTION
8SJW	7.64	X-RAY DIFFRACTION
8SKI	2.163	X-RAY DIFFRACTION
8SKQ	1.35	X-RAY DIFFRACTION
8SKT	2.69	X-RAY DIFFRACTION
8SKW	1.1	ELECTRON CRYSTALLOGRAPHY
8SKZ	3.5	ELECTRON MICROSCOPY
8SL5	6.55	X-RAY DIFFRACTION
8SLN	2.2	X-RAY DIFFRACTION
8SMH	1.37	X-RAY DIFFRACTION
8SMJ	1.39	X-RAY DIFFRACTION
8SMW	3.3	ELECTRON MICROSCOPY
8SMX	3.2	ELECTRON MICROSCOPY
8SMY	3.2	ELECTRON MICROSCOPY
8SMZ	3.2	ELECTRON MICROSCOPY
8SN0	3.2	ELECTRON MICROSCOPY
8SN1	3.3	ELECTRON MICROSCOPY
8SN2	3.6	ELECTRON MICROSCOPY
8SN3	3.8	ELECTRON MICROSCOPY
8SN4	3.7	ELECTRON MICROSCOPY
8SN5	3.9	ELECTRON MICROSCOPY
8SN6	3.7	ELECTRON MICROSCOPY
8SN7	3.7	ELECTRON MICROSCOPY
8SN8	3.7	ELECTRON MICROSCOPY
8SN9	3.9	ELECTRON MICROSCOPY
8SNA	4.0	ELECTRON MICROSCOPY
8SNX	3.4	ELECTRON MICROSCOPY
8SNY	3.41	ELECTRON MICROSCOPY
8SOK	4.1	ELECTRON MICROSCOPY
8SP0	3.33	ELECTRON MICROSCOPY
8SP1	1.62	X-RAY DIFFRACTION
8SP3	3.52	ELECTRON MICROSCOPY
8SP9	2.92	X-RAY DIFFRACTION
8SPO	2.98	ELECTRON MICROSCOPY
8SPQ	3.26	ELECTRON MICROSCOPY
8SPS	3.0	ELECTRON MICROSCOPY
8SPU	2.8	ELECTRON MICROSCOPY
8SQ9	2.9	ELECTRON MICROSCOPY
8SQH	3.69	ELECTRON MICROSCOPY
8SQJ	3.06	ELECTRON MICROSCOPY
8SQK	3.01	ELECTRON MICROSCOPY
8SQU	3.28	ELECTRON MICROSCOPY
8SRO	3.3	ELECTRON MICROSCOPY
8SRP	3.7	ELECTRON MICROSCOPY
8SRS	2.79	ELECTRON MICROSCOPY
8SSQ	3.12	X-RAY DIFFRACTION
8SSR	3.14	X-RAY DIFFRACTION
8SSS	2.3	X-RAY DIFFRACTION
8SST	2.19	X-RAY DIFFRACTION
8SSU	2.89	X-RAY DIFFRACTION
8SSW	2.4	X-RAY DIFFRACTION
8SUK	2.45	X-RAY DIFFRACTION
8SV3	1.51	X-RAY DIFFRACTION
8SV4	2.3	X-RAY DIFFRACTION
8SVA	2.96	X-RAY DIFFRACTION
8SVD	3.49	X-RAY DIFFRACTION
8SVF	3.2	ELECTRON MICROSCOPY
8SWB	2.0	X-RAY DIFFRACTION
8SWC	2.68	X-RAY DIFFRACTION
8SWG	1.5	X-RAY DIFFRACTION
8SWO	1.64	X-RAY DIFFRACTION
8SX5	1.95	X-RAY DIFFRACTION
8SX6	1.45	X-RAY DIFFRACTION
8SXL	1.9	X-RAY DIFFRACTION
8SXT	3.3	ELECTRON MICROSCOPY
8SXU	3.66	ELECTRON MICROSCOPY
8SY1	1.76	X-RAY DIFFRACTION
8SY5	2.7	ELECTRON MICROSCOPY
8SY6	3.28	ELECTRON MICROSCOPY
8SY7	2.65	ELECTRON MICROSCOPY
8SYI	2.94	ELECTRON MICROSCOPY
8SYL	2.9	ELECTRON MICROSCOPY
8SYP	2.6	ELECTRON MICROSCOPY
8SZ5	2.89	X-RAY DIFFRACTION
8T0F	2.61	X-RAY DIFFRACTION
8T11	2.91	X-RAY DIFFRACTION
8T1U	2.91	X-RAY DIFFRACTION
8T29	3.13	X-RAY DIFFRACTION
8T2A	3.17	X-RAY DIFFRACTION
8T2B	3.18	X-RAY DIFFRACTION
8T2O	3.29	X-RAY DIFFRACTION
8T2P	5.0	ELECTRON MICROSCOPY
8T2R	3.1	ELECTRON MICROSCOPY
8T2S	3.0	ELECTRON MICROSCOPY
8T2T	3.0	ELECTRON MICROSCOPY
8T2X	2.46	ELECTRON MICROSCOPY
8T2Y	2.2	ELECTRON MICROSCOPY
8T2Z	2.4	ELECTRON MICROSCOPY
8T30	2.88	ELECTRON MICROSCOPY
8T3A	2.86	ELECTRON MICROSCOPY
8T3B	3.08	ELECTRON MICROSCOPY
8T3C	3.86	ELECTRON MICROSCOPY
8T3D	2.95	ELECTRON MICROSCOPY
8T3E	3.04	ELECTRON MICROSCOPY
8T3F	3.09	ELECTRON MICROSCOPY
8T3T	3.21	ELECTRON MICROSCOPY
8T3W	3.25	ELECTRON MICROSCOPY
8T3X	2.73	X-RAY DIFFRACTION
8T3Y	3.47	ELECTRON MICROSCOPY
8T4N	1.79	X-RAY DIFFRACTION
8T4S	2.6	ELECTRON MICROSCOPY
8T5D	3.2	ELECTRON MICROSCOPY
8T5H	3.3	ELECTRON MICROSCOPY
8T5S	2.9	ELECTRON MICROSCOPY
8T65	2.09	X-RAY DIFFRACTION
8T66	1.85	X-RAY DIFFRACTION
8T6O	3.1	ELECTRON MICROSCOPY
8T6P	3.15	ELECTRON MICROSCOPY
8T6S	3.28	ELECTRON MICROSCOPY
8T6T	3.04	ELECTRON MICROSCOPY
8T6X	3.08	ELECTRON MICROSCOPY
8T6Y	2.88	ELECTRON MICROSCOPY
8T76	3.42	ELECTRON MICROSCOPY
8T77	3.25	ELECTRON MICROSCOPY
8T78	3.02	ELECTRON MICROSCOPY
8T79	3.04	ELECTRON MICROSCOPY
8T7B	3.05	X-RAY DIFFRACTION
8T7E	3.08	ELECTRON MICROSCOPY
8T7S	3.01	ELECTRON MICROSCOPY
8T7X	3.07	X-RAY DIFFRACTION
8T80	2.91	X-RAY DIFFRACTION
8T8B	2.65	X-RAY DIFFRACTION
8T8C	2.6	X-RAY DIFFRACTION
8T8T	1.62	X-RAY DIFFRACTION
8T9C	2.7	ELECTRON MICROSCOPY
8T9F	2.6	ELECTRON MICROSCOPY
8T9G	6.2	ELECTRON MICROSCOPY
8T9H	3.37	ELECTRON MICROSCOPY
8T9U	1.47	X-RAY DIFFRACTION
8T9X	2.0	ELECTRON MICROSCOPY
8TA8	3.05	X-RAY DIFFRACTION
8TA9	2.8	X-RAY DIFFRACTION
8TAA	1.45	X-RAY DIFFRACTION
8TAC	2.34	X-RAY DIFFRACTION
8TAJ	2.9	X-RAY DIFFRACTION
8TAM	2.95	X-RAY DIFFRACTION
8TAP	3.11	X-RAY DIFFRACTION
8TAQ	2.951	X-RAY DIFFRACTION
8TAS	4.1	ELECTRON MICROSCOPY
8TB3	3.0	X-RAY DIFFRACTION
8TB4	3.11	X-RAY DIFFRACTION
8TB8	2.95	X-RAY DIFFRACTION
8TB9	4.0	ELECTRON MICROSCOPY
8TBD	3.0	X-RAY DIFFRACTION
8TBO	2.599	X-RAY DIFFRACTION
8TC2	3.05	X-RAY DIFFRACTION
8TC4	3.06	X-RAY DIFFRACTION
8TC6	2.45	X-RAY DIFFRACTION
8TCI	3.19	X-RAY DIFFRACTION
8TDT	3.007	X-RAY DIFFRACTION
8TDV	3.44	ELECTRON MICROSCOPY
8TDW	3.04	ELECTRON MICROSCOPY
8TDY	1.66	X-RAY DIFFRACTION
8TDZ	1.64	X-RAY DIFFRACTION
8TE0	1.42	X-RAY DIFFRACTION
8TE2	1.63	X-RAY DIFFRACTION
8TFD	1.55	X-RAY DIFFRACTION
8TG4	1.37	X-RAY DIFFRACTION
8TH9	2.08	X-RAY DIFFRACTION
8THQ	2.41	X-RAY DIFFRACTION
8THU	3.1	ELECTRON MICROSCOPY
8THV	\N	SOLUTION NMR
8TIP	2.79	X-RAY DIFFRACTION
8TIQ	2.45	X-RAY DIFFRACTION
8TIR	3.11	X-RAY DIFFRACTION
8TIS	2.54	X-RAY DIFFRACTION
8TIT	2.84	X-RAY DIFFRACTION
8TIU	3.9	X-RAY DIFFRACTION
8TIV	3.35	X-RAY DIFFRACTION
8TIW	3.11	X-RAY DIFFRACTION
8TIX	2.91	X-RAY DIFFRACTION
8TIY	3.11	X-RAY DIFFRACTION
8TIZ	3.11	X-RAY DIFFRACTION
8TJ0	3.24	X-RAY DIFFRACTION
8TJ1	3.15	X-RAY DIFFRACTION
8TJE	3.4	ELECTRON MICROSCOPY
8TJQ	3.4	ELECTRON MICROSCOPY
8TJU	3.46	ELECTRON MICROSCOPY
8TJV	2.99	ELECTRON MICROSCOPY
8TJX	2.44	ELECTRON MICROSCOPY
8TKL	3.0	X-RAY DIFFRACTION
8TKM	2.8	X-RAY DIFFRACTION
8TKN	2.8	X-RAY DIFFRACTION
8TL0	3.1	ELECTRON MICROSCOPY
8TLE	2.08	X-RAY DIFFRACTION
8TLF	1.64	X-RAY DIFFRACTION
8TLG	2.09	X-RAY DIFFRACTION
8TLH	1.94	X-RAY DIFFRACTION
8TLJ	2.3	X-RAY DIFFRACTION
8TLK	2.99	X-RAY DIFFRACTION
8TLL	2.58	X-RAY DIFFRACTION
8TLO	2.76	X-RAY DIFFRACTION
8TLQ	3.53	ELECTRON MICROSCOPY
8TLT	2.85	ELECTRON MICROSCOPY
8TNS	\N	SOLUTION NMR
8TO1	2.8	ELECTRON MICROSCOPY
8TO6	2.9	ELECTRON MICROSCOPY
8TO8	2.9	ELECTRON MICROSCOPY
8TOC	3.11	ELECTRON MICROSCOPY
8TOE	2.9	ELECTRON MICROSCOPY
8TOF	2.8	ELECTRON MICROSCOPY
8TOM	3.1	ELECTRON MICROSCOPY
8TOZ	3.0	X-RAY DIFFRACTION
8TP8	2.74	X-RAY DIFFRACTION
8TPK	3.46	X-RAY DIFFRACTION
8TPU	4.1	ELECTRON MICROSCOPY
8TQS	2.207	X-RAY DIFFRACTION
8TQX	2.09	X-RAY DIFFRACTION
8TRG	2.93	ELECTRON MICROSCOPY
8TSV	1.51	X-RAY DIFFRACTION
8TUG	3.5	ELECTRON MICROSCOPY
8TUX	3.9	ELECTRON MICROSCOPY
8TVC	1.93	X-RAY DIFFRACTION
8TVP	3.7	ELECTRON MICROSCOPY
8TVQ	4.6	ELECTRON MICROSCOPY
8TVS	4.4	ELECTRON MICROSCOPY
8TVV	3.7	ELECTRON MICROSCOPY
8TVW	3.6	ELECTRON MICROSCOPY
8TVX	3.7	ELECTRON MICROSCOPY
8TVY	3.1	ELECTRON MICROSCOPY
8TVZ	5.94	ELECTRON MICROSCOPY
8TW9	3.6	ELECTRON MICROSCOPY
8TWA	4.1	ELECTRON MICROSCOPY
8TWB	3.2	ELECTRON MICROSCOPY
8TWH	2.47	X-RAY DIFFRACTION
8TX4	1.9	X-RAY DIFFRACTION
8TXO	3.1	ELECTRON MICROSCOPY
8TXV	3.8	ELECTRON MICROSCOPY
8TXW	3.6	ELECTRON MICROSCOPY
8TXX	3.7	ELECTRON MICROSCOPY
8TZZ	3.56	ELECTRON MICROSCOPY
8U0J	3.1	ELECTRON MICROSCOPY
8U0O	2.05	X-RAY DIFFRACTION
8U0P	1.9	X-RAY DIFFRACTION
8U0U	3.04	ELECTRON MICROSCOPY
8U0W	2.99	ELECTRON MICROSCOPY
8U13	3.8	ELECTRON MICROSCOPY
8U14	3.9	ELECTRON MICROSCOPY
8U3B	3.23	ELECTRON MICROSCOPY
8U3K	2.5	ELECTRON MICROSCOPY
8U3M	\N	SOLUTION NMR
8U3Y	3.1	ELECTRON MICROSCOPY
8U5H	3.23	ELECTRON MICROSCOPY
8U5J	1.7	X-RAY DIFFRACTION
8U5K	2.8	X-RAY DIFFRACTION
8U5P	2.9	X-RAY DIFFRACTION
8U5R	2.6	X-RAY DIFFRACTION
8U5T	2.2	X-RAY DIFFRACTION
8U5Y	3.01	ELECTRON MICROSCOPY
8U5Z	2.5	X-RAY DIFFRACTION
8U60	3.3	X-RAY DIFFRACTION
8U61	4.0	ELECTRON MICROSCOPY
8U6X	2.44	X-RAY DIFFRACTION
8U72	3.15	ELECTRON MICROSCOPY
8U8L	2.2	X-RAY DIFFRACTION
8U8U	2.9	ELECTRON MICROSCOPY
8U8V	2.74	ELECTRON MICROSCOPY
8U9L	3.091	X-RAY DIFFRACTION
8U9R	3.34	X-RAY DIFFRACTION
8U9X	3.05	X-RAY DIFFRACTION
8UA7	3.3	ELECTRON MICROSCOPY
8UAU	5.7	ELECTRON MICROSCOPY
8UB7	3.2	ELECTRON MICROSCOPY
8UB8	3.28	ELECTRON MICROSCOPY
8UB9	3.07	ELECTRON MICROSCOPY
8UBA	3.2	ELECTRON MICROSCOPY
8UBB	3.23	ELECTRON MICROSCOPY
8UBC	3.29	ELECTRON MICROSCOPY
8UBD	3.05	ELECTRON MICROSCOPY
8UBE	3.05	ELECTRON MICROSCOPY
8UBF	3.61	ELECTRON MICROSCOPY
8UCU	2.85	ELECTRON MICROSCOPY
8UCV	3.81	ELECTRON MICROSCOPY
8UCW	3.64	ELECTRON MICROSCOPY
8UD3	2.67	ELECTRON MICROSCOPY
8UD4	3.25	ELECTRON MICROSCOPY
8UD5	3.13	ELECTRON MICROSCOPY
8UD6	2.7	X-RAY DIFFRACTION
8UD7	2.55	X-RAY DIFFRACTION
8UD8	2.6	X-RAY DIFFRACTION
8UDK	3.43	X-RAY DIFFRACTION
8UDL	2.37	ELECTRON MICROSCOPY
8UFF	1.66	X-RAY DIFFRACTION
8UFK	2.41	X-RAY DIFFRACTION
8UFZ	3.06	X-RAY DIFFRACTION
8UGQ	3.17	ELECTRON MICROSCOPY
8UH7	2.628	X-RAY DIFFRACTION
8UHA	3.5	ELECTRON MICROSCOPY
8UHD	2.8	ELECTRON MICROSCOPY
8UHG	2.7	ELECTRON MICROSCOPY
8UHK	3.08	X-RAY DIFFRACTION
8UI0	2.7	ELECTRON MICROSCOPY
8UIS	3.23	ELECTRON MICROSCOPY
8UIW	2.77	X-RAY DIFFRACTION
8UJT	2.31	X-RAY DIFFRACTION
8UJV	2.23	X-RAY DIFFRACTION
8UJX	2.17	X-RAY DIFFRACTION
8UK4	3.02	X-RAY DIFFRACTION
8UK9	3.1	X-RAY DIFFRACTION
8UKB	3.05	ELECTRON MICROSCOPY
8UKQ	3.5	X-RAY DIFFRACTION
8UKR	3.78	X-RAY DIFFRACTION
8UKS	3.4	X-RAY DIFFRACTION
8UKT	3.6	X-RAY DIFFRACTION
8UKU	3.6	X-RAY DIFFRACTION
8UMF	2.9	ELECTRON MICROSCOPY
8UMH	4.1	ELECTRON MICROSCOPY
8UMI	3.7	ELECTRON MICROSCOPY
8UMV	2.75	ELECTRON MICROSCOPY
8UMW	2.93	ELECTRON MICROSCOPY
8UMY	2.83	ELECTRON MICROSCOPY
8UN0	3.0	ELECTRON MICROSCOPY
8UNF	3.15	ELECTRON MICROSCOPY
8UO6	2.85	X-RAY DIFFRACTION
8UOQ	3.8	ELECTRON MICROSCOPY
8UOT	3.7	ELECTRON MICROSCOPY
8UP5	3.56	ELECTRON MICROSCOPY
8UPF	3.2	ELECTRON MICROSCOPY
8UPO	5.5	ELECTRON MICROSCOPY
8UPR	5.3	ELECTRON MICROSCOPY
8UPT	2.8	ELECTRON MICROSCOPY
8UPY	2.8	ELECTRON MICROSCOPY
8UQL	3.2	ELECTRON MICROSCOPY
8UQM	5.3	ELECTRON MICROSCOPY
8UQP	3.8	ELECTRON MICROSCOPY
8UR0	3.4	ELECTRON MICROSCOPY
8URB	3.4	ELECTRON MICROSCOPY
8URH	5.7	ELECTRON MICROSCOPY
8URI	5.3	ELECTRON MICROSCOPY
8URK	2.11	X-RAY DIFFRACTION
8URQ	3.3	ELECTRON MICROSCOPY
8URU	3.7	ELECTRON MICROSCOPY
8URW	2.79	ELECTRON MICROSCOPY
8URX	6.6	ELECTRON MICROSCOPY
8URY	3.1	ELECTRON MICROSCOPY
8USN	8.9	ELECTRON MICROSCOPY
8UST	7.3	ELECTRON MICROSCOPY
8UT0	3.22	ELECTRON MICROSCOPY
8UTA	3.05	X-RAY DIFFRACTION
8UTG	1.97	X-RAY DIFFRACTION
8UTI	3.13	ELECTRON MICROSCOPY
8UU4	3.0	ELECTRON MICROSCOPY
8UU5	3.0	ELECTRON MICROSCOPY
8UU6	3.3	ELECTRON MICROSCOPY
8UU7	3.2	ELECTRON MICROSCOPY
8UU8	3.1	ELECTRON MICROSCOPY
8UU9	3.1	ELECTRON MICROSCOPY
8UUA	2.7	ELECTRON MICROSCOPY
8UVK	2.21	X-RAY DIFFRACTION
8UVR	2.6	X-RAY DIFFRACTION
8UVS	2.75	X-RAY DIFFRACTION
8UVX	2.9	X-RAY DIFFRACTION
8UW1	2.88	ELECTRON MICROSCOPY
8UW3	3.2	ELECTRON MICROSCOPY
8UX1	2.5	ELECTRON MICROSCOPY
8UXQ	6.3	ELECTRON MICROSCOPY
8UYE	5.9	ELECTRON MICROSCOPY
8UYG	6.4	ELECTRON MICROSCOPY
8UYJ	7.3	ELECTRON MICROSCOPY
8UYK	6.9	ELECTRON MICROSCOPY
8UYL	6.4	ELECTRON MICROSCOPY
8UYM	6.4	ELECTRON MICROSCOPY
8UYP	7.1	ELECTRON MICROSCOPY
8UYS	4.7	ELECTRON MICROSCOPY
8UZA	3.17	ELECTRON MICROSCOPY
8UZB	2.63	ELECTRON MICROSCOPY
8UZT	1.9	X-RAY DIFFRACTION
8V08	3.0	X-RAY DIFFRACTION
8V1H	2.89	X-RAY DIFFRACTION
8V1I	2.3	X-RAY DIFFRACTION
8V1Q	2.7	ELECTRON MICROSCOPY
8V1R	2.9	ELECTRON MICROSCOPY
8V1S	3.26	ELECTRON MICROSCOPY
8V1T	2.8	ELECTRON MICROSCOPY
8V25	3.32	ELECTRON MICROSCOPY
8V26	3.33	ELECTRON MICROSCOPY
8V27	3.34	ELECTRON MICROSCOPY
8V28	3.36	ELECTRON MICROSCOPY
8V32	3.01	ELECTRON MICROSCOPY
8V4T	1.47	X-RAY DIFFRACTION
8V4Y	2.8	ELECTRON MICROSCOPY
8V54	4.1	ELECTRON MICROSCOPY
8V55	4.2	ELECTRON MICROSCOPY
8V5J	1.19	X-RAY DIFFRACTION
8V5R	3.0	ELECTRON MICROSCOPY
8V6G	11.16	ELECTRON MICROSCOPY
8V6H	11.11	ELECTRON MICROSCOPY
8V6I	14.06	ELECTRON MICROSCOPY
8V6J	11.11	ELECTRON MICROSCOPY
8V6V	2.8	ELECTRON MICROSCOPY
8V7A	1.95	X-RAY DIFFRACTION
8V7B	1.9	X-RAY DIFFRACTION
8V7C	1.79	X-RAY DIFFRACTION
8V7D	1.95	X-RAY DIFFRACTION
8V7E	1.82	X-RAY DIFFRACTION
8V7F	2.2	X-RAY DIFFRACTION
8V7G	1.52	X-RAY DIFFRACTION
8V7H	1.68	X-RAY DIFFRACTION
8V7I	1.72	X-RAY DIFFRACTION
8V7J	1.66	X-RAY DIFFRACTION
8V7K	1.65	X-RAY DIFFRACTION
8V7L	2.9	ELECTRON MICROSCOPY
8V83	2.53	ELECTRON MICROSCOPY
8V84	2.7	ELECTRON MICROSCOPY
8V87	2.66	ELECTRON MICROSCOPY
8V9J	3.1	ELECTRON MICROSCOPY
8V9K	3.1	ELECTRON MICROSCOPY
8V9L	3.0	ELECTRON MICROSCOPY
8V9N	1.78	X-RAY DIFFRACTION
8VAH	3.15	ELECTRON MICROSCOPY
8VAJ	3.45	X-RAY DIFFRACTION
8VAK	3.3	ELECTRON MICROSCOPY
8VAL	3.7	ELECTRON MICROSCOPY
8VAQ	3.8	ELECTRON MICROSCOPY
8VAR	3.9	ELECTRON MICROSCOPY
8VAS	3.8	ELECTRON MICROSCOPY
8VAT	3.2	ELECTRON MICROSCOPY
8VAW	1.25	X-RAY DIFFRACTION
8VAX	1.417	X-RAY DIFFRACTION
8VB6	2.7	ELECTRON MICROSCOPY
8VB7	2.5	ELECTRON MICROSCOPY
8VB8	3.0	ELECTRON MICROSCOPY
8VB9	2.8	ELECTRON MICROSCOPY
8VBC	2.8	ELECTRON MICROSCOPY
8VBD	2.7	ELECTRON MICROSCOPY
8VBE	2.6	ELECTRON MICROSCOPY
8VBF	2.8	ELECTRON MICROSCOPY
8VBG	2.4	ELECTRON MICROSCOPY
8VBH	2.2	ELECTRON MICROSCOPY
8VBI	2.3	ELECTRON MICROSCOPY
8VCI	6.1	ELECTRON MICROSCOPY
8VCJ	3.32	ELECTRON MICROSCOPY
8VCT	3.83	ELECTRON MICROSCOPY
8VDH	1.64	X-RAY DIFFRACTION
8VDI	1.93	X-RAY DIFFRACTION
8VDN	2.39	X-RAY DIFFRACTION
8VDS	2.79	X-RAY DIFFRACTION
8VDT	2.78	X-RAY DIFFRACTION
8VES	3.22	ELECTRON MICROSCOPY
8VF8	1.98	X-RAY DIFFRACTION
8VF9	1.9	X-RAY DIFFRACTION
8VFA	2.05	X-RAY DIFFRACTION
8VFB	2.64	X-RAY DIFFRACTION
8VFC	2.48	X-RAY DIFFRACTION
8VFD	2.1	X-RAY DIFFRACTION
8VFE	2.09	X-RAY DIFFRACTION
8VFF	1.69	X-RAY DIFFRACTION
8VFG	1.54	X-RAY DIFFRACTION
8VFH	2.01	X-RAY DIFFRACTION
8VFI	1.77	X-RAY DIFFRACTION
8VFJ	2.14	X-RAY DIFFRACTION
8VFS	2.7	X-RAY DIFFRACTION
8VFT	3.3	ELECTRON MICROSCOPY
8VFX	2.65	ELECTRON MICROSCOPY
8VFY	2.89	ELECTRON MICROSCOPY
8VFZ	4.1	ELECTRON MICROSCOPY
8VG0	3.07	ELECTRON MICROSCOPY
8VG1	2.48	ELECTRON MICROSCOPY
8VG2	3.04	ELECTRON MICROSCOPY
8VIU	1.49	X-RAY DIFFRACTION
8VIV	2.2	X-RAY DIFFRACTION
8VJT	1.052	X-RAY DIFFRACTION
8VM8	1.54	X-RAY DIFFRACTION
8VM9	2.2	X-RAY DIFFRACTION
8VMA	2.54	X-RAY DIFFRACTION
8VMB	2.97	X-RAY DIFFRACTION
8VMO	1.68	X-RAY DIFFRACTION
8VMP	1.45	X-RAY DIFFRACTION
8VMQ	1.48	X-RAY DIFFRACTION
8VMR	1.5	X-RAY DIFFRACTION
8VMS	1.42	X-RAY DIFFRACTION
8VMT	1.48	X-RAY DIFFRACTION
8VMU	1.52	X-RAY DIFFRACTION
8VMV	1.59	X-RAY DIFFRACTION
8VMW	1.6	X-RAY DIFFRACTION
8VMX	1.45	X-RAY DIFFRACTION
8VMY	1.53	X-RAY DIFFRACTION
8VMZ	1.57	X-RAY DIFFRACTION
8VN0	1.6	X-RAY DIFFRACTION
8VN1	1.79	X-RAY DIFFRACTION
8VN2	1.63	X-RAY DIFFRACTION
8VN3	1.63	X-RAY DIFFRACTION
8VN4	1.75	X-RAY DIFFRACTION
8VN5	1.65	X-RAY DIFFRACTION
8VN6	1.54	X-RAY DIFFRACTION
8VN7	1.67	X-RAY DIFFRACTION
8VN8	1.6	X-RAY DIFFRACTION
8VN9	1.69	X-RAY DIFFRACTION
8VNA	1.54	X-RAY DIFFRACTION
8VNB	1.72	X-RAY DIFFRACTION
8VNC	1.62	X-RAY DIFFRACTION
8VND	1.6	X-RAY DIFFRACTION
8VNE	1.57	X-RAY DIFFRACTION
8VNF	1.5	X-RAY DIFFRACTION
8VNG	1.6	X-RAY DIFFRACTION
8VNH	1.76	X-RAY DIFFRACTION
8VNJ	1.61	X-RAY DIFFRACTION
8VNK	1.61	X-RAY DIFFRACTION
8VNL	1.64	X-RAY DIFFRACTION
8VNM	1.59	X-RAY DIFFRACTION
8VNN	1.79	X-RAY DIFFRACTION
8VNO	1.7	X-RAY DIFFRACTION
8VNP	1.79	X-RAY DIFFRACTION
8VNQ	1.93	X-RAY DIFFRACTION
8VNR	1.98	X-RAY DIFFRACTION
8VNS	2.11	X-RAY DIFFRACTION
8VNT	1.62	X-RAY DIFFRACTION
8VNU	2.2	X-RAY DIFFRACTION
8VPG	3.05	X-RAY DIFFRACTION
8VPH	3.18	X-RAY DIFFRACTION
8VPI	2.89	X-RAY DIFFRACTION
8VPV	3.04	X-RAY DIFFRACTION
8VQ2	3.829	X-RAY DIFFRACTION
8VS9	3.9	ELECTRON MICROSCOPY
8VSA	3.7	ELECTRON MICROSCOPY
8VT5	2.69	X-RAY DIFFRACTION
8VTU	2.4	X-RAY DIFFRACTION
8VTV	2.55	X-RAY DIFFRACTION
8VTW	2.35	X-RAY DIFFRACTION
8VTX	2.4	X-RAY DIFFRACTION
8VTY	2.6	X-RAY DIFFRACTION
8VU0	2.64	X-RAY DIFFRACTION
8VWS	3.1	ELECTRON MICROSCOPY
8VWT	3.3	ELECTRON MICROSCOPY
8VWU	3.0	ELECTRON MICROSCOPY
8VWV	3.6	ELECTRON MICROSCOPY
8VX4	3.7	ELECTRON MICROSCOPY
8VX5	3.3	ELECTRON MICROSCOPY
8VX6	3.2	ELECTRON MICROSCOPY
8VXA	2.79	ELECTRON MICROSCOPY
8VXC	2.93	ELECTRON MICROSCOPY
8VXY	3.19	ELECTRON MICROSCOPY
8VZL	2.41	X-RAY DIFFRACTION
8VZM	2.51	X-RAY DIFFRACTION
8W09	3.2	ELECTRON MICROSCOPY
8W0A	3.2	ELECTRON MICROSCOPY
8W0E	3.4	ELECTRON MICROSCOPY
8W0F	2.8	ELECTRON MICROSCOPY
8W1O	2.8	ELECTRON MICROSCOPY
8W1P	3.5	ELECTRON MICROSCOPY
8W2O	3.49	ELECTRON MICROSCOPY
8W2P	3.14	ELECTRON MICROSCOPY
8W2Q	3.06	ELECTRON MICROSCOPY
8W2R	3.23	ELECTRON MICROSCOPY
8W34	2.83	ELECTRON MICROSCOPY
8W35	2.61	ELECTRON MICROSCOPY
8W51	2.4	ELECTRON MICROSCOPY
8W76	2.71	X-RAY DIFFRACTION
8W7M	4.12	ELECTRON MICROSCOPY
8W7S	7.39	ELECTRON MICROSCOPY
8W7W	1.58	X-RAY DIFFRACTION
8W8E	3.9	ELECTRON MICROSCOPY
8W8F	4.0	ELECTRON MICROSCOPY
8W8N	2.693	X-RAY DIFFRACTION
8W8O	2.512	X-RAY DIFFRACTION
8W8P	3.165	X-RAY DIFFRACTION
8W9D	3.9	ELECTRON MICROSCOPY
8W9E	3.6	ELECTRON MICROSCOPY
8W9F	4.4	ELECTRON MICROSCOPY
8WA0	2.7	ELECTRON MICROSCOPY
8WA1	2.8	ELECTRON MICROSCOPY
8WA4	\N	SOLUTION NMR
8WAK	5.47	ELECTRON MICROSCOPY
8WAL	8.52	ELECTRON MICROSCOPY
8WAN	6.07	ELECTRON MICROSCOPY
8WAO	6.4	ELECTRON MICROSCOPY
8WAP	5.85	ELECTRON MICROSCOPY
8WAQ	6.29	ELECTRON MICROSCOPY
8WAR	7.2	ELECTRON MICROSCOPY
8WAS	6.13	ELECTRON MICROSCOPY
8WAT	2.82	ELECTRON MICROSCOPY
8WAU	2.78	ELECTRON MICROSCOPY
8WAV	2.72	ELECTRON MICROSCOPY
8WAW	3.02	ELECTRON MICROSCOPY
8WAX	2.75	ELECTRON MICROSCOPY
8WAY	2.85	ELECTRON MICROSCOPY
8WAZ	2.76	ELECTRON MICROSCOPY
8WB0	2.94	ELECTRON MICROSCOPY
8WCE	3.09	ELECTRON MICROSCOPY
8WCS	3.1	ELECTRON MICROSCOPY
8WD8	2.9	ELECTRON MICROSCOPY
8WFX	3.73	ELECTRON MICROSCOPY
8WG5	3.05	ELECTRON MICROSCOPY
8WGY	2.91	ELECTRON MICROSCOPY
8WGZ	3.22	ELECTRON MICROSCOPY
8WH0	2.51	ELECTRON MICROSCOPY
8WH2	2.9	ELECTRON MICROSCOPY
8WH4	3.03	ELECTRON MICROSCOPY
8WH5	3.58	ELECTRON MICROSCOPY
8WH6	3.27	ELECTRON MICROSCOPY
8WH8	3.6	ELECTRON MICROSCOPY
8WH9	3.31	ELECTRON MICROSCOPY
8WHA	4.05	ELECTRON MICROSCOPY
8WHB	3.17	ELECTRON MICROSCOPY
8WHX	2.8	ELECTRON MICROSCOPY
8WHY	2.7	ELECTRON MICROSCOPY
8WI7	3.5	ELECTRON MICROSCOPY
8WI8	2.7	ELECTRON MICROSCOPY
8WI9	3.5	ELECTRON MICROSCOPY
8WIB	3.5	ELECTRON MICROSCOPY
8WIC	3.5	ELECTRON MICROSCOPY
8WID	3.5	ELECTRON MICROSCOPY
8WIF	2.9	ELECTRON MICROSCOPY
8WKP	4.62	ELECTRON MICROSCOPY
8WM4	2.93	ELECTRON MICROSCOPY
8WMC	2.9	ELECTRON MICROSCOPY
8WMH	2.6	ELECTRON MICROSCOPY
8WMI	3.53	ELECTRON MICROSCOPY
8WML	2.86	ELECTRON MICROSCOPY
8WMM	2.98	ELECTRON MICROSCOPY
8WMN	2.82	ELECTRON MICROSCOPY
8WNB	2.48	X-RAY DIFFRACTION
8WND	2.8	X-RAY DIFFRACTION
8WO8	2.78	X-RAY DIFFRACTION
8WOH	3.2	X-RAY DIFFRACTION
8WP2	3.3	ELECTRON MICROSCOPY
8WPE	2.7	ELECTRON MICROSCOPY
8WPF	3.0	ELECTRON MICROSCOPY
8WPK	2.7	ELECTRON MICROSCOPY
8WPP	3.1	ELECTRON MICROSCOPY
8WQ2	4.1	ELECTRON MICROSCOPY
8WQ4	4.53	ELECTRON MICROSCOPY
8WQ5	1.65	X-RAY DIFFRACTION
8WQ7	1.58	X-RAY DIFFRACTION
8WR4	3.07	ELECTRON MICROSCOPY
8WT6	2.5	ELECTRON MICROSCOPY
8WT7	2.7	ELECTRON MICROSCOPY
8WT8	2.9	ELECTRON MICROSCOPY
8WT9	2.7	ELECTRON MICROSCOPY
8WU5	2.8	X-RAY DIFFRACTION
8WUS	2.9	ELECTRON MICROSCOPY
8WUT	3.0	ELECTRON MICROSCOPY
8WUU	3.2	ELECTRON MICROSCOPY
8WUV	3.0	ELECTRON MICROSCOPY
8WV1	3.99	X-RAY DIFFRACTION
8WVZ	3.15	ELECTRON MICROSCOPY
8WX0	3.7	ELECTRON MICROSCOPY
8WY5	3.12	ELECTRON MICROSCOPY
8WZC	1.925	X-RAY DIFFRACTION
8X0N	2.8	X-RAY DIFFRACTION
8X0S	2.956	X-RAY DIFFRACTION
8X15	3.2	ELECTRON MICROSCOPY
8X19	3.2	ELECTRON MICROSCOPY
8X1C	3.2	ELECTRON MICROSCOPY
8X1V	\N	SOLUTION NMR
8X1Z	2.62	X-RAY DIFFRACTION
8X20	2.7	X-RAY DIFFRACTION
8X21	2.33	X-RAY DIFFRACTION
8X22	2.31	X-RAY DIFFRACTION
8X4F	\N	SOLUTION NMR
8X51	2.92	ELECTRON MICROSCOPY
8X5D	3.1	ELECTRON MICROSCOPY
8X5V	2.0	X-RAY DIFFRACTION
8X6D	2.0	X-RAY DIFFRACTION
8X6F	3.7	ELECTRON MICROSCOPY
8X6G	3.3	ELECTRON MICROSCOPY
8X7I	3.27	ELECTRON MICROSCOPY
8X7J	3.39	ELECTRON MICROSCOPY
8X7K	3.27	ELECTRON MICROSCOPY
8XA9	2.32	X-RAY DIFFRACTION
8XAK	3.5	X-RAY DIFFRACTION
8XAS	2.346	X-RAY DIFFRACTION
8XAW	2.73	ELECTRON MICROSCOPY
8XAX	2.92	ELECTRON MICROSCOPY
8XAY	2.81	ELECTRON MICROSCOPY
8XBT	4.12	ELECTRON MICROSCOPY
8XBU	4.24	ELECTRON MICROSCOPY
8XBV	7.61	ELECTRON MICROSCOPY
8XBW	2.89	ELECTRON MICROSCOPY
8XBX	4.36	ELECTRON MICROSCOPY
8XBY	7.8	ELECTRON MICROSCOPY
8XC1	2.21	ELECTRON MICROSCOPY
8XC7	\N	SOLUTION NMR
8XCA	3.1	ELECTRON MICROSCOPY
8XCC	3.2	ELECTRON MICROSCOPY
8XEQ	\N	SOLUTION NMR
8XGC	3.7	ELECTRON MICROSCOPY
8XGW	\N	SOLUTION NMR
8XHV	2.81	ELECTRON MICROSCOPY
8XI2	2.6	ELECTRON MICROSCOPY
8XIC	\N	SOLUTION NMR
8XIH	3.2	ELECTRON MICROSCOPY
8XJ7	2.74	ELECTRON MICROSCOPY
8XJ8	2.67	ELECTRON MICROSCOPY
8XJV	3.6	ELECTRON MICROSCOPY
8XJW	2.84	ELECTRON MICROSCOPY
8XJX	2.78	ELECTRON MICROSCOPY
8XK0	2.96	ELECTRON MICROSCOPY
8XK3	2.76	ELECTRON MICROSCOPY
8XK4	2.94	ELECTRON MICROSCOPY
8XK7	2.0	X-RAY DIFFRACTION
8XK9	2.4	X-RAY DIFFRACTION
8XKO	3.29	ELECTRON MICROSCOPY
8XMB	3.4	ELECTRON MICROSCOPY
8XMC	3.1	ELECTRON MICROSCOPY
8XMD	3.4	ELECTRON MICROSCOPY
8XME	3.1	ELECTRON MICROSCOPY
8XP2	3.2	ELECTRON MICROSCOPY
8XP3	3.4	ELECTRON MICROSCOPY
8XP8	1.64	X-RAY DIFFRACTION
8XP9	2.34	X-RAY DIFFRACTION
8XPA	2.0	X-RAY DIFFRACTION
8XPB	2.0	X-RAY DIFFRACTION
8XPM	3.9	ELECTRON MICROSCOPY
8XPO	3.02	ELECTRON MICROSCOPY
8XPP	3.0	X-RAY DIFFRACTION
8XRF	2.94	X-RAY DIFFRACTION
8XRI	2.92	X-RAY DIFFRACTION
8XSX	2.4	ELECTRON MICROSCOPY
8XSY	3.0	ELECTRON MICROSCOPY
8XSZ	3.2	ELECTRON MICROSCOPY
8XT0	3.2	ELECTRON MICROSCOPY
8XT1	3.1	ELECTRON MICROSCOPY
8XT2	3.3	ELECTRON MICROSCOPY
8XT3	3.1	ELECTRON MICROSCOPY
8XU8	3.4	ELECTRON MICROSCOPY
8XVB	3.4	ELECTRON MICROSCOPY
8XXL	2.9	ELECTRON MICROSCOPY
8XXM	3.2	ELECTRON MICROSCOPY
8XXN	3.6	ELECTRON MICROSCOPY
8XYC	2.51	ELECTRON MICROSCOPY
8XZ3	3.6	ELECTRON MICROSCOPY
8XZE	2.34	X-RAY DIFFRACTION
8XZK	2.58	X-RAY DIFFRACTION
8XZL	2.13	X-RAY DIFFRACTION
8XZM	1.98	X-RAY DIFFRACTION
8XZN	1.82	X-RAY DIFFRACTION
8XZO	1.97	X-RAY DIFFRACTION
8XZP	2.18	X-RAY DIFFRACTION
8XZQ	1.83	X-RAY DIFFRACTION
8XZR	1.83	X-RAY DIFFRACTION
8XZW	1.91	X-RAY DIFFRACTION
8Y03	2.93	X-RAY DIFFRACTION
8Y04	3.71	X-RAY DIFFRACTION
8Y05	3.1	X-RAY DIFFRACTION
8Y06	3.99	X-RAY DIFFRACTION
8Y07	2.85	X-RAY DIFFRACTION
8Y08	3.64	X-RAY DIFFRACTION
8Y09	2.87	X-RAY DIFFRACTION
8Y0A	3.51	X-RAY DIFFRACTION
8Y0B	2.3	X-RAY DIFFRACTION
8Y0C	3.45	X-RAY DIFFRACTION
8Y0D	3.92	X-RAY DIFFRACTION
8Y0F	\N	SOLUTION NMR
8Y0U	3.59	ELECTRON MICROSCOPY
8Y0W	3.4	ELECTRON MICROSCOPY
8Y0X	3.3	ELECTRON MICROSCOPY
8Y1I	\N	SOLUTION NMR
8Y2I	2.92	ELECTRON MICROSCOPY
8Y2R	\N	SOLUTION NMR
8Y36	2.65	ELECTRON MICROSCOPY
8Y37	2.53	ELECTRON MICROSCOPY
8Y38	2.58	ELECTRON MICROSCOPY
8Y39	3.6	ELECTRON MICROSCOPY
8Y6O	3.38	ELECTRON MICROSCOPY
8Y6U	3.97	ELECTRON MICROSCOPY
8Y7E	4.66	ELECTRON MICROSCOPY
8Y7G	3.15	X-RAY DIFFRACTION
8Y7Z	2.57	ELECTRON MICROSCOPY
8Y80	3.38	ELECTRON MICROSCOPY
8Y82	3.4	ELECTRON MICROSCOPY
8YAM	2.15	X-RAY DIFFRACTION
8YAN	2.25	X-RAY DIFFRACTION
8YB6	3.06	ELECTRON MICROSCOPY
8YBJ	2.38	ELECTRON MICROSCOPY
8YBK	2.69	ELECTRON MICROSCOPY
8YDB	3.4	ELECTRON MICROSCOPY
8YDC	2.89	X-RAY DIFFRACTION
8YE6	2.95	ELECTRON MICROSCOPY
8YE9	3.43	ELECTRON MICROSCOPY
8YEO	3.44	ELECTRON MICROSCOPY
8YEY	2.0	X-RAY DIFFRACTION
8YFI	2.02	X-RAY DIFFRACTION
8YFJ	1.84	X-RAY DIFFRACTION
8YFQ	3.3	ELECTRON MICROSCOPY
8YGE	2.76	ELECTRON MICROSCOPY
8YGJ	3.2	ELECTRON MICROSCOPY
8YH9	3.35	ELECTRON MICROSCOPY
8YHA	3.4	ELECTRON MICROSCOPY
8YHD	2.93	ELECTRON MICROSCOPY
8YHE	3.07	ELECTRON MICROSCOPY
8YJH	3.68	ELECTRON MICROSCOPY
8YJL	3.51	ELECTRON MICROSCOPY
8YJQ	3.51	ELECTRON MICROSCOPY
8YJR	3.51	ELECTRON MICROSCOPY
8YJS	3.55	ELECTRON MICROSCOPY
8YJU	3.78	ELECTRON MICROSCOPY
8YJV	3.51	ELECTRON MICROSCOPY
8YJW	3.55	ELECTRON MICROSCOPY
8YJZ	5.15	ELECTRON MICROSCOPY
8YLD	3.9	ELECTRON MICROSCOPY
8YLG	1.8	X-RAY DIFFRACTION
8YLI	2.9	X-RAY DIFFRACTION
8YLR	3.9	ELECTRON MICROSCOPY
8YLU	2.8	ELECTRON MICROSCOPY
8YMZ	2.95	X-RAY DIFFRACTION
8YNO	1.3	X-RAY DIFFRACTION
8YO4	3.2	ELECTRON MICROSCOPY
8YO7	3.16	ELECTRON MICROSCOPY
8YON	6.73	ELECTRON MICROSCOPY
8YOO	2.0	ELECTRON MICROSCOPY
8YOP	2.2	ELECTRON MICROSCOPY
8YQZ	2.78	ELECTRON MICROSCOPY
8YRS	2.43	X-RAY DIFFRACTION
8YTI	2.7	X-RAY DIFFRACTION
8YUO	2.25	ELECTRON MICROSCOPY
8YUP	2.39	ELECTRON MICROSCOPY
8YUQ	2.41	ELECTRON MICROSCOPY
8YUR	2.47	ELECTRON MICROSCOPY
8YUS	2.43	ELECTRON MICROSCOPY
8YV8	3.0	ELECTRON MICROSCOPY
8YV9	2.14	X-RAY DIFFRACTION
8YVA	1.8	X-RAY DIFFRACTION
8YVB	1.9	X-RAY DIFFRACTION
8YXW	2.1	X-RAY DIFFRACTION
8YXX	2.65	X-RAY DIFFRACTION
8YZS	2.31	X-RAY DIFFRACTION
8YZT	2.58	X-RAY DIFFRACTION
8Z0K	2.51	ELECTRON MICROSCOPY
8Z0L	2.57	ELECTRON MICROSCOPY
8Z1F	4.3	ELECTRON MICROSCOPY
8Z1G	3.7	ELECTRON MICROSCOPY
8Z1P	2.83	X-RAY DIFFRACTION
8Z2N	2.3	X-RAY DIFFRACTION
8Z3K	3.19	ELECTRON MICROSCOPY
8Z3P	3.4	ELECTRON MICROSCOPY
8Z4J	2.97	ELECTRON MICROSCOPY
8Z4L	2.85	ELECTRON MICROSCOPY
8Z70	3.2	ELECTRON MICROSCOPY
8Z71	3.6	ELECTRON MICROSCOPY
8Z79	2.65	X-RAY DIFFRACTION
8Z85	2.3	ELECTRON MICROSCOPY
8Z8J	3.16	ELECTRON MICROSCOPY
8Z8N	2.79	ELECTRON MICROSCOPY
8Z8X	3.06	ELECTRON MICROSCOPY
8Z90	2.87	ELECTRON MICROSCOPY
8Z97	2.65	ELECTRON MICROSCOPY
8Z98	2.52	ELECTRON MICROSCOPY
8Z99	3.2	ELECTRON MICROSCOPY
8Z9C	3.01	ELECTRON MICROSCOPY
8Z9E	3.13	ELECTRON MICROSCOPY
8Z9H	2.7	ELECTRON MICROSCOPY
8Z9Q	2.33	ELECTRON MICROSCOPY
8Z9R	2.58	ELECTRON MICROSCOPY
8ZDY	3.6	ELECTRON MICROSCOPY
8ZLU	2.47	ELECTRON MICROSCOPY
8ZM3	3.1	ELECTRON MICROSCOPY
8ZNR	2.9	ELECTRON MICROSCOPY
8ZOL	2.55	ELECTRON MICROSCOPY
8ZP7	3.0	ELECTRON MICROSCOPY
8ZP9	2.8	ELECTRON MICROSCOPY
8ZWJ	3.1	ELECTRON MICROSCOPY
8ZWK	3.4	ELECTRON MICROSCOPY
8ZYC	2.99	ELECTRON MICROSCOPY
8ZYD	3.04	ELECTRON MICROSCOPY
9ANT	2.4	X-RAY DIFFRACTION
9ASH	2.58	ELECTRON MICROSCOPY
9ASI	2.79	ELECTRON MICROSCOPY
9ASM	2.8	ELECTRON MICROSCOPY
9ASN	3.2	ELECTRON MICROSCOPY
9ASO	2.9	ELECTRON MICROSCOPY
9ASP	3.2	ELECTRON MICROSCOPY
9ASQ	3.0	ELECTRON MICROSCOPY
9AUR	1.57	X-RAY DIFFRACTION
9AUS	2.07	X-RAY DIFFRACTION
9AVR	1.91	X-RAY DIFFRACTION
9AX7	2.63	ELECTRON MICROSCOPY
9AX8	2.6	ELECTRON MICROSCOPY
9AXT	2.4	ELECTRON MICROSCOPY
9AXU	1.94	ELECTRON MICROSCOPY
9AXV	2.4	ELECTRON MICROSCOPY
9B00	2.8	X-RAY DIFFRACTION
9B0L	2.99	ELECTRON MICROSCOPY
9B1D	3.3	ELECTRON MICROSCOPY
9B1E	4.4	ELECTRON MICROSCOPY
9B3P	3.0	ELECTRON MICROSCOPY
9B7Y	2.51	ELECTRON MICROSCOPY
9B8R	3.5	ELECTRON MICROSCOPY
9B8S	5.01	ELECTRON MICROSCOPY
9B8T	2.95	ELECTRON MICROSCOPY
9B8U	2.9	X-RAY DIFFRACTION
9BAQ	2.79	ELECTRON MICROSCOPY
9BCI	\N	SOLUTION NMR
9BCT	2.5	ELECTRON MICROSCOPY
9BCU	2.2	ELECTRON MICROSCOPY
9BCX	6.1	ELECTRON MICROSCOPY
9BDC	2.54	ELECTRON MICROSCOPY
9BDD	2.86	ELECTRON MICROSCOPY
9BDL	2.8	ELECTRON MICROSCOPY
9BDN	3.1	ELECTRON MICROSCOPY
9BDP	3.7	ELECTRON MICROSCOPY
9BDU	2.03	X-RAY DIFFRACTION
9BDV	1.9	X-RAY DIFFRACTION
9BDW	1.87	X-RAY DIFFRACTION
9BDX	3.6	X-RAY DIFFRACTION
9BDY	2.8	X-RAY DIFFRACTION
9BDZ	3.0	X-RAY DIFFRACTION
9BE0	2.5	X-RAY DIFFRACTION
9BE1	2.6	X-RAY DIFFRACTION
9BF5	3.07	ELECTRON MICROSCOPY
9BGK	3.28	ELECTRON MICROSCOPY
9BH5	2.63	ELECTRON MICROSCOPY
9BH8	3.6	ELECTRON MICROSCOPY
9BH9	3.5	ELECTRON MICROSCOPY
9BHA	3.5	ELECTRON MICROSCOPY
9BIH	3.24	ELECTRON MICROSCOPY
9BKD	2.6	ELECTRON MICROSCOPY
9BLM	\N	SOLUTION NMR
9BLN	3.9	ELECTRON MICROSCOPY
9BNA	1.9	X-RAY DIFFRACTION
9BS0	3.3	ELECTRON MICROSCOPY
9BS2	1.51	X-RAY DIFFRACTION
9BS3	2.69	X-RAY DIFFRACTION
9BS4	2.4	X-RAY DIFFRACTION
9BSL	3.1	ELECTRON MICROSCOPY
9BSS	3.1	ELECTRON MICROSCOPY
9BUN	2.1	X-RAY DIFFRACTION
9BVD	2.48	X-RAY DIFFRACTION
9BVT	3.4	X-RAY DIFFRACTION
9BW0	3.51	X-RAY DIFFRACTION
9BW1	3.65	ELECTRON MICROSCOPY
9BZ0	1.9	ELECTRON MICROSCOPY
9BZ1	2.8	X-RAY DIFFRACTION
9BZC	2.52	X-RAY DIFFRACTION
9C0I	2.91	ELECTRON MICROSCOPY
9C0J	3.17	ELECTRON MICROSCOPY
9C3H	2.0	ELECTRON MICROSCOPY
9C3I	3.1	ELECTRON MICROSCOPY
9C3S	2.16	X-RAY DIFFRACTION
9C3T	2.37	X-RAY DIFFRACTION
9C3U	2.77	X-RAY DIFFRACTION
9C4C	3.09	ELECTRON MICROSCOPY
9C4D	4.17	ELECTRON MICROSCOPY
9C4G	2.53	ELECTRON MICROSCOPY
9C5G	2.77	X-RAY DIFFRACTION
9C5Q	3.1	ELECTRON MICROSCOPY
9C68	1.82	X-RAY DIFFRACTION
9C69	2.4	X-RAY DIFFRACTION
9C6I	2.56	ELECTRON MICROSCOPY
9C6J	2.41	ELECTRON MICROSCOPY
9C6K	2.94	ELECTRON MICROSCOPY
9C6Q	3.18	ELECTRON MICROSCOPY
9C77	3.2	ELECTRON MICROSCOPY
9C7A	1.4	X-RAY DIFFRACTION
9C7B	1.4	X-RAY DIFFRACTION
9C9M	2.01	ELECTRON MICROSCOPY
9C9P	3.1	ELECTRON MICROSCOPY
9C9Y	3.35	ELECTRON MICROSCOPY
9CA0	3.48	ELECTRON MICROSCOPY
9CA1	3.26	ELECTRON MICROSCOPY
9CAI	2.59	ELECTRON MICROSCOPY
9CAQ	3.2	ELECTRON MICROSCOPY
9CAY	3.17	ELECTRON MICROSCOPY
9CBU	2.2	ELECTRON MICROSCOPY
9CBW	2.3	ELECTRON MICROSCOPY
9CBX	2.2	ELECTRON MICROSCOPY
9CBY	2.3	ELECTRON MICROSCOPY
9CDB	3.6	ELECTRON MICROSCOPY
9CER	4.7	ELECTRON MICROSCOPY
9CES	3.28	ELECTRON MICROSCOPY
9CET	3.0	ELECTRON MICROSCOPY
9CEU	3.29	ELECTRON MICROSCOPY
9CEV	3.26	ELECTRON MICROSCOPY
9CEW	2.88	ELECTRON MICROSCOPY
9CEX	3.27	ELECTRON MICROSCOPY
9CEY	3.22	ELECTRON MICROSCOPY
9CEZ	3.41	ELECTRON MICROSCOPY
9CF0	3.47	ELECTRON MICROSCOPY
9CF1	3.52	ELECTRON MICROSCOPY
9CF2	3.15	ELECTRON MICROSCOPY
9CF3	3.2	ELECTRON MICROSCOPY
9CG5	2.59	ELECTRON MICROSCOPY
9CG6	2.61	ELECTRON MICROSCOPY
9CG7	2.75	ELECTRON MICROSCOPY
9CGU	3.0	ELECTRON MICROSCOPY
9CHW	2.16	X-RAY DIFFRACTION
9CI9	2.09	X-RAY DIFFRACTION
9CIH	2.15	X-RAY DIFFRACTION
9CIQ	2.8	X-RAY DIFFRACTION
9CJ6	1.55	X-RAY DIFFRACTION
9CJ9	2.98	X-RAY DIFFRACTION
9CJH	3.6	ELECTRON MICROSCOPY
9CJI	3.4	ELECTRON MICROSCOPY
9CJJ	3.5	ELECTRON MICROSCOPY
9CL9	5.04	ELECTRON MICROSCOPY
9CMP	3.3	ELECTRON MICROSCOPY
9CPD	\N	SOLUTION NMR
9CPG	\N	SOLUTION NMR
9CPI	\N	SOLUTION NMR
9CPJ	\N	SOLUTION NMR
9CPO	3.5	ELECTRON MICROSCOPY
9D0J	2.5	X-RAY DIFFRACTION
9D2X	2.29	X-RAY DIFFRACTION
9D5J	2.8	X-RAY DIFFRACTION
9D5K	2.697	X-RAY DIFFRACTION
9D7R	2.7	X-RAY DIFFRACTION
9D7S	2.85	X-RAY DIFFRACTION
9D7T	2.7	X-RAY DIFFRACTION
9D85	3.59	ELECTRON MICROSCOPY
9DBY	2.8	ELECTRON MICROSCOPY
9DDE	3.2	ELECTRON MICROSCOPY
9DFC	2.5	X-RAY DIFFRACTION
9DFD	2.6	X-RAY DIFFRACTION
9DFE	2.6	X-RAY DIFFRACTION
9DG1	5.2	ELECTRON MICROSCOPY
9DG3	3.46	ELECTRON MICROSCOPY
9DGG	2.98	ELECTRON MICROSCOPY
9DLL	\N	SOLUTION NMR
9DN4	1.9	X-RAY DIFFRACTION
9DNA	1.8	X-RAY DIFFRACTION
9DP1	2.29	X-RAY DIFFRACTION
9DP2	1.99	X-RAY DIFFRACTION
9DP3	2.1	X-RAY DIFFRACTION
9DP4	2.25	X-RAY DIFFRACTION
9DR1	3.7	ELECTRON MICROSCOPY
9DTR	2.31	ELECTRON MICROSCOPY
9DTT	3.6	ELECTRON MICROSCOPY
9DXL	2.8	X-RAY DIFFRACTION
9DYG	5.27	ELECTRON MICROSCOPY
9DZM	2.54	X-RAY DIFFRACTION
9E6Q	1.95	ELECTRON MICROSCOPY
9E71	2.36	ELECTRON MICROSCOPY
9E7F	2.53	ELECTRON MICROSCOPY
9ECO	2.83	ELECTRON MICROSCOPY
9EGX	2.9	ELECTRON MICROSCOPY
9EGY	2.9	ELECTRON MICROSCOPY
9EGZ	2.9	ELECTRON MICROSCOPY
9EH0	3.6	ELECTRON MICROSCOPY
9EH1	3.1	ELECTRON MICROSCOPY
9EH2	3.1	ELECTRON MICROSCOPY
9EMI	2.27	X-RAY DIFFRACTION
9EN6	0.918	X-RAY DIFFRACTION
9ENB	2.66	ELECTRON MICROSCOPY
9ENC	3.36	ELECTRON MICROSCOPY
9ENE	3.15	ELECTRON MICROSCOPY
9ENF	2.97	ELECTRON MICROSCOPY
9ENP	2.12	ELECTRON MICROSCOPY
9ENQ	2.12	ELECTRON MICROSCOPY
9EOQ	7.5	ELECTRON MICROSCOPY
9EOW	\N	SOLUTION NMR
9EOZ	3.1	ELECTRON MICROSCOPY
9ER2	3.3	ELECTRON MICROSCOPY
9ERE	2.82	ELECTRON MICROSCOPY
9ERF	2.64	ELECTRON MICROSCOPY
9ESH	3.2	ELECTRON MICROSCOPY
9ESI	3.1	ELECTRON MICROSCOPY
9EY0	2.78	ELECTRON MICROSCOPY
9EY1	2.9	ELECTRON MICROSCOPY
9EY2	2.96	ELECTRON MICROSCOPY
9EYI	2.75	ELECTRON MICROSCOPY
9EYJ	2.97	ELECTRON MICROSCOPY
9EYK	2.84	ELECTRON MICROSCOPY
9EZY	2.56	ELECTRON MICROSCOPY
9EZZ	1.95	X-RAY DIFFRACTION
9F0E	1.85	X-RAY DIFFRACTION
9F1B	3.01	ELECTRON MICROSCOPY
9F1C	3.78	ELECTRON MICROSCOPY
9F1D	3.26	ELECTRON MICROSCOPY
9F2R	1.959	X-RAY DIFFRACTION
9F37	1.905	X-RAY DIFFRACTION
9F3D	\N	SOLUTION NMR
9F3E	\N	SOLUTION NMR
9F67	2.8	ELECTRON MICROSCOPY
9F6D	3.6	ELECTRON MICROSCOPY
9F6E	3.74	ELECTRON MICROSCOPY
9F6F	3.75	ELECTRON MICROSCOPY
9F6I	3.3	ELECTRON MICROSCOPY
9F6J	3.9	ELECTRON MICROSCOPY
9F6K	4.2	ELECTRON MICROSCOPY
9F6L	3.9	ELECTRON MICROSCOPY
9F7D	2.0	X-RAY DIFFRACTION
9F7G	1.55	X-RAY DIFFRACTION
9F7L	2.2	X-RAY DIFFRACTION
9F7M	1.65	X-RAY DIFFRACTION
9F9S	2.9	ELECTRON MICROSCOPY
9FBV	2.4	ELECTRON MICROSCOPY
9FBW	4.4	ELECTRON MICROSCOPY
9FD2	3.4	ELECTRON MICROSCOPY
9FFB	3.59	ELECTRON MICROSCOPY
9FFF	3.68	ELECTRON MICROSCOPY
9FGQ	2.5	ELECTRON MICROSCOPY
9FH9	2.5	ELECTRON MICROSCOPY
9FI8	3.6	ELECTRON MICROSCOPY
9FIA	3.29	ELECTRON MICROSCOPY
9FM3	2.59	X-RAY DIFFRACTION
9FMD	3.3	ELECTRON MICROSCOPY
9FMF	2.1	X-RAY DIFFRACTION
9FO8	\N	SOLUTION NMR
9FO9	\N	SOLUTION NMR
9FOY	2.8	X-RAY DIFFRACTION
9FPZ	2.69	ELECTRON MICROSCOPY
9FQ0	4.67	ELECTRON MICROSCOPY
9FVD	3.2	ELECTRON MICROSCOPY
9FZ6	2.58	X-RAY DIFFRACTION
9G6K	2.89	ELECTRON MICROSCOPY
9G7C	3.27	ELECTRON MICROSCOPY
9G8M	3.3	ELECTRON MICROSCOPY
9G8N	3.7	ELECTRON MICROSCOPY
9G8O	3.4	ELECTRON MICROSCOPY
9G8P	7.0	ELECTRON MICROSCOPY
9GBV	2.32	ELECTRON MICROSCOPY
9GC3	2.46	ELECTRON MICROSCOPY
9GCH	1.9	ELECTRON MICROSCOPY
9GCK	3.7	ELECTRON MICROSCOPY
9GD0	2.8	ELECTRON MICROSCOPY
9GD1	4.0	ELECTRON MICROSCOPY
9GD2	4.2	ELECTRON MICROSCOPY
9GD3	3.0	ELECTRON MICROSCOPY
9GDM	\N	SOLUTION NMR
9GEF	2.62	X-RAY DIFFRACTION
9GGQ	2.6	ELECTRON MICROSCOPY
9GMO	2.59	ELECTRON MICROSCOPY
9GMW	3.0	ELECTRON MICROSCOPY
9GMX	2.82	ELECTRON MICROSCOPY
9GPJ	1.53	X-RAY DIFFRACTION
9GR1	3.17	ELECTRON MICROSCOPY
9GS9	2.6	ELECTRON MICROSCOPY
9GUP	2.8	ELECTRON MICROSCOPY
9GUQ	3.1	ELECTRON MICROSCOPY
9GUR	4.2	ELECTRON MICROSCOPY
9GUS	3.5	ELECTRON MICROSCOPY
9GUT	2.8	ELECTRON MICROSCOPY
9GUU	2.5	ELECTRON MICROSCOPY
9GUV	3.0	ELECTRON MICROSCOPY
9GUW	3.1	ELECTRON MICROSCOPY
9GUX	3.3	ELECTRON MICROSCOPY
9H82	7.29	ELECTRON MICROSCOPY
9H83	7.8	ELECTRON MICROSCOPY
9H86	9.3	ELECTRON MICROSCOPY
9H8A	9.6	ELECTRON MICROSCOPY
9ICA	3.0	X-RAY DIFFRACTION
9ICB	3.2	X-RAY DIFFRACTION
9ICC	3.1	X-RAY DIFFRACTION
9ICE	3.3	X-RAY DIFFRACTION
9ICF	3.0	X-RAY DIFFRACTION
9ICG	3.0	X-RAY DIFFRACTION
9ICH	2.9	X-RAY DIFFRACTION
9ICI	3.1	X-RAY DIFFRACTION
9ICJ	3.1	X-RAY DIFFRACTION
9ICK	2.7	X-RAY DIFFRACTION
9ICL	2.8	X-RAY DIFFRACTION
9ICM	2.9	X-RAY DIFFRACTION
9ICN	3.0	X-RAY DIFFRACTION
9ICO	2.9	X-RAY DIFFRACTION
9ICP	3.1	X-RAY DIFFRACTION
9ICQ	2.9	X-RAY DIFFRACTION
9ICR	3.0	X-RAY DIFFRACTION
9ICS	2.9	X-RAY DIFFRACTION
9ICT	3.0	X-RAY DIFFRACTION
9ICU	2.9	X-RAY DIFFRACTION
9ICV	2.7	X-RAY DIFFRACTION
9ICW	2.6	X-RAY DIFFRACTION
9ICX	2.6	X-RAY DIFFRACTION
9ICY	3.0	X-RAY DIFFRACTION
9IIY	3.0	ELECTRON MICROSCOPY
9IIZ	3.8	ELECTRON MICROSCOPY
9IJ0	3.2	ELECTRON MICROSCOPY
9IJ1	3.2	ELECTRON MICROSCOPY
9IJ2	3.9	ELECTRON MICROSCOPY
9IJ3	2.6	ELECTRON MICROSCOPY
9IJ5	2.8	ELECTRON MICROSCOPY
9IMB	2.9	X-RAY DIFFRACTION
9IPU	4.3	ELECTRON MICROSCOPY
9IW3	3.58	ELECTRON MICROSCOPY
9IX4	2.96	ELECTRON MICROSCOPY
9IXM	3.26	ELECTRON MICROSCOPY
9J8P	3.21	ELECTRON MICROSCOPY
9JA1	2.98	ELECTRON MICROSCOPY
9JM0	2.7	ELECTRON MICROSCOPY
9JPJ	3.72	X-RAY DIFFRACTION
9JVN	\N	SOLUTION NMR
9JXS	2.93	ELECTRON MICROSCOPY
9KZP	\N	SOLUTION NMR
9MHT	2.39	X-RAY DIFFRACTION
